2026-05-24 05:17:56.820 [main] INFO  org.testng.internal.Utils.info - [TestNG] Running:
  D:\1. Projects\_Testing\AutomationTesting\CompanyProjects\Infosys\TDG_HybridFramework\testng-suites\NewTestCasesSuite.xml

2026-05-24 05:25:29.403 [main] INFO  org.testng.internal.Utils.info - [TestNG] Running:
  D:\1. Projects\_Testing\AutomationTesting\CompanyProjects\Infosys\TDG_HybridFramework\testng-suites\NewTestCasesSuite.xml

2026-05-24 05:26:07.134 [main] INFO  org.testng.internal.Utils.info - [TestNG] Running:
  D:\1. Projects\_Testing\AutomationTesting\CompanyProjects\Infosys\TDG_HybridFramework\testng-suites\NewTestCasesSuite.xml

2026-05-24 05:26:07.733 [main] INFO  testCases.login.LoginTest.setup - >>======>>======>> Automation Engineer (SDET)- Vaibhav Chavan <<======<<======<<
2026-05-24 05:26:07.734 [main] INFO  testCases.login.LoginTest.setup - --test execution started--
2026-05-24 05:27:09.377 [main] INFO  testCases.login.LoginTest.log - setup - browser opened
2026-05-24 05:27:35.054 [main] INFO  testCases.login.LoginTest.log - setup - cookies deleted
2026-05-24 05:27:44.164 [main] INFO  testCases.login.LoginTest.log - setup - browser maximized
2026-05-24 05:27:51.422 [main] INFO  testCases.login.LoginTest.log - setup - implicit wait applied for 10 seconds
2026-05-24 05:28:09.979 [main] INFO  testCases.login.LoginTest.log - setup - provided app URL in browser
2026-05-24 05:32:22.603 [main] INFO  org.testng.internal.Utils.info - [TestNG] Running:
  D:\1. Projects\_Testing\AutomationTesting\CompanyProjects\Infosys\TDG_HybridFramework\testng-suites\NewTestCasesSuite.xml

2026-05-24 05:32:23.024 [main] INFO  testCases.login.LoginTest.setup - >>======>>======>> Automation Engineer (SDET)- Vaibhav Chavan <<======<<======<<
2026-05-24 05:32:23.024 [main] INFO  testCases.login.LoginTest.setup - --test execution started--
2026-05-24 05:32:25.609 [main] INFO  testCases.login.LoginTest.log - setup - browser opened
2026-05-24 05:32:25.633 [main] INFO  testCases.login.LoginTest.log - setup - cookies deleted
2026-05-24 05:32:25.669 [main] INFO  testCases.login.LoginTest.log - setup - browser maximized
2026-05-24 05:32:25.675 [main] INFO  testCases.login.LoginTest.log - setup - implicit wait applied for 10 seconds
2026-05-24 05:32:28.424 [main] INFO  testCases.login.LoginTest.log - setup - provided app URL in browser
2026-05-24 05:34:13.168 [main] INFO  org.testng.internal.Utils.info - [TestNG] Running:
  D:\1. Projects\_Testing\AutomationTesting\CompanyProjects\Infosys\TDG_HybridFramework\testng-suites\NewTestCasesSuite.xml

2026-05-24 05:34:13.600 [main] INFO  testCases.login.LoginTest.setup - >>======>>======>> Automation Engineer (SDET)- Vaibhav Chavan <<======<<======<<
2026-05-24 05:34:13.600 [main] INFO  testCases.login.LoginTest.setup - --test execution started--
2026-05-24 05:34:15.912 [main] INFO  testCases.login.LoginTest.log - setup - browser opened
2026-05-24 05:34:15.936 [main] INFO  testCases.login.LoginTest.log - setup - cookies deleted
2026-05-24 05:34:16.016 [main] INFO  testCases.login.LoginTest.log - setup - browser maximized
2026-05-24 05:34:16.024 [main] INFO  testCases.login.LoginTest.log - setup - implicit wait applied for 10 seconds
2026-05-24 05:34:16.747 [main] INFO  testCases.login.LoginTest.log - setup - provided app URL in browser
2026-05-24 05:41:46.147 [main] INFO  org.testng.internal.Utils.info - [TestNG] Running:
  D:\1. Projects\_Testing\AutomationTesting\CompanyProjects\Infosys\TDG_HybridFramework\testng-suites\NewTestCasesSuite.xml

2026-05-24 05:41:46.678 [main] INFO  testCases.login.LoginTest.setup - >>======>>======>> Automation Engineer (SDET)- Vaibhav Chavan <<======<<======<<
2026-05-24 05:41:46.679 [main] INFO  testCases.login.LoginTest.setup - --test execution started--
2026-05-24 05:41:49.805 [main] INFO  testCases.login.LoginTest.log - setup - browser opened
2026-05-24 05:41:49.837 [main] INFO  testCases.login.LoginTest.log - setup - cookies deleted
2026-05-24 05:41:49.888 [main] INFO  testCases.login.LoginTest.log - setup - browser maximized
2026-05-24 05:41:49.890 [main] INFO  testCases.login.LoginTest.log - setup - implicit wait applied for 10 seconds
2026-05-24 05:41:50.775 [main] INFO  testCases.login.LoginTest.log - setup - provided app URL in browser
2026-05-24 05:43:07.199 [main] INFO  testCases.login.LoginTest.log - setup - provided email
2026-05-24 05:45:45.669 [main] INFO  org.testng.internal.Utils.info - [TestNG] Running:
  D:\1. Projects\_Testing\AutomationTesting\CompanyProjects\Infosys\TDG_HybridFramework\testng-suites\NewTestCasesSuite.xml

2026-05-24 05:45:46.462 [main] INFO  testCases.login.LoginTest.setup - >>======>>======>> Automation Engineer (SDET)- Vaibhav Chavan <<======<<======<<
2026-05-24 05:45:46.463 [main] INFO  testCases.login.LoginTest.setup - --test execution started--
2026-05-24 05:45:49.767 [main] INFO  testCases.login.LoginTest.log - setup - browser opened
2026-05-24 05:45:49.798 [main] INFO  testCases.login.LoginTest.log - setup - cookies deleted
2026-05-24 05:45:49.838 [main] INFO  testCases.login.LoginTest.log - setup - browser maximized
2026-05-24 05:45:49.858 [main] INFO  testCases.login.LoginTest.log - setup - implicit wait applied for 10 seconds
2026-05-24 05:45:53.638 [main] INFO  testCases.login.LoginTest.log - setup - provided app URL in browser
2026-05-24 05:45:56.392 [main] INFO  testCases.login.LoginTest.log - setup - provided email
2026-05-24 05:52:53.311 [main] INFO  org.testng.internal.Utils.info - [TestNG] Running:
  D:\1. Projects\_Testing\AutomationTesting\CompanyProjects\Infosys\TDG_HybridFramework\testng-suites\NewTestCasesSuite.xml

2026-05-24 05:52:53.944 [main] INFO  testCases.login.LoginTest.setup - >>======>>======>> Automation Engineer (SDET)- Vaibhav Chavan <<======<<======<<
2026-05-24 05:52:53.945 [main] INFO  testCases.login.LoginTest.setup - --test execution started--
2026-05-24 05:52:56.211 [main] INFO  testCases.login.LoginTest.log - setup - browser opened
2026-05-24 05:52:56.275 [main] INFO  testCases.login.LoginTest.log - setup - cookies deleted
2026-05-24 05:52:56.311 [main] INFO  testCases.login.LoginTest.log - setup - browser maximized
2026-05-24 05:52:56.311 [main] INFO  testCases.login.LoginTest.log - setup - implicit wait applied for 10 seconds
2026-05-24 05:52:57.067 [main] INFO  testCases.login.LoginTest.log - setup - provided app URL in browser
2026-05-24 05:53:02.292 [main] INFO  testCases.login.LoginTest.log - setup - provided email
2026-05-24 06:00:33.675 [main] INFO  org.testng.internal.Utils.info - [TestNG] Running:
  D:\1. Projects\_Testing\AutomationTesting\CompanyProjects\Infosys\TDG_HybridFramework\testng-suites\NewTestCasesSuite.xml

2026-05-24 06:00:34.260 [main] INFO  testCases.login.LoginTest.setup - >>======>>======>> Automation Engineer (SDET)- Vaibhav Chavan <<======<<======<<
2026-05-24 06:00:34.261 [main] INFO  testCases.login.LoginTest.setup - --test execution started--
2026-05-24 06:00:37.596 [main] INFO  testCases.login.LoginTest.log - setup - browser opened
2026-05-24 06:00:37.638 [main] INFO  testCases.login.LoginTest.log - setup - cookies deleted
2026-05-24 06:00:37.751 [main] INFO  testCases.login.LoginTest.log - setup - browser maximized
2026-05-24 06:00:37.794 [main] INFO  testCases.login.LoginTest.log - setup - implicit wait applied for 10 seconds
2026-05-24 06:00:41.234 [main] INFO  testCases.login.LoginTest.log - setup - provided app URL in browser
2026-05-24 06:00:43.991 [main] INFO  testCases.login.LoginTest.log - setup - provided email
2026-05-24 06:05:59.674 [main] INFO  org.testng.internal.Utils.info - [TestNG] Running:
  D:\1. Projects\_Testing\AutomationTesting\CompanyProjects\Infosys\TDG_HybridFramework\testng-suites\NewTestCasesSuite.xml

2026-05-24 06:06:00.194 [main] INFO  testCases.login.LoginTest.setup - >>======>>======>> Automation Engineer (SDET)- Vaibhav Chavan <<======<<======<<
2026-05-24 06:06:00.198 [main] INFO  testCases.login.LoginTest.setup - --test execution started--
2026-05-24 06:06:02.557 [main] INFO  testCases.login.LoginTest.log - setup - browser opened
2026-05-24 06:06:02.589 [main] INFO  testCases.login.LoginTest.log - setup - cookies deleted
2026-05-24 06:06:02.628 [main] INFO  testCases.login.LoginTest.log - setup - browser maximized
2026-05-24 06:06:02.640 [main] INFO  testCases.login.LoginTest.log - setup - implicit wait applied for 10 seconds
2026-05-24 06:06:05.361 [main] INFO  testCases.login.LoginTest.log - setup - provided app URL in browser
2026-05-24 06:06:07.968 [main] INFO  testCases.login.LoginTest.log - setup - provided email
2026-05-24 11:37:08.797 [main] INFO  testCases.login.LoginTest.log - setup - clicked on log in button
2026-05-24 11:57:06.060 [main] INFO  org.testng.internal.Utils.info - [TestNG] Running:
  D:\1. Projects\_Testing\AutomationTesting\CompanyProjects\Infosys\TDG_HybridFramework\testng-suites\NewTestCasesSuite.xml

2026-05-24 11:57:06.736 [main] INFO  testCases.login.LoginTest.setup - >>======>>======>> Automation Engineer (SDET)- Vaibhav Chavan <<======<<======<<
2026-05-24 11:57:06.737 [main] INFO  testCases.login.LoginTest.setup - --test execution started--
2026-05-24 11:57:11.277 [main] INFO  testCases.login.LoginTest.log - setup - browser opened
2026-05-24 11:57:11.306 [main] INFO  testCases.login.LoginTest.log - setup - cookies deleted
2026-05-24 11:57:11.350 [main] INFO  testCases.login.LoginTest.log - setup - browser maximized
2026-05-24 11:57:11.373 [main] INFO  testCases.login.LoginTest.log - setup - implicit wait applied for 10 seconds
2026-05-24 11:57:14.443 [main] INFO  testCases.login.LoginTest.log - setup - provided app URL in browser
2026-05-24 11:57:16.971 [main] INFO  testCases.login.LoginTest.log - setup - provided email
2026-05-24 12:38:21.261 [main] INFO  org.testng.internal.Utils.info - [TestNG] Running:
  D:\1. Projects\_Testing\AutomationTesting\CompanyProjects\Infosys\TDG_HybridFramework\testng-suites\NewTestCasesSuite.xml

2026-05-24 12:38:22.401 [main] INFO  testCases.login.LoginTest.setup - >>======>>======>> Automation Engineer (SDET)- Vaibhav Chavan <<======<<======<<
2026-05-24 12:38:22.401 [main] INFO  testCases.login.LoginTest.setup - --test execution started--
2026-05-24 12:38:27.279 [main] INFO  testCases.login.LoginTest.log - setup - browser opened
2026-05-24 12:38:27.315 [main] INFO  testCases.login.LoginTest.log - setup - cookies deleted
2026-05-24 12:38:27.378 [main] INFO  testCases.login.LoginTest.log - setup - browser maximized
2026-05-24 12:38:27.391 [main] INFO  testCases.login.LoginTest.log - setup - implicit wait applied for 10 seconds
2026-05-24 12:38:30.431 [main] INFO  testCases.login.LoginTest.log - setup - provided app URL in browser
2026-05-24 12:38:33.571 [main] INFO  testCases.login.LoginTest.log - setup - provided email
2026-05-24 12:38:33.810 [main] INFO  testCases.login.LoginTest.log - setup - clicked on log in button
2026-05-24 12:41:01.628 [main] INFO  org.testng.internal.Utils.info - [TestNG] Running:
  D:\1. Projects\_Testing\AutomationTesting\CompanyProjects\Infosys\TDG_HybridFramework\testng-suites\NewTestCasesSuite.xml

2026-05-24 12:41:02.430 [main] INFO  testCases.login.LoginTest.setup - >>======>>======>> Automation Engineer (SDET)- Vaibhav Chavan <<======<<======<<
2026-05-24 12:41:02.430 [main] INFO  testCases.login.LoginTest.setup - --test execution started--
2026-05-24 12:41:06.552 [main] INFO  testCases.login.LoginTest.log - setup - browser opened
2026-05-24 12:41:06.579 [main] INFO  testCases.login.LoginTest.log - setup - cookies deleted
2026-05-24 12:41:06.630 [main] INFO  testCases.login.LoginTest.log - setup - browser maximized
2026-05-24 12:41:06.640 [main] INFO  testCases.login.LoginTest.log - setup - implicit wait applied for 10 seconds
2026-05-24 12:41:10.024 [main] INFO  testCases.login.LoginTest.log - setup - provided app URL in browser
2026-05-24 12:41:13.236 [main] INFO  testCases.login.LoginTest.log - setup - provided email
2026-05-24 12:41:13.419 [main] INFO  testCases.login.LoginTest.log - setup - clicked on log in button
2026-05-24 12:41:46.194 [main] INFO  testCases.login.LoginTest.log - openSidebar - Clicked on hamburger icon to open the sidebar
2026-05-24 12:41:50.246 [main] INFO  testCases.login.LoginTest.log - prepareNavigation - Opened sidebar
2026-05-24 12:42:16.147 [main] INFO  org.testng.internal.Utils.info - [TestNG] Running:
  D:\1. Projects\_Testing\AutomationTesting\CompanyProjects\Infosys\TDG_HybridFramework\testng-suites\NewTestCasesSuite.xml

2026-05-24 12:42:16.843 [main] INFO  testCases.login.LoginTest.setup - >>======>>======>> Automation Engineer (SDET)- Vaibhav Chavan <<======<<======<<
2026-05-24 12:42:16.843 [main] INFO  testCases.login.LoginTest.setup - --test execution started--
2026-05-24 12:42:20.712 [main] INFO  testCases.login.LoginTest.log - setup - browser opened
2026-05-24 12:42:20.744 [main] INFO  testCases.login.LoginTest.log - setup - cookies deleted
2026-05-24 12:42:20.791 [main] INFO  testCases.login.LoginTest.log - setup - browser maximized
2026-05-24 12:42:20.801 [main] INFO  testCases.login.LoginTest.log - setup - implicit wait applied for 10 seconds
2026-05-24 12:42:23.781 [main] INFO  testCases.login.LoginTest.log - setup - provided app URL in browser
2026-05-24 12:42:26.636 [main] INFO  testCases.login.LoginTest.log - setup - provided email
2026-05-24 12:42:26.872 [main] INFO  testCases.login.LoginTest.log - setup - clicked on log in button
2026-05-24 12:43:01.857 [main] INFO  testCases.login.LoginTest.log - openSidebar - Clicked on hamburger icon to open the sidebar
2026-05-24 12:43:01.857 [main] INFO  testCases.login.LoginTest.log - prepareNavigation - Opened sidebar
2026-05-24 12:43:31.492 [main] INFO  org.testng.internal.Utils.info - [TestNG] Running:
  D:\1. Projects\_Testing\AutomationTesting\CompanyProjects\Infosys\TDG_HybridFramework\testng-suites\NewTestCasesSuite.xml

2026-05-24 12:43:32.468 [main] INFO  testCases.login.LoginTest.setup - >>======>>======>> Automation Engineer (SDET)- Vaibhav Chavan <<======<<======<<
2026-05-24 12:43:32.468 [main] INFO  testCases.login.LoginTest.setup - --test execution started--
2026-05-24 12:43:36.912 [main] INFO  testCases.login.LoginTest.log - setup - browser opened
2026-05-24 12:43:36.955 [main] INFO  testCases.login.LoginTest.log - setup - cookies deleted
2026-05-24 12:43:37.011 [main] INFO  testCases.login.LoginTest.log - setup - browser maximized
2026-05-24 12:43:37.020 [main] INFO  testCases.login.LoginTest.log - setup - implicit wait applied for 10 seconds
2026-05-24 12:43:43.946 [main] INFO  testCases.login.LoginTest.log - setup - provided app URL in browser
2026-05-24 12:43:46.520 [main] INFO  testCases.login.LoginTest.log - setup - provided email
2026-05-24 12:43:46.702 [main] INFO  testCases.login.LoginTest.log - setup - clicked on log in button
2026-05-24 12:54:26.318 [main] INFO  org.testng.internal.Utils.info - [TestNG] Running:
  D:\1. Projects\_Testing\AutomationTesting\CompanyProjects\Infosys\TDG_HybridFramework\testng-suites\NewTestCasesSuite.xml

2026-05-24 12:54:27.218 [main] INFO  testCases.login.LoginTest.setup - >>======>>======>> Automation Engineer (SDET)- Vaibhav Chavan <<======<<======<<
2026-05-24 12:54:27.218 [main] INFO  testCases.login.LoginTest.setup - --test execution started--
2026-05-24 12:54:32.094 [main] INFO  testCases.login.LoginTest.log - setup - browser opened
2026-05-24 12:54:32.133 [main] INFO  testCases.login.LoginTest.log - setup - cookies deleted
2026-05-24 12:54:32.182 [main] INFO  testCases.login.LoginTest.log - setup - browser maximized
2026-05-24 12:54:32.204 [main] INFO  testCases.login.LoginTest.log - setup - implicit wait applied for 10 seconds
2026-05-24 12:54:35.642 [main] INFO  testCases.login.LoginTest.log - setup - provided app URL in browser
2026-05-24 12:54:38.973 [main] INFO  testCases.login.LoginTest.log - setup - provided email
2026-05-24 12:54:39.171 [main] INFO  testCases.login.LoginTest.log - setup - clicked on log in button
2026-05-24 13:01:37.862 [main] INFO  testCases.login.LoginTest.log - openSidebar - Clicked on hamburger icon to open the sidebar
2026-05-24 13:01:37.873 [main] INFO  testCases.login.LoginTest.log - prepareNavigation - Opened sidebar
2026-05-24 13:03:51.146 [main] INFO  org.testng.internal.Utils.info - [TestNG] Running:
  D:\1. Projects\_Testing\AutomationTesting\CompanyProjects\Infosys\TDG_HybridFramework\testng-suites\NewTestCasesSuite.xml

2026-05-24 13:03:52.266 [main] INFO  testCases.login.LoginTest.setup - >>======>>======>> Automation Engineer (SDET)- Vaibhav Chavan <<======<<======<<
2026-05-24 13:03:52.266 [main] INFO  testCases.login.LoginTest.setup - --test execution started--
2026-05-24 13:03:57.224 [main] INFO  testCases.login.LoginTest.log - setup - browser opened
2026-05-24 13:03:57.248 [main] INFO  testCases.login.LoginTest.log - setup - cookies deleted
2026-05-24 13:03:57.296 [main] INFO  testCases.login.LoginTest.log - setup - browser maximized
2026-05-24 13:03:57.306 [main] INFO  testCases.login.LoginTest.log - setup - implicit wait applied for 10 seconds
2026-05-24 13:04:00.927 [main] INFO  testCases.login.LoginTest.log - setup - provided app URL in browser
2026-05-24 13:04:04.152 [main] INFO  testCases.login.LoginTest.log - setup - provided email
2026-05-24 13:04:04.341 [main] INFO  testCases.login.LoginTest.log - setup - clicked on log in button
2026-05-24 16:02:34.751 [main] INFO  testCases.login.LoginTest.log - openSidebar - Clicked on hamburger icon to open the sidebar
2026-05-24 16:02:34.767 [main] INFO  testCases.login.LoginTest.log - prepareNavigation - Opened sidebar
2026-05-25 18:26:58.612 [main] INFO  org.testng.internal.Utils.info - [TestNG] Running:
  C:\Vaibhav\Automation\TDG_HybridFramework\testng-suites\NewTestCasesSuite.xml

2026-05-25 18:26:59.229 [main] INFO  testCases.greenLanes.GreenLanesTest.setup - >>======>>======>> Automation Engineer (SDET)- Vaibhav Chavan <<======<<======<<
2026-05-25 18:26:59.230 [main] INFO  testCases.greenLanes.GreenLanesTest.setup - --test execution started--
2026-05-25 18:27:13.447 [main] INFO  testCases.greenLanes.GreenLanesTest.log - setup - browser opened
2026-05-25 18:27:13.514 [main] INFO  testCases.greenLanes.GreenLanesTest.log - setup - cookies deleted
2026-05-25 18:27:13.590 [main] INFO  testCases.greenLanes.GreenLanesTest.log - setup - browser maximized
2026-05-25 18:27:13.631 [main] INFO  testCases.greenLanes.GreenLanesTest.log - setup - implicit wait applied for 10 seconds
2026-05-25 18:27:19.384 [main] INFO  testCases.greenLanes.GreenLanesTest.log - setup - provided app URL in browser
2026-05-25 18:27:22.454 [main] INFO  testCases.greenLanes.GreenLanesTest.log - setup - provided email
2026-05-25 18:27:22.820 [main] INFO  testCases.greenLanes.GreenLanesTest.log - setup - clicked on log in button
2026-05-25 18:28:17.949 [main] INFO  org.testng.internal.Utils.info - [TestNG] Running:
  C:\Vaibhav\Automation\TDG_HybridFramework\testng-suites\NewTestCasesSuite.xml

2026-05-25 18:28:18.383 [main] INFO  testCases.greenLanes.GreenLanesTest.setup - >>======>>======>> Automation Engineer (SDET)- Vaibhav Chavan <<======<<======<<
2026-05-25 18:28:18.384 [main] INFO  testCases.greenLanes.GreenLanesTest.setup - --test execution started--
2026-05-25 18:28:24.290 [main] INFO  testCases.greenLanes.GreenLanesTest.log - setup - browser opened
2026-05-25 18:28:24.329 [main] INFO  testCases.greenLanes.GreenLanesTest.log - setup - cookies deleted
2026-05-25 18:28:24.397 [main] INFO  testCases.greenLanes.GreenLanesTest.log - setup - browser maximized
2026-05-25 18:28:24.409 [main] INFO  testCases.greenLanes.GreenLanesTest.log - setup - implicit wait applied for 10 seconds
2026-05-25 18:28:29.560 [main] INFO  testCases.greenLanes.GreenLanesTest.log - setup - provided app URL in browser
2026-05-25 18:28:32.140 [main] INFO  testCases.greenLanes.GreenLanesTest.log - setup - provided email
2026-05-25 18:28:32.409 [main] INFO  testCases.greenLanes.GreenLanesTest.log - setup - clicked on log in button
2026-05-25 18:28:35.329 [main] INFO  testCases.greenLanes.GreenLanesTest.log - openSidebar - Clicked on hamburger icon to open the sidebar
2026-05-25 18:28:35.330 [main] INFO  testCases.greenLanes.GreenLanesTest.log - prepareNavigation - Opened sidebar
2026-05-25 18:31:54.491 [main] INFO  testCases.greenLanes.GreenLanesTest.log - verifyGreenLaneCreation - Clicked on Green Lanes menu item
2026-05-25 18:32:08.260 [main] INFO  org.testng.internal.Utils.info - [TestNG] Running:
  C:\Vaibhav\Automation\TDG_HybridFramework\testng-suites\NewTestCasesSuite.xml

2026-05-25 18:32:08.658 [main] INFO  testCases.greenLanes.GreenLanesTest.setup - >>======>>======>> Automation Engineer (SDET)- Vaibhav Chavan <<======<<======<<
2026-05-25 18:32:08.658 [main] INFO  testCases.greenLanes.GreenLanesTest.setup - --test execution started--
2026-05-25 18:32:15.043 [main] INFO  testCases.greenLanes.GreenLanesTest.log - setup - browser opened
2026-05-25 18:32:15.119 [main] INFO  testCases.greenLanes.GreenLanesTest.log - setup - cookies deleted
2026-05-25 18:32:15.221 [main] INFO  testCases.greenLanes.GreenLanesTest.log - setup - browser maximized
2026-05-25 18:32:15.241 [main] INFO  testCases.greenLanes.GreenLanesTest.log - setup - implicit wait applied for 10 seconds
2026-05-25 18:32:20.986 [main] INFO  testCases.greenLanes.GreenLanesTest.log - setup - provided app URL in browser
2026-05-25 18:32:23.548 [main] INFO  testCases.greenLanes.GreenLanesTest.log - setup - provided email
2026-05-25 18:32:23.798 [main] INFO  testCases.greenLanes.GreenLanesTest.log - setup - clicked on log in button
2026-05-25 18:32:26.589 [main] INFO  testCases.greenLanes.GreenLanesTest.log - openSidebar - Clicked on hamburger icon to open the sidebar
2026-05-25 18:32:26.589 [main] INFO  testCases.greenLanes.GreenLanesTest.log - prepareNavigation - Opened sidebar
2026-05-25 18:32:38.257 [main] INFO  testCases.greenLanes.GreenLanesTest.log - verifyGreenLaneCreation - Clicked on Green Lanes menu item
2026-05-25 18:32:57.185 [main] ERROR testCases.greenLanes.GreenLanesTest.verifyGreenLaneCreation - Test failed due to exception: 
org.openqa.selenium.ElementNotInteractableException: element not interactable
  (Session info: chrome=148.0.7778.179)
Build info: version: '4.44.0', revision: 'da2039b'
System info: os.name: 'Windows 11', os.arch: 'amd64', os.version: '10.0', java.version: '22.0.2'
Driver info: org.openqa.selenium.chrome.ChromeDriver
Command: [64265feaae47345fd10ff1d30b874b97, clickElement {id=f.653D567C0B0E65BB2C151456DDA1D8D6.d.829714A61F48ECBBFC9F81F00384068E.e.486}]
Capabilities {acceptInsecureCerts: false, browserName: chrome, browserVersion: 148.0.7778.179, chrome: {chromedriverVersion: 148.0.7778.178 (d096af1c9e9..., userDataDir: C:\Users\LZ172CV\AppData\Lo...}, fedcm:accounts: true, goog:chromeOptions: {debuggerAddress: localhost:56559}, goog:processID: 27604, networkConnectionEnabled: false, pageLoadStrategy: normal, platformName: windows, proxy: Proxy(), se:cdp: ws://localhost:56559/devtoo..., se:cdpVersion: 148.0.7778.179, setWindowRect: true, strictFileInteractability: false, timeouts: {implicit: 0, pageLoad: 300000, script: 30000}, unhandledPromptBehavior: dismiss and notify, webauthn:extension:credBlob: true, webauthn:extension:largeBlob: true, webauthn:extension:minPinLength: true, webauthn:extension:prf: true, webauthn:virtualAuthenticators: true}
Element: [[org.openqa.selenium.remote.ShadowRoot@98e0ccd3] -> css selector: slot]
Session ID: 64265feaae47345fd10ff1d30b874b97
	at org.openqa.selenium.remote.ErrorCodec.decode(ErrorCodec.java:169)
	at org.openqa.selenium.remote.codec.w3c.W3CHttpResponseCodec.decode(W3CHttpResponseCodec.java:143)
	at org.openqa.selenium.remote.codec.w3c.W3CHttpResponseCodec.decode(W3CHttpResponseCodec.java:50)
	at org.openqa.selenium.remote.HttpCommandExecutor.execute(HttpCommandExecutor.java:224)
	at org.openqa.selenium.remote.service.DriverCommandExecutor.invokeExecute(DriverCommandExecutor.java:217)
	at org.openqa.selenium.remote.service.DriverCommandExecutor.execute(DriverCommandExecutor.java:175)
	at org.openqa.selenium.remote.RemoteWebDriver.execute(RemoteWebDriver.java:600)
	at org.openqa.selenium.remote.RemoteWebElement.execute(RemoteWebElement.java:225)
	at org.openqa.selenium.remote.RemoteWebElement.click(RemoteWebElement.java:79)
	at pageObjects.greenLanes.GreenLanesPage.clickCreateGreenLaneBtn(GreenLanesPage.java:38)
	at testCases.greenLanes.GreenLanesTest.verifyGreenLaneCreation(GreenLanesTest.java:23)
	at java.base/jdk.internal.reflect.DirectMethodHandleAccessor.invoke(DirectMethodHandleAccessor.java:103)
	at java.base/java.lang.reflect.Method.invoke(Method.java:580)
	at org.testng.internal.invokers.MethodInvocationHelper.invokeMethod(MethodInvocationHelper.java:141)
	at org.testng.internal.invokers.TestInvoker.invokeMethod(TestInvoker.java:686)
	at org.testng.internal.invokers.TestInvoker.invokeTestMethod(TestInvoker.java:230)
	at org.testng.internal.invokers.MethodRunner.runInSequence(MethodRunner.java:63)
	at org.testng.internal.invokers.TestInvoker$MethodInvocationAgent.invoke(TestInvoker.java:992)
	at org.testng.internal.invokers.TestInvoker.invokeTestMethods(TestInvoker.java:203)
	at org.testng.internal.invokers.TestMethodWorker.invokeTestMethods(TestMethodWorker.java:154)
	at org.testng.internal.invokers.TestMethodWorker.run(TestMethodWorker.java:134)
	at java.base/java.util.ArrayList.forEach(ArrayList.java:1597)
	at org.testng.TestRunner.privateRun(TestRunner.java:739)
	at org.testng.TestRunner.run(TestRunner.java:614)
	at org.testng.SuiteRunner.runTest(SuiteRunner.java:421)
	at org.testng.SuiteRunner.runSequentially(SuiteRunner.java:413)
	at org.testng.SuiteRunner.privateRun(SuiteRunner.java:373)
	at org.testng.SuiteRunner.run(SuiteRunner.java:312)
	at org.testng.SuiteRunnerWorker.runSuite(SuiteRunnerWorker.java:52)
	at org.testng.SuiteRunnerWorker.run(SuiteRunnerWorker.java:95)
	at org.testng.TestNG.runSuitesSequentially(TestNG.java:1274)
	at org.testng.TestNG.runSuitesLocally(TestNG.java:1208)
	at org.testng.TestNG.runSuites(TestNG.java:1112)
	at org.testng.TestNG.run(TestNG.java:1079)
	at com.intellij.rt.testng.IDEARemoteTestNG.run(IDEARemoteTestNG.java:65)
	at com.intellij.rt.testng.RemoteTestNGStarter.main(RemoteTestNGStarter.java:109)
2026-05-25 18:32:57.329 [main] INFO  testCases.greenLanes.GreenLanesTest.log - openSidebar - Sidebar is already opend, no need to click on sidebar/logo icon
2026-05-25 18:32:57.330 [main] INFO  testCases.greenLanes.GreenLanesTest.log - prepareNavigation - Opened sidebar
2026-05-25 18:33:18.850 [main] INFO  testCases.greenLanes.GreenLanesTest.log - verifyGreenLaneCreation - Clicked on Green Lanes menu item
2026-05-25 18:33:44.170 [main] ERROR testCases.greenLanes.GreenLanesTest.verifyGreenLaneCreation - Test failed due to exception: 
org.openqa.selenium.ElementNotInteractableException: element not interactable
  (Session info: chrome=148.0.7778.179)
Build info: version: '4.44.0', revision: 'da2039b'
System info: os.name: 'Windows 11', os.arch: 'amd64', os.version: '10.0', java.version: '22.0.2'
Driver info: org.openqa.selenium.chrome.ChromeDriver
Command: [64265feaae47345fd10ff1d30b874b97, clickElement {id=f.653D567C0B0E65BB2C151456DDA1D8D6.d.829714A61F48ECBBFC9F81F00384068E.e.486}]
Capabilities {acceptInsecureCerts: false, browserName: chrome, browserVersion: 148.0.7778.179, chrome: {chromedriverVersion: 148.0.7778.178 (d096af1c9e9..., userDataDir: C:\Users\LZ172CV\AppData\Lo...}, fedcm:accounts: true, goog:chromeOptions: {debuggerAddress: localhost:56559}, goog:processID: 27604, networkConnectionEnabled: false, pageLoadStrategy: normal, platformName: windows, proxy: Proxy(), se:cdp: ws://localhost:56559/devtoo..., se:cdpVersion: 148.0.7778.179, setWindowRect: true, strictFileInteractability: false, timeouts: {implicit: 0, pageLoad: 300000, script: 30000}, unhandledPromptBehavior: dismiss and notify, webauthn:extension:credBlob: true, webauthn:extension:largeBlob: true, webauthn:extension:minPinLength: true, webauthn:extension:prf: true, webauthn:virtualAuthenticators: true}
Element: [[org.openqa.selenium.remote.ShadowRoot@98e0ccd3] -> css selector: slot]
Session ID: 64265feaae47345fd10ff1d30b874b97
	at org.openqa.selenium.remote.ErrorCodec.decode(ErrorCodec.java:169)
	at org.openqa.selenium.remote.codec.w3c.W3CHttpResponseCodec.decode(W3CHttpResponseCodec.java:143)
	at org.openqa.selenium.remote.codec.w3c.W3CHttpResponseCodec.decode(W3CHttpResponseCodec.java:50)
	at org.openqa.selenium.remote.HttpCommandExecutor.execute(HttpCommandExecutor.java:224)
	at org.openqa.selenium.remote.service.DriverCommandExecutor.invokeExecute(DriverCommandExecutor.java:217)
	at org.openqa.selenium.remote.service.DriverCommandExecutor.execute(DriverCommandExecutor.java:175)
	at org.openqa.selenium.remote.RemoteWebDriver.execute(RemoteWebDriver.java:600)
	at org.openqa.selenium.remote.RemoteWebElement.execute(RemoteWebElement.java:225)
	at org.openqa.selenium.remote.RemoteWebElement.click(RemoteWebElement.java:79)
	at pageObjects.greenLanes.GreenLanesPage.clickCreateGreenLaneBtn(GreenLanesPage.java:38)
	at testCases.greenLanes.GreenLanesTest.verifyGreenLaneCreation(GreenLanesTest.java:23)
	at java.base/jdk.internal.reflect.DirectMethodHandleAccessor.invoke(DirectMethodHandleAccessor.java:103)
	at java.base/java.lang.reflect.Method.invoke(Method.java:580)
	at org.testng.internal.invokers.MethodInvocationHelper.invokeMethod(MethodInvocationHelper.java:141)
	at org.testng.internal.invokers.TestInvoker.invokeMethod(TestInvoker.java:686)
	at org.testng.internal.invokers.TestInvoker.retryFailed(TestInvoker.java:269)
	at org.testng.internal.invokers.MethodRunner.runInSequence(MethodRunner.java:76)
	at org.testng.internal.invokers.TestInvoker$MethodInvocationAgent.invoke(TestInvoker.java:992)
	at org.testng.internal.invokers.TestInvoker.invokeTestMethods(TestInvoker.java:203)
	at org.testng.internal.invokers.TestMethodWorker.invokeTestMethods(TestMethodWorker.java:154)
	at org.testng.internal.invokers.TestMethodWorker.run(TestMethodWorker.java:134)
	at java.base/java.util.ArrayList.forEach(ArrayList.java:1597)
	at org.testng.TestRunner.privateRun(TestRunner.java:739)
	at org.testng.TestRunner.run(TestRunner.java:614)
	at org.testng.SuiteRunner.runTest(SuiteRunner.java:421)
	at org.testng.SuiteRunner.runSequentially(SuiteRunner.java:413)
	at org.testng.SuiteRunner.privateRun(SuiteRunner.java:373)
	at org.testng.SuiteRunner.run(SuiteRunner.java:312)
	at org.testng.SuiteRunnerWorker.runSuite(SuiteRunnerWorker.java:52)
	at org.testng.SuiteRunnerWorker.run(SuiteRunnerWorker.java:95)
	at org.testng.TestNG.runSuitesSequentially(TestNG.java:1274)
	at org.testng.TestNG.runSuitesLocally(TestNG.java:1208)
	at org.testng.TestNG.runSuites(TestNG.java:1112)
	at org.testng.TestNG.run(TestNG.java:1079)
	at com.intellij.rt.testng.IDEARemoteTestNG.run(IDEARemoteTestNG.java:65)
	at com.intellij.rt.testng.RemoteTestNGStarter.main(RemoteTestNGStarter.java:109)
2026-05-25 18:38:53.992 [main] INFO  org.testng.internal.Utils.info - [TestNG] Running:
  C:\Vaibhav\Automation\TDG_HybridFramework\testng-suites\NewTestCasesSuite.xml

2026-05-25 18:38:54.439 [main] INFO  testCases.greenLanes.GreenLanesTest.setup - >>======>>======>> Automation Engineer (SDET)- Vaibhav Chavan <<======<<======<<
2026-05-25 18:38:54.440 [main] INFO  testCases.greenLanes.GreenLanesTest.setup - --test execution started--
2026-05-25 18:39:00.981 [main] INFO  testCases.greenLanes.GreenLanesTest.log - setup - browser opened
2026-05-25 18:39:01.099 [main] INFO  testCases.greenLanes.GreenLanesTest.log - setup - cookies deleted
2026-05-25 18:39:01.235 [main] INFO  testCases.greenLanes.GreenLanesTest.log - setup - browser maximized
2026-05-25 18:39:01.264 [main] INFO  testCases.greenLanes.GreenLanesTest.log - setup - implicit wait applied for 10 seconds
2026-05-25 18:39:06.564 [main] INFO  testCases.greenLanes.GreenLanesTest.log - setup - provided app URL in browser
2026-05-25 18:39:09.005 [main] INFO  testCases.greenLanes.GreenLanesTest.log - setup - provided email
2026-05-25 18:39:09.305 [main] INFO  testCases.greenLanes.GreenLanesTest.log - setup - clicked on log in button
2026-05-25 18:39:12.575 [main] INFO  testCases.greenLanes.GreenLanesTest.log - openSidebar - Clicked on hamburger icon to open the sidebar
2026-05-25 18:39:12.576 [main] INFO  testCases.greenLanes.GreenLanesTest.log - prepareNavigation - Opened sidebar
2026-05-25 18:39:20.126 [main] INFO  testCases.greenLanes.GreenLanesTest.log - verifyGreenLaneCreation - Clicked on Green Lanes menu item
2026-05-25 18:44:03.166 [main] INFO  testCases.greenLanes.GreenLanesTest.log - verifyGreenLaneCreation - Provided description for the new green lane
2026-05-26 00:09:33.445 [main] INFO  org.testng.internal.Utils.info - [TestNG] Running:
  C:\Vaibhav\Automation\TDG_HybridFramework\testng-suites\NewTestCasesSuite.xml

2026-05-26 00:09:33.852 [main] INFO  testCases.greenLanes.GreenLanesTest.setup - >>======>>======>> Automation Engineer (SDET)- Vaibhav Chavan <<======<<======<<
2026-05-26 00:09:33.853 [main] INFO  testCases.greenLanes.GreenLanesTest.setup - --test execution started--
2026-05-26 00:09:51.925 [main] INFO  testCases.greenLanes.GreenLanesTest.log - setup - browser opened
2026-05-26 00:09:52.145 [main] INFO  testCases.greenLanes.GreenLanesTest.log - setup - cookies deleted
2026-05-26 00:09:52.290 [main] INFO  testCases.greenLanes.GreenLanesTest.log - setup - browser maximized
2026-05-26 00:09:52.301 [main] INFO  testCases.greenLanes.GreenLanesTest.log - setup - implicit wait applied for 10 seconds
2026-05-26 00:09:57.818 [main] INFO  testCases.greenLanes.GreenLanesTest.log - setup - provided app URL in browser
2026-05-26 00:10:00.567 [main] INFO  testCases.greenLanes.GreenLanesTest.log - setup - provided email
2026-05-26 00:10:00.831 [main] INFO  testCases.greenLanes.GreenLanesTest.log - setup - clicked on log in button
2026-05-26 00:10:03.770 [main] INFO  testCases.greenLanes.GreenLanesTest.log - openSidebar - Clicked on hamburger icon to open the sidebar
2026-05-26 00:10:03.771 [main] INFO  testCases.greenLanes.GreenLanesTest.log - prepareNavigation - Opened sidebar
2026-05-26 00:10:04.377 [main] INFO  testCases.greenLanes.GreenLanesTest.log - verifyGreenLaneCreation - Clicked on Green Lanes menu item
2026-05-26 00:11:03.335 [main] INFO  testCases.greenLanes.GreenLanesTest.log - verifyGreenLaneCreation - Provided description for the new green lane
2026-05-26 00:28:21.382 [main] INFO  org.testng.internal.Utils.info - [TestNG] Running:
  C:\Vaibhav\Automation\TDG_HybridFramework\testng-suites\NewTestCasesSuite.xml

2026-05-26 00:28:21.809 [main] INFO  testCases.greenLanes.GreenLanesTest.setup - >>======>>======>> Automation Engineer (SDET)- Vaibhav Chavan <<======<<======<<
2026-05-26 00:28:21.809 [main] INFO  testCases.greenLanes.GreenLanesTest.setup - --test execution started--
2026-05-26 00:28:28.554 [main] INFO  testCases.greenLanes.GreenLanesTest.log - setup - browser opened
2026-05-26 00:28:28.619 [main] INFO  testCases.greenLanes.GreenLanesTest.log - setup - cookies deleted
2026-05-26 00:28:28.700 [main] INFO  testCases.greenLanes.GreenLanesTest.log - setup - browser maximized
2026-05-26 00:28:28.717 [main] INFO  testCases.greenLanes.GreenLanesTest.log - setup - implicit wait applied for 10 seconds
2026-05-26 00:28:33.685 [main] INFO  testCases.greenLanes.GreenLanesTest.log - setup - provided app URL in browser
2026-05-26 00:28:36.370 [main] INFO  testCases.greenLanes.GreenLanesTest.log - setup - provided email
2026-05-26 00:28:36.699 [main] INFO  testCases.greenLanes.GreenLanesTest.log - setup - clicked on log in button
2026-05-26 00:28:39.764 [main] INFO  testCases.greenLanes.GreenLanesTest.log - openSidebar - Clicked on hamburger icon to open the sidebar
2026-05-26 00:28:39.765 [main] INFO  testCases.greenLanes.GreenLanesTest.log - prepareNavigation - Opened sidebar
2026-05-26 00:28:40.295 [main] INFO  testCases.greenLanes.GreenLanesTest.log - verifyGreenLaneCreation - Clicked on Green Lanes menu item
2026-05-26 00:28:54.654 [main] ERROR testCases.greenLanes.GreenLanesTest.verifyGreenLaneCreation - Test failed due to exception: 
org.openqa.selenium.ElementClickInterceptedException: element click intercepted: Element <button part="button primary prefix-icon suffix-icon content" type="button" class="motif-button motif-button--sm motif-button--primary motif-button--default" aria-pressed="false">...</button> is not clickable at point (1128, 121). Other element would receive the click: <motif-button _ngcontent-ng-c1228045172="" variant="primary" class="hydrated" size="sm" type="button" shape="default" href="">...</motif-button>
  (Session info: chrome=148.0.7778.179)
Build info: version: '4.44.0', revision: 'da2039b'
System info: os.name: 'Windows 11', os.arch: 'amd64', os.version: '10.0', java.version: '22.0.2'
Driver info: org.openqa.selenium.chrome.ChromeDriver
Command: [e0f55fefcce86e47ac25738d7bbaf949, clickElement {id=f.67F3174413E3F5857D59BEA4EDE24313.d.B00AAC74ACF2787B2A18F800F474F3C3.e.90}]
Capabilities {acceptInsecureCerts: false, browserName: chrome, browserVersion: 148.0.7778.179, chrome: {chromedriverVersion: 148.0.7778.178 (d096af1c9e9..., userDataDir: C:\Users\LZ172CV\AppData\Lo...}, fedcm:accounts: true, goog:chromeOptions: {debuggerAddress: localhost:53151}, goog:processID: 14688, networkConnectionEnabled: false, pageLoadStrategy: normal, platformName: windows, proxy: Proxy(), se:cdp: ws://localhost:53151/devtoo..., se:cdpVersion: 148.0.7778.179, setWindowRect: true, strictFileInteractability: false, timeouts: {implicit: 0, pageLoad: 300000, script: 30000}, unhandledPromptBehavior: dismiss and notify, webauthn:extension:credBlob: true, webauthn:extension:largeBlob: true, webauthn:extension:minPinLength: true, webauthn:extension:prf: true, webauthn:virtualAuthenticators: true}
Element: [[org.openqa.selenium.remote.ShadowRoot@ac98ed9d] -> css selector: .motif-button.motif-button--sm.motif-button--primary.motif-button--default]
Session ID: e0f55fefcce86e47ac25738d7bbaf949
	at org.openqa.selenium.remote.ErrorCodec.decode(ErrorCodec.java:169)
	at org.openqa.selenium.remote.codec.w3c.W3CHttpResponseCodec.decode(W3CHttpResponseCodec.java:143)
	at org.openqa.selenium.remote.codec.w3c.W3CHttpResponseCodec.decode(W3CHttpResponseCodec.java:50)
	at org.openqa.selenium.remote.HttpCommandExecutor.execute(HttpCommandExecutor.java:224)
	at org.openqa.selenium.remote.service.DriverCommandExecutor.invokeExecute(DriverCommandExecutor.java:217)
	at org.openqa.selenium.remote.service.DriverCommandExecutor.execute(DriverCommandExecutor.java:175)
	at org.openqa.selenium.remote.RemoteWebDriver.execute(RemoteWebDriver.java:600)
	at org.openqa.selenium.remote.RemoteWebElement.execute(RemoteWebElement.java:225)
	at org.openqa.selenium.remote.RemoteWebElement.click(RemoteWebElement.java:79)
	at pageObjects.greenLanes.GreenLanesPage.clickCreateGreenLaneBtn(GreenLanesPage.java:44)
	at testCases.greenLanes.GreenLanesTest.verifyGreenLaneCreation(GreenLanesTest.java:24)
	at java.base/jdk.internal.reflect.DirectMethodHandleAccessor.invoke(DirectMethodHandleAccessor.java:103)
	at java.base/java.lang.reflect.Method.invoke(Method.java:580)
	at org.testng.internal.invokers.MethodInvocationHelper.invokeMethod(MethodInvocationHelper.java:141)
	at org.testng.internal.invokers.TestInvoker.invokeMethod(TestInvoker.java:686)
	at org.testng.internal.invokers.TestInvoker.invokeTestMethod(TestInvoker.java:230)
	at org.testng.internal.invokers.MethodRunner.runInSequence(MethodRunner.java:63)
	at org.testng.internal.invokers.TestInvoker$MethodInvocationAgent.invoke(TestInvoker.java:992)
	at org.testng.internal.invokers.TestInvoker.invokeTestMethods(TestInvoker.java:203)
	at org.testng.internal.invokers.TestMethodWorker.invokeTestMethods(TestMethodWorker.java:154)
	at org.testng.internal.invokers.TestMethodWorker.run(TestMethodWorker.java:134)
	at java.base/java.util.ArrayList.forEach(ArrayList.java:1597)
	at org.testng.TestRunner.privateRun(TestRunner.java:739)
	at org.testng.TestRunner.run(TestRunner.java:614)
	at org.testng.SuiteRunner.runTest(SuiteRunner.java:421)
	at org.testng.SuiteRunner.runSequentially(SuiteRunner.java:413)
	at org.testng.SuiteRunner.privateRun(SuiteRunner.java:373)
	at org.testng.SuiteRunner.run(SuiteRunner.java:312)
	at org.testng.SuiteRunnerWorker.runSuite(SuiteRunnerWorker.java:52)
	at org.testng.SuiteRunnerWorker.run(SuiteRunnerWorker.java:95)
	at org.testng.TestNG.runSuitesSequentially(TestNG.java:1274)
	at org.testng.TestNG.runSuitesLocally(TestNG.java:1208)
	at org.testng.TestNG.runSuites(TestNG.java:1112)
	at org.testng.TestNG.run(TestNG.java:1079)
	at com.intellij.rt.testng.IDEARemoteTestNG.run(IDEARemoteTestNG.java:65)
	at com.intellij.rt.testng.RemoteTestNGStarter.main(RemoteTestNGStarter.java:109)
2026-05-26 00:29:03.129 [main] INFO  testCases.greenLanes.GreenLanesTest.log - openSidebar - Sidebar is already opend, no need to click on sidebar/logo icon
2026-05-26 00:29:03.134 [main] INFO  testCases.greenLanes.GreenLanesTest.log - prepareNavigation - Opened sidebar
2026-05-26 00:29:03.242 [main] INFO  testCases.greenLanes.GreenLanesTest.log - verifyGreenLaneCreation - Clicked on Green Lanes menu item
2026-05-26 00:29:20.874 [main] ERROR testCases.greenLanes.GreenLanesTest.verifyGreenLaneCreation - Test failed due to exception: 
org.openqa.selenium.ElementClickInterceptedException: element click intercepted: Element <button part="button primary prefix-icon suffix-icon content" type="button" class="motif-button motif-button--sm motif-button--primary motif-button--default" aria-pressed="false">...</button> is not clickable at point (1128, 121). Other element would receive the click: <motif-button _ngcontent-ng-c1228045172="" variant="primary" class="hydrated" size="sm" type="button" shape="default" href="">...</motif-button>
  (Session info: chrome=148.0.7778.179)
Build info: version: '4.44.0', revision: 'da2039b'
System info: os.name: 'Windows 11', os.arch: 'amd64', os.version: '10.0', java.version: '22.0.2'
Driver info: org.openqa.selenium.chrome.ChromeDriver
Command: [e0f55fefcce86e47ac25738d7bbaf949, clickElement {id=f.67F3174413E3F5857D59BEA4EDE24313.d.B00AAC74ACF2787B2A18F800F474F3C3.e.90}]
Capabilities {acceptInsecureCerts: false, browserName: chrome, browserVersion: 148.0.7778.179, chrome: {chromedriverVersion: 148.0.7778.178 (d096af1c9e9..., userDataDir: C:\Users\LZ172CV\AppData\Lo...}, fedcm:accounts: true, goog:chromeOptions: {debuggerAddress: localhost:53151}, goog:processID: 14688, networkConnectionEnabled: false, pageLoadStrategy: normal, platformName: windows, proxy: Proxy(), se:cdp: ws://localhost:53151/devtoo..., se:cdpVersion: 148.0.7778.179, setWindowRect: true, strictFileInteractability: false, timeouts: {implicit: 0, pageLoad: 300000, script: 30000}, unhandledPromptBehavior: dismiss and notify, webauthn:extension:credBlob: true, webauthn:extension:largeBlob: true, webauthn:extension:minPinLength: true, webauthn:extension:prf: true, webauthn:virtualAuthenticators: true}
Element: [[org.openqa.selenium.remote.ShadowRoot@ac98ed9d] -> css selector: .motif-button.motif-button--sm.motif-button--primary.motif-button--default]
Session ID: e0f55fefcce86e47ac25738d7bbaf949
	at org.openqa.selenium.remote.ErrorCodec.decode(ErrorCodec.java:169)
	at org.openqa.selenium.remote.codec.w3c.W3CHttpResponseCodec.decode(W3CHttpResponseCodec.java:143)
	at org.openqa.selenium.remote.codec.w3c.W3CHttpResponseCodec.decode(W3CHttpResponseCodec.java:50)
	at org.openqa.selenium.remote.HttpCommandExecutor.execute(HttpCommandExecutor.java:224)
	at org.openqa.selenium.remote.service.DriverCommandExecutor.invokeExecute(DriverCommandExecutor.java:217)
	at org.openqa.selenium.remote.service.DriverCommandExecutor.execute(DriverCommandExecutor.java:175)
	at org.openqa.selenium.remote.RemoteWebDriver.execute(RemoteWebDriver.java:600)
	at org.openqa.selenium.remote.RemoteWebElement.execute(RemoteWebElement.java:225)
	at org.openqa.selenium.remote.RemoteWebElement.click(RemoteWebElement.java:79)
	at pageObjects.greenLanes.GreenLanesPage.clickCreateGreenLaneBtn(GreenLanesPage.java:44)
	at testCases.greenLanes.GreenLanesTest.verifyGreenLaneCreation(GreenLanesTest.java:24)
	at java.base/jdk.internal.reflect.DirectMethodHandleAccessor.invoke(DirectMethodHandleAccessor.java:103)
	at java.base/java.lang.reflect.Method.invoke(Method.java:580)
	at org.testng.internal.invokers.MethodInvocationHelper.invokeMethod(MethodInvocationHelper.java:141)
	at org.testng.internal.invokers.TestInvoker.invokeMethod(TestInvoker.java:686)
	at org.testng.internal.invokers.TestInvoker.retryFailed(TestInvoker.java:269)
	at org.testng.internal.invokers.MethodRunner.runInSequence(MethodRunner.java:76)
	at org.testng.internal.invokers.TestInvoker$MethodInvocationAgent.invoke(TestInvoker.java:992)
	at org.testng.internal.invokers.TestInvoker.invokeTestMethods(TestInvoker.java:203)
	at org.testng.internal.invokers.TestMethodWorker.invokeTestMethods(TestMethodWorker.java:154)
	at org.testng.internal.invokers.TestMethodWorker.run(TestMethodWorker.java:134)
	at java.base/java.util.ArrayList.forEach(ArrayList.java:1597)
	at org.testng.TestRunner.privateRun(TestRunner.java:739)
	at org.testng.TestRunner.run(TestRunner.java:614)
	at org.testng.SuiteRunner.runTest(SuiteRunner.java:421)
	at org.testng.SuiteRunner.runSequentially(SuiteRunner.java:413)
	at org.testng.SuiteRunner.privateRun(SuiteRunner.java:373)
	at org.testng.SuiteRunner.run(SuiteRunner.java:312)
	at org.testng.SuiteRunnerWorker.runSuite(SuiteRunnerWorker.java:52)
	at org.testng.SuiteRunnerWorker.run(SuiteRunnerWorker.java:95)
	at org.testng.TestNG.runSuitesSequentially(TestNG.java:1274)
	at org.testng.TestNG.runSuitesLocally(TestNG.java:1208)
	at org.testng.TestNG.runSuites(TestNG.java:1112)
	at org.testng.TestNG.run(TestNG.java:1079)
	at com.intellij.rt.testng.IDEARemoteTestNG.run(IDEARemoteTestNG.java:65)
	at com.intellij.rt.testng.RemoteTestNGStarter.main(RemoteTestNGStarter.java:109)
2026-05-26 00:35:21.884 [main] INFO  org.testng.internal.Utils.info - [TestNG] Running:
  C:\Vaibhav\Automation\TDG_HybridFramework\testng-suites\NewTestCasesSuite.xml

2026-05-26 00:35:22.226 [main] INFO  testCases.greenLanes.GreenLanesTest.setup - >>======>>======>> Automation Engineer (SDET)- Vaibhav Chavan <<======<<======<<
2026-05-26 00:35:22.227 [main] INFO  testCases.greenLanes.GreenLanesTest.setup - --test execution started--
2026-05-26 00:35:28.567 [main] INFO  testCases.greenLanes.GreenLanesTest.log - setup - browser opened
2026-05-26 00:35:29.160 [main] INFO  testCases.greenLanes.GreenLanesTest.log - setup - cookies deleted
2026-05-26 00:35:29.267 [main] INFO  testCases.greenLanes.GreenLanesTest.log - setup - browser maximized
2026-05-26 00:35:29.279 [main] INFO  testCases.greenLanes.GreenLanesTest.log - setup - implicit wait applied for 10 seconds
2026-05-26 00:35:34.067 [main] INFO  testCases.greenLanes.GreenLanesTest.log - setup - provided app URL in browser
2026-05-26 00:35:36.657 [main] INFO  testCases.greenLanes.GreenLanesTest.log - setup - provided email
2026-05-26 00:35:36.949 [main] INFO  testCases.greenLanes.GreenLanesTest.log - setup - clicked on log in button
2026-05-26 00:35:39.926 [main] INFO  testCases.greenLanes.GreenLanesTest.log - openSidebar - Clicked on hamburger icon to open the sidebar
2026-05-26 00:35:39.927 [main] INFO  testCases.greenLanes.GreenLanesTest.log - prepareNavigation - Opened sidebar
2026-05-26 00:35:40.693 [main] INFO  testCases.greenLanes.GreenLanesTest.log - verifyGreenLaneCreation - Clicked on Green Lanes menu item
2026-05-26 00:35:42.161 [main] ERROR testCases.greenLanes.GreenLanesTest.verifyGreenLaneCreation - Test failed due to exception: 
org.openqa.selenium.ElementClickInterceptedException: element click intercepted: Element <button part="button primary prefix-icon suffix-icon content" type="button" class="motif-button motif-button--sm motif-button--primary motif-button--default" aria-pressed="false">...</button> is not clickable at point (1144, 121). Other element would receive the click: <motif-button _ngcontent-ng-c1228045172="" variant="primary" class="hydrated" size="sm" type="button" shape="default" href="">...</motif-button>
  (Session info: chrome=148.0.7778.179)
Build info: version: '4.44.0', revision: 'da2039b'
System info: os.name: 'Windows 11', os.arch: 'amd64', os.version: '10.0', java.version: '22.0.2'
Driver info: org.openqa.selenium.chrome.ChromeDriver
Command: [2320b27f6cfd116871ac452a373759ab, clickElement {id=f.84C4D0D6A1977570D9B4A5F9B0F7B812.d.7874BE3D06E618C59064CAD6808FCBC0.e.94}]
Capabilities {acceptInsecureCerts: false, browserName: chrome, browserVersion: 148.0.7778.179, chrome: {chromedriverVersion: 148.0.7778.178 (d096af1c9e9..., userDataDir: C:\Users\LZ172CV\AppData\Lo...}, fedcm:accounts: true, goog:chromeOptions: {debuggerAddress: localhost:52599}, goog:processID: 11796, networkConnectionEnabled: false, pageLoadStrategy: normal, platformName: windows, proxy: Proxy(), se:cdp: ws://localhost:52599/devtoo..., se:cdpVersion: 148.0.7778.179, setWindowRect: true, strictFileInteractability: false, timeouts: {implicit: 0, pageLoad: 300000, script: 30000}, unhandledPromptBehavior: dismiss and notify, webauthn:extension:credBlob: true, webauthn:extension:largeBlob: true, webauthn:extension:minPinLength: true, webauthn:extension:prf: true, webauthn:virtualAuthenticators: true}
Element: [[org.openqa.selenium.remote.ShadowRoot@bf128818] -> css selector: .motif-button.motif-button--sm.motif-button--primary.motif-button--default]
Session ID: 2320b27f6cfd116871ac452a373759ab
	at org.openqa.selenium.remote.ErrorCodec.decode(ErrorCodec.java:169)
	at org.openqa.selenium.remote.codec.w3c.W3CHttpResponseCodec.decode(W3CHttpResponseCodec.java:143)
	at org.openqa.selenium.remote.codec.w3c.W3CHttpResponseCodec.decode(W3CHttpResponseCodec.java:50)
	at org.openqa.selenium.remote.HttpCommandExecutor.execute(HttpCommandExecutor.java:224)
	at org.openqa.selenium.remote.service.DriverCommandExecutor.invokeExecute(DriverCommandExecutor.java:217)
	at org.openqa.selenium.remote.service.DriverCommandExecutor.execute(DriverCommandExecutor.java:175)
	at org.openqa.selenium.remote.RemoteWebDriver.execute(RemoteWebDriver.java:600)
	at org.openqa.selenium.remote.RemoteWebElement.execute(RemoteWebElement.java:225)
	at org.openqa.selenium.remote.RemoteWebElement.click(RemoteWebElement.java:79)
	at pageObjects.greenLanes.GreenLanesPage.clickCreateGreenLaneBtn(GreenLanesPage.java:44)
	at testCases.greenLanes.GreenLanesTest.verifyGreenLaneCreation(GreenLanesTest.java:24)
	at java.base/jdk.internal.reflect.DirectMethodHandleAccessor.invoke(DirectMethodHandleAccessor.java:103)
	at java.base/java.lang.reflect.Method.invoke(Method.java:580)
	at org.testng.internal.invokers.MethodInvocationHelper.invokeMethod(MethodInvocationHelper.java:141)
	at org.testng.internal.invokers.TestInvoker.invokeMethod(TestInvoker.java:686)
	at org.testng.internal.invokers.TestInvoker.invokeTestMethod(TestInvoker.java:230)
	at org.testng.internal.invokers.MethodRunner.runInSequence(MethodRunner.java:63)
	at org.testng.internal.invokers.TestInvoker$MethodInvocationAgent.invoke(TestInvoker.java:992)
	at org.testng.internal.invokers.TestInvoker.invokeTestMethods(TestInvoker.java:203)
	at org.testng.internal.invokers.TestMethodWorker.invokeTestMethods(TestMethodWorker.java:154)
	at org.testng.internal.invokers.TestMethodWorker.run(TestMethodWorker.java:134)
	at java.base/java.util.ArrayList.forEach(ArrayList.java:1597)
	at org.testng.TestRunner.privateRun(TestRunner.java:739)
	at org.testng.TestRunner.run(TestRunner.java:614)
	at org.testng.SuiteRunner.runTest(SuiteRunner.java:421)
	at org.testng.SuiteRunner.runSequentially(SuiteRunner.java:413)
	at org.testng.SuiteRunner.privateRun(SuiteRunner.java:373)
	at org.testng.SuiteRunner.run(SuiteRunner.java:312)
	at org.testng.SuiteRunnerWorker.runSuite(SuiteRunnerWorker.java:52)
	at org.testng.SuiteRunnerWorker.run(SuiteRunnerWorker.java:95)
	at org.testng.TestNG.runSuitesSequentially(TestNG.java:1274)
	at org.testng.TestNG.runSuitesLocally(TestNG.java:1208)
	at org.testng.TestNG.runSuites(TestNG.java:1112)
	at org.testng.TestNG.run(TestNG.java:1079)
	at com.intellij.rt.testng.IDEARemoteTestNG.run(IDEARemoteTestNG.java:65)
	at com.intellij.rt.testng.RemoteTestNGStarter.main(RemoteTestNGStarter.java:109)
2026-05-26 00:35:42.424 [main] INFO  testCases.greenLanes.GreenLanesTest.log - openSidebar - Sidebar is already opend, no need to click on sidebar/logo icon
2026-05-26 00:35:42.426 [main] INFO  testCases.greenLanes.GreenLanesTest.log - prepareNavigation - Opened sidebar
2026-05-26 00:35:42.801 [main] INFO  testCases.greenLanes.GreenLanesTest.log - verifyGreenLaneCreation - Clicked on Green Lanes menu item
2026-05-26 00:35:44.081 [main] ERROR testCases.greenLanes.GreenLanesTest.verifyGreenLaneCreation - Test failed due to exception: 
org.openqa.selenium.ElementClickInterceptedException: element click intercepted: Element <button part="button primary prefix-icon suffix-icon content" type="button" class="motif-button motif-button--sm motif-button--primary motif-button--default" aria-pressed="false">...</button> is not clickable at point (1128, 121). Other element would receive the click: <motif-button _ngcontent-ng-c1228045172="" variant="primary" class="hydrated" size="sm" type="button" shape="default" href="">...</motif-button>
  (Session info: chrome=148.0.7778.179)
Build info: version: '4.44.0', revision: 'da2039b'
System info: os.name: 'Windows 11', os.arch: 'amd64', os.version: '10.0', java.version: '22.0.2'
Driver info: org.openqa.selenium.chrome.ChromeDriver
Command: [2320b27f6cfd116871ac452a373759ab, clickElement {id=f.84C4D0D6A1977570D9B4A5F9B0F7B812.d.7874BE3D06E618C59064CAD6808FCBC0.e.94}]
Capabilities {acceptInsecureCerts: false, browserName: chrome, browserVersion: 148.0.7778.179, chrome: {chromedriverVersion: 148.0.7778.178 (d096af1c9e9..., userDataDir: C:\Users\LZ172CV\AppData\Lo...}, fedcm:accounts: true, goog:chromeOptions: {debuggerAddress: localhost:52599}, goog:processID: 11796, networkConnectionEnabled: false, pageLoadStrategy: normal, platformName: windows, proxy: Proxy(), se:cdp: ws://localhost:52599/devtoo..., se:cdpVersion: 148.0.7778.179, setWindowRect: true, strictFileInteractability: false, timeouts: {implicit: 0, pageLoad: 300000, script: 30000}, unhandledPromptBehavior: dismiss and notify, webauthn:extension:credBlob: true, webauthn:extension:largeBlob: true, webauthn:extension:minPinLength: true, webauthn:extension:prf: true, webauthn:virtualAuthenticators: true}
Element: [[org.openqa.selenium.remote.ShadowRoot@bf128818] -> css selector: .motif-button.motif-button--sm.motif-button--primary.motif-button--default]
Session ID: 2320b27f6cfd116871ac452a373759ab
	at org.openqa.selenium.remote.ErrorCodec.decode(ErrorCodec.java:169)
	at org.openqa.selenium.remote.codec.w3c.W3CHttpResponseCodec.decode(W3CHttpResponseCodec.java:143)
	at org.openqa.selenium.remote.codec.w3c.W3CHttpResponseCodec.decode(W3CHttpResponseCodec.java:50)
	at org.openqa.selenium.remote.HttpCommandExecutor.execute(HttpCommandExecutor.java:224)
	at org.openqa.selenium.remote.service.DriverCommandExecutor.invokeExecute(DriverCommandExecutor.java:217)
	at org.openqa.selenium.remote.service.DriverCommandExecutor.execute(DriverCommandExecutor.java:175)
	at org.openqa.selenium.remote.RemoteWebDriver.execute(RemoteWebDriver.java:600)
	at org.openqa.selenium.remote.RemoteWebElement.execute(RemoteWebElement.java:225)
	at org.openqa.selenium.remote.RemoteWebElement.click(RemoteWebElement.java:79)
	at pageObjects.greenLanes.GreenLanesPage.clickCreateGreenLaneBtn(GreenLanesPage.java:44)
	at testCases.greenLanes.GreenLanesTest.verifyGreenLaneCreation(GreenLanesTest.java:24)
	at java.base/jdk.internal.reflect.DirectMethodHandleAccessor.invoke(DirectMethodHandleAccessor.java:103)
	at java.base/java.lang.reflect.Method.invoke(Method.java:580)
	at org.testng.internal.invokers.MethodInvocationHelper.invokeMethod(MethodInvocationHelper.java:141)
	at org.testng.internal.invokers.TestInvoker.invokeMethod(TestInvoker.java:686)
	at org.testng.internal.invokers.TestInvoker.retryFailed(TestInvoker.java:269)
	at org.testng.internal.invokers.MethodRunner.runInSequence(MethodRunner.java:76)
	at org.testng.internal.invokers.TestInvoker$MethodInvocationAgent.invoke(TestInvoker.java:992)
	at org.testng.internal.invokers.TestInvoker.invokeTestMethods(TestInvoker.java:203)
	at org.testng.internal.invokers.TestMethodWorker.invokeTestMethods(TestMethodWorker.java:154)
	at org.testng.internal.invokers.TestMethodWorker.run(TestMethodWorker.java:134)
	at java.base/java.util.ArrayList.forEach(ArrayList.java:1597)
	at org.testng.TestRunner.privateRun(TestRunner.java:739)
	at org.testng.TestRunner.run(TestRunner.java:614)
	at org.testng.SuiteRunner.runTest(SuiteRunner.java:421)
	at org.testng.SuiteRunner.runSequentially(SuiteRunner.java:413)
	at org.testng.SuiteRunner.privateRun(SuiteRunner.java:373)
	at org.testng.SuiteRunner.run(SuiteRunner.java:312)
	at org.testng.SuiteRunnerWorker.runSuite(SuiteRunnerWorker.java:52)
	at org.testng.SuiteRunnerWorker.run(SuiteRunnerWorker.java:95)
	at org.testng.TestNG.runSuitesSequentially(TestNG.java:1274)
	at org.testng.TestNG.runSuitesLocally(TestNG.java:1208)
	at org.testng.TestNG.runSuites(TestNG.java:1112)
	at org.testng.TestNG.run(TestNG.java:1079)
	at com.intellij.rt.testng.IDEARemoteTestNG.run(IDEARemoteTestNG.java:65)
	at com.intellij.rt.testng.RemoteTestNGStarter.main(RemoteTestNGStarter.java:109)
2026-05-26 00:38:49.642 [main] INFO  org.testng.internal.Utils.info - [TestNG] Running:
  C:\Vaibhav\Automation\TDG_HybridFramework\testng-suites\NewTestCasesSuite.xml

2026-05-26 00:38:49.962 [main] INFO  testCases.greenLanes.GreenLanesTest.setup - >>======>>======>> Automation Engineer (SDET)- Vaibhav Chavan <<======<<======<<
2026-05-26 00:38:49.962 [main] INFO  testCases.greenLanes.GreenLanesTest.setup - --test execution started--
2026-05-26 00:38:56.018 [main] INFO  testCases.greenLanes.GreenLanesTest.log - setup - browser opened
2026-05-26 00:38:56.079 [main] INFO  testCases.greenLanes.GreenLanesTest.log - setup - cookies deleted
2026-05-26 00:38:56.222 [main] INFO  testCases.greenLanes.GreenLanesTest.log - setup - browser maximized
2026-05-26 00:38:56.256 [main] INFO  testCases.greenLanes.GreenLanesTest.log - setup - implicit wait applied for 10 seconds
2026-05-26 00:38:57.478 [main] INFO  testCases.greenLanes.GreenLanesTest.log - setup - provided app URL in browser
2026-05-26 00:39:03.381 [main] INFO  testCases.greenLanes.GreenLanesTest.log - setup - provided email
2026-05-26 00:39:03.593 [main] INFO  testCases.greenLanes.GreenLanesTest.log - setup - clicked on log in button
2026-05-26 00:39:06.313 [main] INFO  testCases.greenLanes.GreenLanesTest.log - openSidebar - Clicked on hamburger icon to open the sidebar
2026-05-26 00:39:06.313 [main] INFO  testCases.greenLanes.GreenLanesTest.log - prepareNavigation - Opened sidebar
2026-05-26 00:39:06.998 [main] INFO  testCases.greenLanes.GreenLanesTest.log - verifyGreenLaneCreation - Clicked on Green Lanes menu item
2026-05-26 00:39:08.539 [main] ERROR testCases.greenLanes.GreenLanesTest.verifyGreenLaneCreation - Test failed due to exception: 
org.openqa.selenium.ElementClickInterceptedException: element click intercepted: Element <button part="button primary prefix-icon suffix-icon content" type="button" class="motif-button motif-button--sm motif-button--primary motif-button--default" aria-pressed="false">...</button> is not clickable at point (1144, 121). Other element would receive the click: <motif-button _ngcontent-ng-c1228045172="" variant="primary" class="hydrated" size="sm" type="button" shape="default" href="">...</motif-button>
  (Session info: chrome=148.0.7778.179)
Build info: version: '4.44.0', revision: 'da2039b'
System info: os.name: 'Windows 11', os.arch: 'amd64', os.version: '10.0', java.version: '22.0.2'
Driver info: org.openqa.selenium.chrome.ChromeDriver
Command: [e4528340e7ebce0e112c871f8211bb97, clickElement {id=f.7990757A648B7F2AE8F21AE0A5F178E4.d.58B03E0705F3B5AD366B6BCAA8566B06.e.93}]
Capabilities {acceptInsecureCerts: false, browserName: chrome, browserVersion: 148.0.7778.179, chrome: {chromedriverVersion: 148.0.7778.178 (d096af1c9e9..., userDataDir: C:\Users\LZ172CV\AppData\Lo...}, fedcm:accounts: true, goog:chromeOptions: {debuggerAddress: localhost:58784}, goog:processID: 12036, networkConnectionEnabled: false, pageLoadStrategy: normal, platformName: windows, proxy: Proxy(), se:cdp: ws://localhost:58784/devtoo..., se:cdpVersion: 148.0.7778.179, setWindowRect: true, strictFileInteractability: false, timeouts: {implicit: 0, pageLoad: 300000, script: 30000}, unhandledPromptBehavior: dismiss and notify, webauthn:extension:credBlob: true, webauthn:extension:largeBlob: true, webauthn:extension:minPinLength: true, webauthn:extension:prf: true, webauthn:virtualAuthenticators: true}
Element: [[org.openqa.selenium.remote.ShadowRoot@1023b5ed] -> css selector: .motif-button.motif-button--sm.motif-button--primary.motif-button--default]
Session ID: e4528340e7ebce0e112c871f8211bb97
	at org.openqa.selenium.remote.ErrorCodec.decode(ErrorCodec.java:169)
	at org.openqa.selenium.remote.codec.w3c.W3CHttpResponseCodec.decode(W3CHttpResponseCodec.java:143)
	at org.openqa.selenium.remote.codec.w3c.W3CHttpResponseCodec.decode(W3CHttpResponseCodec.java:50)
	at org.openqa.selenium.remote.HttpCommandExecutor.execute(HttpCommandExecutor.java:224)
	at org.openqa.selenium.remote.service.DriverCommandExecutor.invokeExecute(DriverCommandExecutor.java:217)
	at org.openqa.selenium.remote.service.DriverCommandExecutor.execute(DriverCommandExecutor.java:175)
	at org.openqa.selenium.remote.RemoteWebDriver.execute(RemoteWebDriver.java:600)
	at org.openqa.selenium.remote.RemoteWebElement.execute(RemoteWebElement.java:225)
	at org.openqa.selenium.remote.RemoteWebElement.click(RemoteWebElement.java:79)
	at pageObjects.greenLanes.GreenLanesPage.clickCreateGreenLaneBtn(GreenLanesPage.java:44)
	at testCases.greenLanes.GreenLanesTest.verifyGreenLaneCreation(GreenLanesTest.java:24)
	at java.base/jdk.internal.reflect.DirectMethodHandleAccessor.invoke(DirectMethodHandleAccessor.java:103)
	at java.base/java.lang.reflect.Method.invoke(Method.java:580)
	at org.testng.internal.invokers.MethodInvocationHelper.invokeMethod(MethodInvocationHelper.java:141)
	at org.testng.internal.invokers.TestInvoker.invokeMethod(TestInvoker.java:686)
	at org.testng.internal.invokers.TestInvoker.invokeTestMethod(TestInvoker.java:230)
	at org.testng.internal.invokers.MethodRunner.runInSequence(MethodRunner.java:63)
	at org.testng.internal.invokers.TestInvoker$MethodInvocationAgent.invoke(TestInvoker.java:992)
	at org.testng.internal.invokers.TestInvoker.invokeTestMethods(TestInvoker.java:203)
	at org.testng.internal.invokers.TestMethodWorker.invokeTestMethods(TestMethodWorker.java:154)
	at org.testng.internal.invokers.TestMethodWorker.run(TestMethodWorker.java:134)
	at java.base/java.util.ArrayList.forEach(ArrayList.java:1597)
	at org.testng.TestRunner.privateRun(TestRunner.java:739)
	at org.testng.TestRunner.run(TestRunner.java:614)
	at org.testng.SuiteRunner.runTest(SuiteRunner.java:421)
	at org.testng.SuiteRunner.runSequentially(SuiteRunner.java:413)
	at org.testng.SuiteRunner.privateRun(SuiteRunner.java:373)
	at org.testng.SuiteRunner.run(SuiteRunner.java:312)
	at org.testng.SuiteRunnerWorker.runSuite(SuiteRunnerWorker.java:52)
	at org.testng.SuiteRunnerWorker.run(SuiteRunnerWorker.java:95)
	at org.testng.TestNG.runSuitesSequentially(TestNG.java:1274)
	at org.testng.TestNG.runSuitesLocally(TestNG.java:1208)
	at org.testng.TestNG.runSuites(TestNG.java:1112)
	at org.testng.TestNG.run(TestNG.java:1079)
	at com.intellij.rt.testng.IDEARemoteTestNG.run(IDEARemoteTestNG.java:65)
	at com.intellij.rt.testng.RemoteTestNGStarter.main(RemoteTestNGStarter.java:109)
2026-05-26 00:39:08.679 [main] INFO  testCases.greenLanes.GreenLanesTest.log - openSidebar - Sidebar is already opend, no need to click on sidebar/logo icon
2026-05-26 00:39:08.679 [main] INFO  testCases.greenLanes.GreenLanesTest.log - prepareNavigation - Opened sidebar
2026-05-26 00:39:09.139 [main] INFO  testCases.greenLanes.GreenLanesTest.log - verifyGreenLaneCreation - Clicked on Green Lanes menu item
2026-05-26 00:39:10.408 [main] ERROR testCases.greenLanes.GreenLanesTest.verifyGreenLaneCreation - Test failed due to exception: 
org.openqa.selenium.ElementClickInterceptedException: element click intercepted: Element <button part="button primary prefix-icon suffix-icon content" type="button" class="motif-button motif-button--sm motif-button--primary motif-button--default" aria-pressed="false">...</button> is not clickable at point (1128, 121). Other element would receive the click: <motif-button _ngcontent-ng-c1228045172="" variant="primary" class="hydrated" size="sm" type="button" shape="default" href="">...</motif-button>
  (Session info: chrome=148.0.7778.179)
Build info: version: '4.44.0', revision: 'da2039b'
System info: os.name: 'Windows 11', os.arch: 'amd64', os.version: '10.0', java.version: '22.0.2'
Driver info: org.openqa.selenium.chrome.ChromeDriver
Command: [e4528340e7ebce0e112c871f8211bb97, clickElement {id=f.7990757A648B7F2AE8F21AE0A5F178E4.d.58B03E0705F3B5AD366B6BCAA8566B06.e.93}]
Capabilities {acceptInsecureCerts: false, browserName: chrome, browserVersion: 148.0.7778.179, chrome: {chromedriverVersion: 148.0.7778.178 (d096af1c9e9..., userDataDir: C:\Users\LZ172CV\AppData\Lo...}, fedcm:accounts: true, goog:chromeOptions: {debuggerAddress: localhost:58784}, goog:processID: 12036, networkConnectionEnabled: false, pageLoadStrategy: normal, platformName: windows, proxy: Proxy(), se:cdp: ws://localhost:58784/devtoo..., se:cdpVersion: 148.0.7778.179, setWindowRect: true, strictFileInteractability: false, timeouts: {implicit: 0, pageLoad: 300000, script: 30000}, unhandledPromptBehavior: dismiss and notify, webauthn:extension:credBlob: true, webauthn:extension:largeBlob: true, webauthn:extension:minPinLength: true, webauthn:extension:prf: true, webauthn:virtualAuthenticators: true}
Element: [[org.openqa.selenium.remote.ShadowRoot@1023b5ed] -> css selector: .motif-button.motif-button--sm.motif-button--primary.motif-button--default]
Session ID: e4528340e7ebce0e112c871f8211bb97
	at org.openqa.selenium.remote.ErrorCodec.decode(ErrorCodec.java:169)
	at org.openqa.selenium.remote.codec.w3c.W3CHttpResponseCodec.decode(W3CHttpResponseCodec.java:143)
	at org.openqa.selenium.remote.codec.w3c.W3CHttpResponseCodec.decode(W3CHttpResponseCodec.java:50)
	at org.openqa.selenium.remote.HttpCommandExecutor.execute(HttpCommandExecutor.java:224)
	at org.openqa.selenium.remote.service.DriverCommandExecutor.invokeExecute(DriverCommandExecutor.java:217)
	at org.openqa.selenium.remote.service.DriverCommandExecutor.execute(DriverCommandExecutor.java:175)
	at org.openqa.selenium.remote.RemoteWebDriver.execute(RemoteWebDriver.java:600)
	at org.openqa.selenium.remote.RemoteWebElement.execute(RemoteWebElement.java:225)
	at org.openqa.selenium.remote.RemoteWebElement.click(RemoteWebElement.java:79)
	at pageObjects.greenLanes.GreenLanesPage.clickCreateGreenLaneBtn(GreenLanesPage.java:44)
	at testCases.greenLanes.GreenLanesTest.verifyGreenLaneCreation(GreenLanesTest.java:24)
	at java.base/jdk.internal.reflect.DirectMethodHandleAccessor.invoke(DirectMethodHandleAccessor.java:103)
	at java.base/java.lang.reflect.Method.invoke(Method.java:580)
	at org.testng.internal.invokers.MethodInvocationHelper.invokeMethod(MethodInvocationHelper.java:141)
	at org.testng.internal.invokers.TestInvoker.invokeMethod(TestInvoker.java:686)
	at org.testng.internal.invokers.TestInvoker.retryFailed(TestInvoker.java:269)
	at org.testng.internal.invokers.MethodRunner.runInSequence(MethodRunner.java:76)
	at org.testng.internal.invokers.TestInvoker$MethodInvocationAgent.invoke(TestInvoker.java:992)
	at org.testng.internal.invokers.TestInvoker.invokeTestMethods(TestInvoker.java:203)
	at org.testng.internal.invokers.TestMethodWorker.invokeTestMethods(TestMethodWorker.java:154)
	at org.testng.internal.invokers.TestMethodWorker.run(TestMethodWorker.java:134)
	at java.base/java.util.ArrayList.forEach(ArrayList.java:1597)
	at org.testng.TestRunner.privateRun(TestRunner.java:739)
	at org.testng.TestRunner.run(TestRunner.java:614)
	at org.testng.SuiteRunner.runTest(SuiteRunner.java:421)
	at org.testng.SuiteRunner.runSequentially(SuiteRunner.java:413)
	at org.testng.SuiteRunner.privateRun(SuiteRunner.java:373)
	at org.testng.SuiteRunner.run(SuiteRunner.java:312)
	at org.testng.SuiteRunnerWorker.runSuite(SuiteRunnerWorker.java:52)
	at org.testng.SuiteRunnerWorker.run(SuiteRunnerWorker.java:95)
	at org.testng.TestNG.runSuitesSequentially(TestNG.java:1274)
	at org.testng.TestNG.runSuitesLocally(TestNG.java:1208)
	at org.testng.TestNG.runSuites(TestNG.java:1112)
	at org.testng.TestNG.run(TestNG.java:1079)
	at com.intellij.rt.testng.IDEARemoteTestNG.run(IDEARemoteTestNG.java:65)
	at com.intellij.rt.testng.RemoteTestNGStarter.main(RemoteTestNGStarter.java:109)
2026-05-26 00:41:24.851 [main] INFO  org.testng.internal.Utils.info - [TestNG] Running:
  C:\Vaibhav\Automation\TDG_HybridFramework\testng-suites\NewTestCasesSuite.xml

2026-05-26 00:41:25.159 [main] INFO  testCases.greenLanes.GreenLanesTest.setup - >>======>>======>> Automation Engineer (SDET)- Vaibhav Chavan <<======<<======<<
2026-05-26 00:41:25.160 [main] INFO  testCases.greenLanes.GreenLanesTest.setup - --test execution started--
2026-05-26 00:41:30.949 [main] INFO  testCases.greenLanes.GreenLanesTest.log - setup - browser opened
2026-05-26 00:41:31.090 [main] INFO  testCases.greenLanes.GreenLanesTest.log - setup - cookies deleted
2026-05-26 00:41:31.207 [main] INFO  testCases.greenLanes.GreenLanesTest.log - setup - browser maximized
2026-05-26 00:41:31.238 [main] INFO  testCases.greenLanes.GreenLanesTest.log - setup - implicit wait applied for 10 seconds
2026-05-26 00:41:32.265 [main] INFO  testCases.greenLanes.GreenLanesTest.log - setup - provided app URL in browser
2026-05-26 00:41:38.546 [main] INFO  testCases.greenLanes.GreenLanesTest.log - setup - provided email
2026-05-26 00:41:38.762 [main] INFO  testCases.greenLanes.GreenLanesTest.log - setup - clicked on log in button
2026-05-26 00:41:41.531 [main] INFO  testCases.greenLanes.GreenLanesTest.log - openSidebar - Clicked on hamburger icon to open the sidebar
2026-05-26 00:41:41.532 [main] INFO  testCases.greenLanes.GreenLanesTest.log - prepareNavigation - Opened sidebar
2026-05-26 00:41:42.389 [main] INFO  testCases.greenLanes.GreenLanesTest.log - verifyGreenLaneCreation - Clicked on Green Lanes menu item
2026-05-26 00:41:52.615 [main] ERROR testCases.greenLanes.GreenLanesTest.verifyGreenLaneCreation - Test failed due to exception: 
org.openqa.selenium.ElementNotInteractableException: element not interactable
  (Session info: chrome=148.0.7778.179)
Build info: version: '4.44.0', revision: 'da2039b'
System info: os.name: 'Windows 11', os.arch: 'amd64', os.version: '10.0', java.version: '22.0.2'
Driver info: org.openqa.selenium.chrome.ChromeDriver
Command: [1ce3dea93aff0f3cc1a7c3ab3643846f, clickElement {id=f.5AABD3C87B74EB4F2B983423C5245357.d.D2F9AC14741666550AC017F6F2FA8429.e.142}]
Capabilities {acceptInsecureCerts: false, browserName: chrome, browserVersion: 148.0.7778.179, chrome: {chromedriverVersion: 148.0.7778.178 (d096af1c9e9..., userDataDir: C:\Users\LZ172CV\AppData\Lo...}, fedcm:accounts: true, goog:chromeOptions: {debuggerAddress: localhost:58224}, goog:processID: 25536, networkConnectionEnabled: false, pageLoadStrategy: normal, platformName: windows, proxy: Proxy(), se:cdp: ws://localhost:58224/devtoo..., se:cdpVersion: 148.0.7778.179, setWindowRect: true, strictFileInteractability: false, timeouts: {implicit: 0, pageLoad: 300000, script: 30000}, unhandledPromptBehavior: dismiss and notify, webauthn:extension:credBlob: true, webauthn:extension:largeBlob: true, webauthn:extension:minPinLength: true, webauthn:extension:prf: true, webauthn:virtualAuthenticators: true}
Element: [[org.openqa.selenium.remote.ShadowRoot@9cf8aff8] -> css selector: slot]
Session ID: 1ce3dea93aff0f3cc1a7c3ab3643846f
	at org.openqa.selenium.remote.ErrorCodec.decode(ErrorCodec.java:169)
	at org.openqa.selenium.remote.codec.w3c.W3CHttpResponseCodec.decode(W3CHttpResponseCodec.java:143)
	at org.openqa.selenium.remote.codec.w3c.W3CHttpResponseCodec.decode(W3CHttpResponseCodec.java:50)
	at org.openqa.selenium.remote.HttpCommandExecutor.execute(HttpCommandExecutor.java:224)
	at org.openqa.selenium.remote.service.DriverCommandExecutor.invokeExecute(DriverCommandExecutor.java:217)
	at org.openqa.selenium.remote.service.DriverCommandExecutor.execute(DriverCommandExecutor.java:175)
	at org.openqa.selenium.remote.RemoteWebDriver.execute(RemoteWebDriver.java:600)
	at org.openqa.selenium.remote.RemoteWebElement.execute(RemoteWebElement.java:225)
	at org.openqa.selenium.remote.RemoteWebElement.click(RemoteWebElement.java:79)
	at pageObjects.greenLanes.GreenLanesPage.clickCreateGreenLaneBtn(GreenLanesPage.java:38)
	at testCases.greenLanes.GreenLanesTest.verifyGreenLaneCreation(GreenLanesTest.java:24)
	at java.base/jdk.internal.reflect.DirectMethodHandleAccessor.invoke(DirectMethodHandleAccessor.java:103)
	at java.base/java.lang.reflect.Method.invoke(Method.java:580)
	at org.testng.internal.invokers.MethodInvocationHelper.invokeMethod(MethodInvocationHelper.java:141)
	at org.testng.internal.invokers.TestInvoker.invokeMethod(TestInvoker.java:686)
	at org.testng.internal.invokers.TestInvoker.invokeTestMethod(TestInvoker.java:230)
	at org.testng.internal.invokers.MethodRunner.runInSequence(MethodRunner.java:63)
	at org.testng.internal.invokers.TestInvoker$MethodInvocationAgent.invoke(TestInvoker.java:992)
	at org.testng.internal.invokers.TestInvoker.invokeTestMethods(TestInvoker.java:203)
	at org.testng.internal.invokers.TestMethodWorker.invokeTestMethods(TestMethodWorker.java:154)
	at org.testng.internal.invokers.TestMethodWorker.run(TestMethodWorker.java:134)
	at java.base/java.util.ArrayList.forEach(ArrayList.java:1597)
	at org.testng.TestRunner.privateRun(TestRunner.java:739)
	at org.testng.TestRunner.run(TestRunner.java:614)
	at org.testng.SuiteRunner.runTest(SuiteRunner.java:421)
	at org.testng.SuiteRunner.runSequentially(SuiteRunner.java:413)
	at org.testng.SuiteRunner.privateRun(SuiteRunner.java:373)
	at org.testng.SuiteRunner.run(SuiteRunner.java:312)
	at org.testng.SuiteRunnerWorker.runSuite(SuiteRunnerWorker.java:52)
	at org.testng.SuiteRunnerWorker.run(SuiteRunnerWorker.java:95)
	at org.testng.TestNG.runSuitesSequentially(TestNG.java:1274)
	at org.testng.TestNG.runSuitesLocally(TestNG.java:1208)
	at org.testng.TestNG.runSuites(TestNG.java:1112)
	at org.testng.TestNG.run(TestNG.java:1079)
	at com.intellij.rt.testng.IDEARemoteTestNG.run(IDEARemoteTestNG.java:65)
	at com.intellij.rt.testng.RemoteTestNGStarter.main(RemoteTestNGStarter.java:109)
2026-05-26 00:41:52.731 [main] INFO  testCases.greenLanes.GreenLanesTest.log - openSidebar - Sidebar is already opend, no need to click on sidebar/logo icon
2026-05-26 00:41:52.731 [main] INFO  testCases.greenLanes.GreenLanesTest.log - prepareNavigation - Opened sidebar
2026-05-26 00:41:52.853 [main] INFO  testCases.greenLanes.GreenLanesTest.log - verifyGreenLaneCreation - Clicked on Green Lanes menu item
2026-05-26 00:42:02.905 [main] ERROR testCases.greenLanes.GreenLanesTest.verifyGreenLaneCreation - Test failed due to exception: 
org.openqa.selenium.ElementNotInteractableException: element not interactable
  (Session info: chrome=148.0.7778.179)
Build info: version: '4.44.0', revision: 'da2039b'
System info: os.name: 'Windows 11', os.arch: 'amd64', os.version: '10.0', java.version: '22.0.2'
Driver info: org.openqa.selenium.chrome.ChromeDriver
Command: [1ce3dea93aff0f3cc1a7c3ab3643846f, clickElement {id=f.5AABD3C87B74EB4F2B983423C5245357.d.D2F9AC14741666550AC017F6F2FA8429.e.142}]
Capabilities {acceptInsecureCerts: false, browserName: chrome, browserVersion: 148.0.7778.179, chrome: {chromedriverVersion: 148.0.7778.178 (d096af1c9e9..., userDataDir: C:\Users\LZ172CV\AppData\Lo...}, fedcm:accounts: true, goog:chromeOptions: {debuggerAddress: localhost:58224}, goog:processID: 25536, networkConnectionEnabled: false, pageLoadStrategy: normal, platformName: windows, proxy: Proxy(), se:cdp: ws://localhost:58224/devtoo..., se:cdpVersion: 148.0.7778.179, setWindowRect: true, strictFileInteractability: false, timeouts: {implicit: 0, pageLoad: 300000, script: 30000}, unhandledPromptBehavior: dismiss and notify, webauthn:extension:credBlob: true, webauthn:extension:largeBlob: true, webauthn:extension:minPinLength: true, webauthn:extension:prf: true, webauthn:virtualAuthenticators: true}
Element: [[org.openqa.selenium.remote.ShadowRoot@9cf8aff8] -> css selector: slot]
Session ID: 1ce3dea93aff0f3cc1a7c3ab3643846f
	at org.openqa.selenium.remote.ErrorCodec.decode(ErrorCodec.java:169)
	at org.openqa.selenium.remote.codec.w3c.W3CHttpResponseCodec.decode(W3CHttpResponseCodec.java:143)
	at org.openqa.selenium.remote.codec.w3c.W3CHttpResponseCodec.decode(W3CHttpResponseCodec.java:50)
	at org.openqa.selenium.remote.HttpCommandExecutor.execute(HttpCommandExecutor.java:224)
	at org.openqa.selenium.remote.service.DriverCommandExecutor.invokeExecute(DriverCommandExecutor.java:217)
	at org.openqa.selenium.remote.service.DriverCommandExecutor.execute(DriverCommandExecutor.java:175)
	at org.openqa.selenium.remote.RemoteWebDriver.execute(RemoteWebDriver.java:600)
	at org.openqa.selenium.remote.RemoteWebElement.execute(RemoteWebElement.java:225)
	at org.openqa.selenium.remote.RemoteWebElement.click(RemoteWebElement.java:79)
	at pageObjects.greenLanes.GreenLanesPage.clickCreateGreenLaneBtn(GreenLanesPage.java:38)
	at testCases.greenLanes.GreenLanesTest.verifyGreenLaneCreation(GreenLanesTest.java:24)
	at java.base/jdk.internal.reflect.DirectMethodHandleAccessor.invoke(DirectMethodHandleAccessor.java:103)
	at java.base/java.lang.reflect.Method.invoke(Method.java:580)
	at org.testng.internal.invokers.MethodInvocationHelper.invokeMethod(MethodInvocationHelper.java:141)
	at org.testng.internal.invokers.TestInvoker.invokeMethod(TestInvoker.java:686)
	at org.testng.internal.invokers.TestInvoker.retryFailed(TestInvoker.java:269)
	at org.testng.internal.invokers.MethodRunner.runInSequence(MethodRunner.java:76)
	at org.testng.internal.invokers.TestInvoker$MethodInvocationAgent.invoke(TestInvoker.java:992)
	at org.testng.internal.invokers.TestInvoker.invokeTestMethods(TestInvoker.java:203)
	at org.testng.internal.invokers.TestMethodWorker.invokeTestMethods(TestMethodWorker.java:154)
	at org.testng.internal.invokers.TestMethodWorker.run(TestMethodWorker.java:134)
	at java.base/java.util.ArrayList.forEach(ArrayList.java:1597)
	at org.testng.TestRunner.privateRun(TestRunner.java:739)
	at org.testng.TestRunner.run(TestRunner.java:614)
	at org.testng.SuiteRunner.runTest(SuiteRunner.java:421)
	at org.testng.SuiteRunner.runSequentially(SuiteRunner.java:413)
	at org.testng.SuiteRunner.privateRun(SuiteRunner.java:373)
	at org.testng.SuiteRunner.run(SuiteRunner.java:312)
	at org.testng.SuiteRunnerWorker.runSuite(SuiteRunnerWorker.java:52)
	at org.testng.SuiteRunnerWorker.run(SuiteRunnerWorker.java:95)
	at org.testng.TestNG.runSuitesSequentially(TestNG.java:1274)
	at org.testng.TestNG.runSuitesLocally(TestNG.java:1208)
	at org.testng.TestNG.runSuites(TestNG.java:1112)
	at org.testng.TestNG.run(TestNG.java:1079)
	at com.intellij.rt.testng.IDEARemoteTestNG.run(IDEARemoteTestNG.java:65)
	at com.intellij.rt.testng.RemoteTestNGStarter.main(RemoteTestNGStarter.java:109)
2026-05-26 01:17:31.503 [main] INFO  org.testng.internal.Utils.info - [TestNG] Running:
  C:\Vaibhav\Automation\TDG_HybridFramework\testng-suites\NewTestCasesSuite.xml

2026-05-26 01:17:31.910 [main] INFO  testCases.greenLanes.GreenLanesTest.setup - >>======>>======>> Automation Engineer (SDET)- Vaibhav Chavan <<======<<======<<
2026-05-26 01:17:31.910 [main] INFO  testCases.greenLanes.GreenLanesTest.setup - --test execution started--
2026-05-26 01:17:40.117 [main] INFO  testCases.greenLanes.GreenLanesTest.log - setup - browser opened
2026-05-26 01:17:40.194 [main] INFO  testCases.greenLanes.GreenLanesTest.log - setup - cookies deleted
2026-05-26 01:17:40.352 [main] INFO  testCases.greenLanes.GreenLanesTest.log - setup - browser maximized
2026-05-26 01:17:40.408 [main] INFO  testCases.greenLanes.GreenLanesTest.log - setup - implicit wait applied for 10 seconds
2026-05-26 01:17:41.777 [main] INFO  testCases.greenLanes.GreenLanesTest.log - setup - provided app URL in browser
2026-05-26 01:17:47.861 [main] INFO  testCases.greenLanes.GreenLanesTest.log - setup - provided email
2026-05-26 01:17:48.133 [main] INFO  testCases.greenLanes.GreenLanesTest.log - setup - clicked on log in button
2026-05-26 01:17:51.416 [main] INFO  testCases.greenLanes.GreenLanesTest.log - openSidebar - Clicked on hamburger icon to open the sidebar
2026-05-26 01:17:51.417 [main] INFO  testCases.greenLanes.GreenLanesTest.log - prepareNavigation - Opened sidebar
2026-05-26 01:17:52.414 [main] INFO  testCases.greenLanes.GreenLanesTest.log - verifyGreenLaneCreation - Clicked on Green Lanes menu item
2026-05-26 01:34:26.406 [main] INFO  testCases.greenLanes.GreenLanesTest.log - verifyGreenLaneCreation - Clicked on Create Green Lane button
2026-05-26 01:34:26.533 [main] INFO  testCases.greenLanes.GreenLanesTest.log - verifyGreenLaneCreation - Clicked on Create Green Lane button
2026-05-26 01:41:37.803 [main] INFO  org.testng.internal.Utils.info - [TestNG] Running:
  C:\Vaibhav\Automation\TDG_HybridFramework\testng-suites\NewTestCasesSuite.xml

2026-05-26 01:41:38.240 [main] INFO  testCases.greenLanes.GreenLanesTest.setup - >>======>>======>> Automation Engineer (SDET)- Vaibhav Chavan <<======<<======<<
2026-05-26 01:41:38.241 [main] INFO  testCases.greenLanes.GreenLanesTest.setup - --test execution started--
2026-05-26 01:41:44.523 [main] INFO  testCases.greenLanes.GreenLanesTest.log - setup - browser opened
2026-05-26 01:41:44.539 [main] INFO  testCases.greenLanes.GreenLanesTest.log - setup - cookies deleted
2026-05-26 01:41:44.617 [main] INFO  testCases.greenLanes.GreenLanesTest.log - setup - browser maximized
2026-05-26 01:41:44.633 [main] INFO  testCases.greenLanes.GreenLanesTest.log - setup - implicit wait applied for 10 seconds
2026-05-26 01:41:49.616 [main] INFO  testCases.greenLanes.GreenLanesTest.log - setup - provided app URL in browser
2026-05-26 01:41:52.077 [main] INFO  testCases.greenLanes.GreenLanesTest.log - setup - provided email
2026-05-26 01:41:52.229 [main] INFO  testCases.greenLanes.GreenLanesTest.log - setup - clicked on log in button
2026-05-26 01:41:55.719 [main] INFO  testCases.greenLanes.GreenLanesTest.log - openSidebar - Clicked on hamburger icon to open the sidebar
2026-05-26 01:41:55.721 [main] INFO  testCases.greenLanes.GreenLanesTest.log - prepareNavigation - Opened sidebar
2026-05-26 01:41:56.512 [main] INFO  testCases.greenLanes.GreenLanesTest.log - verifyGreenLaneCreation - Clicked on Green Lanes menu item
2026-05-26 01:41:56.973 [main] INFO  testCases.greenLanes.GreenLanesTest.log - verifyGreenLaneCreation - Clicked on Create Green Lane button
2026-05-26 01:41:57.150 [main] INFO  testCases.greenLanes.GreenLanesTest.log - verifyGreenLaneCreation - Clicked on Create Green Lane button
2026-05-26 01:42:52.133 [main] INFO  org.testng.internal.Utils.info - [TestNG] Running:
  C:\Vaibhav\Automation\TDG_HybridFramework\testng-suites\NewTestCasesSuite.xml

2026-05-26 01:42:52.564 [main] INFO  testCases.greenLanes.GreenLanesTest.setup - >>======>>======>> Automation Engineer (SDET)- Vaibhav Chavan <<======<<======<<
2026-05-26 01:42:52.565 [main] INFO  testCases.greenLanes.GreenLanesTest.setup - --test execution started--
2026-05-26 01:42:59.456 [main] INFO  testCases.greenLanes.GreenLanesTest.log - setup - browser opened
2026-05-26 01:42:59.495 [main] INFO  testCases.greenLanes.GreenLanesTest.log - setup - cookies deleted
2026-05-26 01:42:59.581 [main] INFO  testCases.greenLanes.GreenLanesTest.log - setup - browser maximized
2026-05-26 01:42:59.591 [main] INFO  testCases.greenLanes.GreenLanesTest.log - setup - implicit wait applied for 10 seconds
2026-05-26 01:43:01.853 [main] INFO  testCases.greenLanes.GreenLanesTest.log - setup - provided app URL in browser
2026-05-26 01:43:07.497 [main] INFO  testCases.greenLanes.GreenLanesTest.log - setup - provided email
2026-05-26 01:43:07.635 [main] INFO  testCases.greenLanes.GreenLanesTest.log - setup - clicked on log in button
2026-05-26 01:43:10.380 [main] INFO  testCases.greenLanes.GreenLanesTest.log - openSidebar - Clicked on hamburger icon to open the sidebar
2026-05-26 01:43:10.382 [main] INFO  testCases.greenLanes.GreenLanesTest.log - prepareNavigation - Opened sidebar
2026-05-26 01:43:11.324 [main] INFO  testCases.greenLanes.GreenLanesTest.log - verifyGreenLaneCreation - Clicked on Green Lanes menu item
2026-05-26 01:43:11.732 [main] INFO  testCases.greenLanes.GreenLanesTest.log - verifyGreenLaneCreation - Clicked on Create Green Lane button
2026-05-26 01:43:11.955 [main] INFO  testCases.greenLanes.GreenLanesTest.log - verifyGreenLaneCreation - Clicked on Create Green Lane button
2026-05-26 01:44:52.541 [main] INFO  org.testng.internal.Utils.info - [TestNG] Running:
  C:\Vaibhav\Automation\TDG_HybridFramework\testng-suites\NewTestCasesSuite.xml

2026-05-26 01:44:52.868 [main] INFO  testCases.greenLanes.GreenLanesTest.setup - >>======>>======>> Automation Engineer (SDET)- Vaibhav Chavan <<======<<======<<
2026-05-26 01:44:52.869 [main] INFO  testCases.greenLanes.GreenLanesTest.setup - --test execution started--
2026-05-26 01:44:59.450 [main] INFO  testCases.greenLanes.GreenLanesTest.log - setup - browser opened
2026-05-26 01:44:59.467 [main] INFO  testCases.greenLanes.GreenLanesTest.log - setup - cookies deleted
2026-05-26 01:44:59.496 [main] INFO  testCases.greenLanes.GreenLanesTest.log - setup - browser maximized
2026-05-26 01:44:59.506 [main] INFO  testCases.greenLanes.GreenLanesTest.log - setup - implicit wait applied for 10 seconds
2026-05-26 01:45:04.340 [main] INFO  testCases.greenLanes.GreenLanesTest.log - setup - provided app URL in browser
2026-05-26 01:45:07.068 [main] INFO  testCases.greenLanes.GreenLanesTest.log - setup - provided email
2026-05-26 01:45:07.580 [main] INFO  testCases.greenLanes.GreenLanesTest.log - setup - clicked on log in button
2026-05-26 01:45:10.295 [main] INFO  testCases.greenLanes.GreenLanesTest.log - openSidebar - Clicked on hamburger icon to open the sidebar
2026-05-26 01:45:10.295 [main] INFO  testCases.greenLanes.GreenLanesTest.log - prepareNavigation - Opened sidebar
2026-05-26 01:45:10.916 [main] INFO  testCases.greenLanes.GreenLanesTest.log - verifyGreenLaneCreation - Clicked on Green Lanes menu item
2026-05-26 01:45:11.367 [main] INFO  testCases.greenLanes.GreenLanesTest.log - verifyGreenLaneCreation - Clicked on Create Green Lane button
2026-05-26 01:45:11.703 [main] INFO  testCases.greenLanes.GreenLanesTest.log - verifyGreenLaneCreation - Clicked on Create Green Lane button
2026-05-26 01:45:11.778 [main] ERROR testCases.greenLanes.GreenLanesTest.verifyGreenLaneCreation - Test failed due to exception: 
org.openqa.selenium.NoSuchShadowRootException: no such shadow root: shadow root not found
  (Session info: chrome=148.0.7778.179)
Build info: version: '4.44.0', revision: 'da2039b'
System info: os.name: 'Windows 11', os.arch: 'amd64', os.version: '10.0', java.version: '22.0.2'
Driver info: org.openqa.selenium.chrome.ChromeDriver
Command: [43a16be1e22bd647c2f2cf4cf11b61a8, getElementShadowRoot {id=f.20E67FD9B82D0906A22E6CAFF06BE44C.d.6569D838F839E104B90C41DA87FD4410.e.185}]
Capabilities {acceptInsecureCerts: false, browserName: chrome, browserVersion: 148.0.7778.179, chrome: {chromedriverVersion: 148.0.7778.178 (d096af1c9e9..., userDataDir: C:\Users\LZ172CV\AppData\Lo...}, fedcm:accounts: true, goog:chromeOptions: {debuggerAddress: localhost:56164}, goog:processID: 30080, networkConnectionEnabled: false, pageLoadStrategy: normal, platformName: windows, proxy: Proxy(), se:cdp: ws://localhost:56164/devtoo..., se:cdpVersion: 148.0.7778.179, setWindowRect: true, strictFileInteractability: false, timeouts: {implicit: 0, pageLoad: 300000, script: 30000}, unhandledPromptBehavior: dismiss and notify, webauthn:extension:credBlob: true, webauthn:extension:largeBlob: true, webauthn:extension:minPinLength: true, webauthn:extension:prf: true, webauthn:virtualAuthenticators: true}
Element: [[ChromeDriver: chrome on windows (43a16be1e22bd647c2f2cf4cf11b61a8)] -> css selector: motif-input]
Session ID: 43a16be1e22bd647c2f2cf4cf11b61a8
	at org.openqa.selenium.remote.ErrorCodec.decode(ErrorCodec.java:169)
	at org.openqa.selenium.remote.codec.w3c.W3CHttpResponseCodec.decode(W3CHttpResponseCodec.java:143)
	at org.openqa.selenium.remote.codec.w3c.W3CHttpResponseCodec.decode(W3CHttpResponseCodec.java:50)
	at org.openqa.selenium.remote.HttpCommandExecutor.execute(HttpCommandExecutor.java:224)
	at org.openqa.selenium.remote.service.DriverCommandExecutor.invokeExecute(DriverCommandExecutor.java:217)
	at org.openqa.selenium.remote.service.DriverCommandExecutor.execute(DriverCommandExecutor.java:175)
	at org.openqa.selenium.remote.RemoteWebDriver.execute(RemoteWebDriver.java:600)
	at org.openqa.selenium.remote.RemoteWebElement.execute(RemoteWebElement.java:225)
	at org.openqa.selenium.remote.RemoteWebElement.getShadowRoot(RemoteWebElement.java:219)
	at pageObjects.greenLanes.GreenLanesPage.provideName(GreenLanesPage.java:70)
	at testCases.greenLanes.GreenLanesTest.verifyGreenLaneCreation(GreenLanesTest.java:36)
	at java.base/jdk.internal.reflect.DirectMethodHandleAccessor.invoke(DirectMethodHandleAccessor.java:103)
	at java.base/java.lang.reflect.Method.invoke(Method.java:580)
	at org.testng.internal.invokers.MethodInvocationHelper.invokeMethod(MethodInvocationHelper.java:141)
	at org.testng.internal.invokers.TestInvoker.invokeMethod(TestInvoker.java:686)
	at org.testng.internal.invokers.TestInvoker.invokeTestMethod(TestInvoker.java:230)
	at org.testng.internal.invokers.MethodRunner.runInSequence(MethodRunner.java:63)
	at org.testng.internal.invokers.TestInvoker$MethodInvocationAgent.invoke(TestInvoker.java:992)
	at org.testng.internal.invokers.TestInvoker.invokeTestMethods(TestInvoker.java:203)
	at org.testng.internal.invokers.TestMethodWorker.invokeTestMethods(TestMethodWorker.java:154)
	at org.testng.internal.invokers.TestMethodWorker.run(TestMethodWorker.java:134)
	at java.base/java.util.ArrayList.forEach(ArrayList.java:1597)
	at org.testng.TestRunner.privateRun(TestRunner.java:739)
	at org.testng.TestRunner.run(TestRunner.java:614)
	at org.testng.SuiteRunner.runTest(SuiteRunner.java:421)
	at org.testng.SuiteRunner.runSequentially(SuiteRunner.java:413)
	at org.testng.SuiteRunner.privateRun(SuiteRunner.java:373)
	at org.testng.SuiteRunner.run(SuiteRunner.java:312)
	at org.testng.SuiteRunnerWorker.runSuite(SuiteRunnerWorker.java:52)
	at org.testng.SuiteRunnerWorker.run(SuiteRunnerWorker.java:95)
	at org.testng.TestNG.runSuitesSequentially(TestNG.java:1274)
	at org.testng.TestNG.runSuitesLocally(TestNG.java:1208)
	at org.testng.TestNG.runSuites(TestNG.java:1112)
	at org.testng.TestNG.run(TestNG.java:1079)
	at com.intellij.rt.testng.IDEARemoteTestNG.run(IDEARemoteTestNG.java:65)
	at com.intellij.rt.testng.RemoteTestNGStarter.main(RemoteTestNGStarter.java:109)
2026-05-26 01:45:11.922 [main] INFO  testCases.greenLanes.GreenLanesTest.log - openSidebar - Sidebar is already opend, no need to click on sidebar/logo icon
2026-05-26 01:45:11.923 [main] INFO  testCases.greenLanes.GreenLanesTest.log - prepareNavigation - Opened sidebar
2026-05-26 01:45:12.233 [main] INFO  testCases.greenLanes.GreenLanesTest.log - verifyGreenLaneCreation - Clicked on Green Lanes menu item
2026-05-26 01:45:12.326 [main] INFO  testCases.greenLanes.GreenLanesTest.log - verifyGreenLaneCreation - Clicked on Create Green Lane button
2026-05-26 01:45:12.413 [main] INFO  testCases.greenLanes.GreenLanesTest.log - verifyGreenLaneCreation - Clicked on Create Green Lane button
2026-05-26 01:45:12.433 [main] ERROR testCases.greenLanes.GreenLanesTest.verifyGreenLaneCreation - Test failed due to exception: 
org.openqa.selenium.NoSuchShadowRootException: no such shadow root: shadow root not found
  (Session info: chrome=148.0.7778.179)
Build info: version: '4.44.0', revision: 'da2039b'
System info: os.name: 'Windows 11', os.arch: 'amd64', os.version: '10.0', java.version: '22.0.2'
Driver info: org.openqa.selenium.chrome.ChromeDriver
Command: [43a16be1e22bd647c2f2cf4cf11b61a8, getElementShadowRoot {id=f.20E67FD9B82D0906A22E6CAFF06BE44C.d.6569D838F839E104B90C41DA87FD4410.e.185}]
Capabilities {acceptInsecureCerts: false, browserName: chrome, browserVersion: 148.0.7778.179, chrome: {chromedriverVersion: 148.0.7778.178 (d096af1c9e9..., userDataDir: C:\Users\LZ172CV\AppData\Lo...}, fedcm:accounts: true, goog:chromeOptions: {debuggerAddress: localhost:56164}, goog:processID: 30080, networkConnectionEnabled: false, pageLoadStrategy: normal, platformName: windows, proxy: Proxy(), se:cdp: ws://localhost:56164/devtoo..., se:cdpVersion: 148.0.7778.179, setWindowRect: true, strictFileInteractability: false, timeouts: {implicit: 0, pageLoad: 300000, script: 30000}, unhandledPromptBehavior: dismiss and notify, webauthn:extension:credBlob: true, webauthn:extension:largeBlob: true, webauthn:extension:minPinLength: true, webauthn:extension:prf: true, webauthn:virtualAuthenticators: true}
Element: [[ChromeDriver: chrome on windows (43a16be1e22bd647c2f2cf4cf11b61a8)] -> css selector: motif-input]
Session ID: 43a16be1e22bd647c2f2cf4cf11b61a8
	at org.openqa.selenium.remote.ErrorCodec.decode(ErrorCodec.java:169)
	at org.openqa.selenium.remote.codec.w3c.W3CHttpResponseCodec.decode(W3CHttpResponseCodec.java:143)
	at org.openqa.selenium.remote.codec.w3c.W3CHttpResponseCodec.decode(W3CHttpResponseCodec.java:50)
	at org.openqa.selenium.remote.HttpCommandExecutor.execute(HttpCommandExecutor.java:224)
	at org.openqa.selenium.remote.service.DriverCommandExecutor.invokeExecute(DriverCommandExecutor.java:217)
	at org.openqa.selenium.remote.service.DriverCommandExecutor.execute(DriverCommandExecutor.java:175)
	at org.openqa.selenium.remote.RemoteWebDriver.execute(RemoteWebDriver.java:600)
	at org.openqa.selenium.remote.RemoteWebElement.execute(RemoteWebElement.java:225)
	at org.openqa.selenium.remote.RemoteWebElement.getShadowRoot(RemoteWebElement.java:219)
	at pageObjects.greenLanes.GreenLanesPage.provideName(GreenLanesPage.java:70)
	at testCases.greenLanes.GreenLanesTest.verifyGreenLaneCreation(GreenLanesTest.java:36)
	at java.base/jdk.internal.reflect.DirectMethodHandleAccessor.invoke(DirectMethodHandleAccessor.java:103)
	at java.base/java.lang.reflect.Method.invoke(Method.java:580)
	at org.testng.internal.invokers.MethodInvocationHelper.invokeMethod(MethodInvocationHelper.java:141)
	at org.testng.internal.invokers.TestInvoker.invokeMethod(TestInvoker.java:686)
	at org.testng.internal.invokers.TestInvoker.retryFailed(TestInvoker.java:269)
	at org.testng.internal.invokers.MethodRunner.runInSequence(MethodRunner.java:76)
	at org.testng.internal.invokers.TestInvoker$MethodInvocationAgent.invoke(TestInvoker.java:992)
	at org.testng.internal.invokers.TestInvoker.invokeTestMethods(TestInvoker.java:203)
	at org.testng.internal.invokers.TestMethodWorker.invokeTestMethods(TestMethodWorker.java:154)
	at org.testng.internal.invokers.TestMethodWorker.run(TestMethodWorker.java:134)
	at java.base/java.util.ArrayList.forEach(ArrayList.java:1597)
	at org.testng.TestRunner.privateRun(TestRunner.java:739)
	at org.testng.TestRunner.run(TestRunner.java:614)
	at org.testng.SuiteRunner.runTest(SuiteRunner.java:421)
	at org.testng.SuiteRunner.runSequentially(SuiteRunner.java:413)
	at org.testng.SuiteRunner.privateRun(SuiteRunner.java:373)
	at org.testng.SuiteRunner.run(SuiteRunner.java:312)
	at org.testng.SuiteRunnerWorker.runSuite(SuiteRunnerWorker.java:52)
	at org.testng.SuiteRunnerWorker.run(SuiteRunnerWorker.java:95)
	at org.testng.TestNG.runSuitesSequentially(TestNG.java:1274)
	at org.testng.TestNG.runSuitesLocally(TestNG.java:1208)
	at org.testng.TestNG.runSuites(TestNG.java:1112)
	at org.testng.TestNG.run(TestNG.java:1079)
	at com.intellij.rt.testng.IDEARemoteTestNG.run(IDEARemoteTestNG.java:65)
	at com.intellij.rt.testng.RemoteTestNGStarter.main(RemoteTestNGStarter.java:109)
2026-05-26 01:51:27.333 [main] INFO  org.testng.internal.Utils.info - [TestNG] Running:
  C:\Vaibhav\Automation\TDG_HybridFramework\testng-suites\NewTestCasesSuite.xml

2026-05-26 01:51:27.771 [main] INFO  testCases.greenLanes.GreenLanesTest.setup - >>======>>======>> Automation Engineer (SDET)- Vaibhav Chavan <<======<<======<<
2026-05-26 01:51:27.772 [main] INFO  testCases.greenLanes.GreenLanesTest.setup - --test execution started--
2026-05-26 01:51:34.346 [main] INFO  testCases.greenLanes.GreenLanesTest.log - setup - browser opened
2026-05-26 01:51:34.667 [main] INFO  testCases.greenLanes.GreenLanesTest.log - setup - cookies deleted
2026-05-26 01:51:34.745 [main] INFO  testCases.greenLanes.GreenLanesTest.log - setup - browser maximized
2026-05-26 01:51:34.764 [main] INFO  testCases.greenLanes.GreenLanesTest.log - setup - implicit wait applied for 10 seconds
2026-05-26 01:51:36.312 [main] INFO  testCases.greenLanes.GreenLanesTest.log - setup - provided app URL in browser
2026-05-26 01:51:42.170 [main] INFO  testCases.greenLanes.GreenLanesTest.log - setup - provided email
2026-05-26 01:51:42.348 [main] INFO  testCases.greenLanes.GreenLanesTest.log - setup - clicked on log in button
2026-05-26 01:51:45.333 [main] INFO  testCases.greenLanes.GreenLanesTest.log - openSidebar - Clicked on hamburger icon to open the sidebar
2026-05-26 01:51:45.333 [main] INFO  testCases.greenLanes.GreenLanesTest.log - prepareNavigation - Opened sidebar
2026-05-26 01:51:46.255 [main] INFO  testCases.greenLanes.GreenLanesTest.log - verifyGreenLaneCreation - Clicked on Green Lanes menu item
2026-05-26 01:51:46.610 [main] INFO  testCases.greenLanes.GreenLanesTest.log - verifyGreenLaneCreation - Clicked on Create Green Lane button
2026-05-26 01:51:46.748 [main] INFO  testCases.greenLanes.GreenLanesTest.log - verifyGreenLaneCreation - Clicked on Create Green Lane button
2026-05-26 01:51:56.810 [main] ERROR testCases.greenLanes.GreenLanesTest.verifyGreenLaneCreation - Test failed due to exception: 
org.openqa.selenium.NoSuchElementException: no such element: Unable to locate element: {"method":"css selector","selector":"#motif\-input\-pdqjhm"}
  (Session info: chrome=148.0.7778.179)
For documentation on this error, please visit: https://www.selenium.dev/documentation/webdriver/troubleshooting/errors#nosuchelementexception
Build info: version: '4.44.0', revision: 'da2039b'
System info: os.name: 'Windows 11', os.arch: 'amd64', os.version: '10.0', java.version: '22.0.2'
Driver info: org.openqa.selenium.chrome.ChromeDriver
Command: [be7f88ce281e4952a2cee36e11a73838, findElement {using=id, value=motif-input-pdqjhm}]
Capabilities {acceptInsecureCerts: false, browserName: chrome, browserVersion: 148.0.7778.179, chrome: {chromedriverVersion: 148.0.7778.178 (d096af1c9e9..., userDataDir: C:\Users\LZ172CV\AppData\Lo...}, fedcm:accounts: true, goog:chromeOptions: {debuggerAddress: localhost:63038}, goog:processID: 13744, networkConnectionEnabled: false, pageLoadStrategy: normal, platformName: windows, proxy: Proxy(), se:cdp: ws://localhost:63038/devtoo..., se:cdpVersion: 148.0.7778.179, setWindowRect: true, strictFileInteractability: false, timeouts: {implicit: 0, pageLoad: 300000, script: 30000}, unhandledPromptBehavior: dismiss and notify, webauthn:extension:credBlob: true, webauthn:extension:largeBlob: true, webauthn:extension:minPinLength: true, webauthn:extension:prf: true, webauthn:virtualAuthenticators: true}
Session ID: be7f88ce281e4952a2cee36e11a73838
	at org.openqa.selenium.remote.ErrorCodec.decode(ErrorCodec.java:169)
	at org.openqa.selenium.remote.codec.w3c.W3CHttpResponseCodec.decode(W3CHttpResponseCodec.java:143)
	at org.openqa.selenium.remote.codec.w3c.W3CHttpResponseCodec.decode(W3CHttpResponseCodec.java:50)
	at org.openqa.selenium.remote.HttpCommandExecutor.execute(HttpCommandExecutor.java:224)
	at org.openqa.selenium.remote.service.DriverCommandExecutor.invokeExecute(DriverCommandExecutor.java:217)
	at org.openqa.selenium.remote.service.DriverCommandExecutor.execute(DriverCommandExecutor.java:175)
	at org.openqa.selenium.remote.RemoteWebDriver.execute(RemoteWebDriver.java:600)
	at org.openqa.selenium.remote.ElementLocation$ElementFinder$2.findElement(ElementLocation.java:173)
	at org.openqa.selenium.remote.ElementLocation.findElement(ElementLocation.java:67)
	at org.openqa.selenium.remote.RemoteWebDriver.findElement(RemoteWebDriver.java:421)
	at org.openqa.selenium.remote.RemoteWebDriver.findElement(RemoteWebDriver.java:415)
	at pageObjects.greenLanes.GreenLanesPage.provideName(GreenLanesPage.java:69)
	at testCases.greenLanes.GreenLanesTest.verifyGreenLaneCreation(GreenLanesTest.java:36)
	at java.base/jdk.internal.reflect.DirectMethodHandleAccessor.invoke(DirectMethodHandleAccessor.java:103)
	at java.base/java.lang.reflect.Method.invoke(Method.java:580)
	at org.testng.internal.invokers.MethodInvocationHelper.invokeMethod(MethodInvocationHelper.java:141)
	at org.testng.internal.invokers.TestInvoker.invokeMethod(TestInvoker.java:686)
	at org.testng.internal.invokers.TestInvoker.invokeTestMethod(TestInvoker.java:230)
	at org.testng.internal.invokers.MethodRunner.runInSequence(MethodRunner.java:63)
	at org.testng.internal.invokers.TestInvoker$MethodInvocationAgent.invoke(TestInvoker.java:992)
	at org.testng.internal.invokers.TestInvoker.invokeTestMethods(TestInvoker.java:203)
	at org.testng.internal.invokers.TestMethodWorker.invokeTestMethods(TestMethodWorker.java:154)
	at org.testng.internal.invokers.TestMethodWorker.run(TestMethodWorker.java:134)
	at java.base/java.util.ArrayList.forEach(ArrayList.java:1597)
	at org.testng.TestRunner.privateRun(TestRunner.java:739)
	at org.testng.TestRunner.run(TestRunner.java:614)
	at org.testng.SuiteRunner.runTest(SuiteRunner.java:421)
	at org.testng.SuiteRunner.runSequentially(SuiteRunner.java:413)
	at org.testng.SuiteRunner.privateRun(SuiteRunner.java:373)
	at org.testng.SuiteRunner.run(SuiteRunner.java:312)
	at org.testng.SuiteRunnerWorker.runSuite(SuiteRunnerWorker.java:52)
	at org.testng.SuiteRunnerWorker.run(SuiteRunnerWorker.java:95)
	at org.testng.TestNG.runSuitesSequentially(TestNG.java:1274)
	at org.testng.TestNG.runSuitesLocally(TestNG.java:1208)
	at org.testng.TestNG.runSuites(TestNG.java:1112)
	at org.testng.TestNG.run(TestNG.java:1079)
	at com.intellij.rt.testng.IDEARemoteTestNG.run(IDEARemoteTestNG.java:65)
	at com.intellij.rt.testng.RemoteTestNGStarter.main(RemoteTestNGStarter.java:109)
2026-05-26 01:51:56.881 [main] INFO  testCases.greenLanes.GreenLanesTest.log - openSidebar - Sidebar is already opend, no need to click on sidebar/logo icon
2026-05-26 01:51:56.881 [main] INFO  testCases.greenLanes.GreenLanesTest.log - prepareNavigation - Opened sidebar
2026-05-26 01:51:57.052 [main] INFO  testCases.greenLanes.GreenLanesTest.log - verifyGreenLaneCreation - Clicked on Green Lanes menu item
2026-05-26 01:51:57.114 [main] INFO  testCases.greenLanes.GreenLanesTest.log - verifyGreenLaneCreation - Clicked on Create Green Lane button
2026-05-26 01:51:57.206 [main] INFO  testCases.greenLanes.GreenLanesTest.log - verifyGreenLaneCreation - Clicked on Create Green Lane button
2026-05-26 01:52:15.724 [main] INFO  org.testng.internal.Utils.info - [TestNG] Running:
  C:\Vaibhav\Automation\TDG_HybridFramework\testng-suites\NewTestCasesSuite.xml

2026-05-26 01:52:16.140 [main] INFO  testCases.greenLanes.GreenLanesTest.setup - >>======>>======>> Automation Engineer (SDET)- Vaibhav Chavan <<======<<======<<
2026-05-26 01:52:16.141 [main] INFO  testCases.greenLanes.GreenLanesTest.setup - --test execution started--
2026-05-26 01:52:21.923 [main] INFO  testCases.greenLanes.GreenLanesTest.log - setup - browser opened
2026-05-26 01:52:22.000 [main] INFO  testCases.greenLanes.GreenLanesTest.log - setup - cookies deleted
2026-05-26 01:52:22.149 [main] INFO  testCases.greenLanes.GreenLanesTest.log - setup - browser maximized
2026-05-26 01:52:22.243 [main] INFO  testCases.greenLanes.GreenLanesTest.log - setup - implicit wait applied for 10 seconds
2026-05-26 01:52:30.904 [main] INFO  testCases.greenLanes.GreenLanesTest.log - setup - provided app URL in browser
2026-05-26 01:52:33.517 [main] INFO  testCases.greenLanes.GreenLanesTest.log - setup - provided email
2026-05-26 01:52:33.686 [main] INFO  testCases.greenLanes.GreenLanesTest.log - setup - clicked on log in button
2026-05-26 01:52:36.847 [main] INFO  testCases.greenLanes.GreenLanesTest.log - openSidebar - Clicked on hamburger icon to open the sidebar
2026-05-26 01:52:36.849 [main] INFO  testCases.greenLanes.GreenLanesTest.log - prepareNavigation - Opened sidebar
2026-05-26 01:52:37.730 [main] INFO  testCases.greenLanes.GreenLanesTest.log - verifyGreenLaneCreation - Clicked on Green Lanes menu item
2026-05-26 01:52:38.273 [main] INFO  testCases.greenLanes.GreenLanesTest.log - verifyGreenLaneCreation - Clicked on Create Green Lane button
2026-05-26 01:52:38.524 [main] INFO  testCases.greenLanes.GreenLanesTest.log - verifyGreenLaneCreation - Clicked on Create Green Lane button
2026-05-26 01:52:48.570 [main] ERROR testCases.greenLanes.GreenLanesTest.verifyGreenLaneCreation - Test failed due to exception: 
org.openqa.selenium.NoSuchElementException: no such element: Unable to locate element: {"method":"css selector","selector":"#motif\-input\-pdqjhm"}
  (Session info: chrome=148.0.7778.179)
For documentation on this error, please visit: https://www.selenium.dev/documentation/webdriver/troubleshooting/errors#nosuchelementexception
Build info: version: '4.44.0', revision: 'da2039b'
System info: os.name: 'Windows 11', os.arch: 'amd64', os.version: '10.0', java.version: '22.0.2'
Driver info: org.openqa.selenium.chrome.ChromeDriver
Command: [2e014a6731c637f2c1dac9f52d73fad5, findElement {value=motif-input-pdqjhm, using=id}]
Capabilities {acceptInsecureCerts: false, browserName: chrome, browserVersion: 148.0.7778.179, chrome: {chromedriverVersion: 148.0.7778.178 (d096af1c9e9..., userDataDir: C:\Users\LZ172CV\AppData\Lo...}, fedcm:accounts: true, goog:chromeOptions: {debuggerAddress: localhost:49347}, goog:processID: 29996, networkConnectionEnabled: false, pageLoadStrategy: normal, platformName: windows, proxy: Proxy(), se:cdp: ws://localhost:49347/devtoo..., se:cdpVersion: 148.0.7778.179, setWindowRect: true, strictFileInteractability: false, timeouts: {implicit: 0, pageLoad: 300000, script: 30000}, unhandledPromptBehavior: dismiss and notify, webauthn:extension:credBlob: true, webauthn:extension:largeBlob: true, webauthn:extension:minPinLength: true, webauthn:extension:prf: true, webauthn:virtualAuthenticators: true}
Session ID: 2e014a6731c637f2c1dac9f52d73fad5
	at org.openqa.selenium.remote.ErrorCodec.decode(ErrorCodec.java:169)
	at org.openqa.selenium.remote.codec.w3c.W3CHttpResponseCodec.decode(W3CHttpResponseCodec.java:143)
	at org.openqa.selenium.remote.codec.w3c.W3CHttpResponseCodec.decode(W3CHttpResponseCodec.java:50)
	at org.openqa.selenium.remote.HttpCommandExecutor.execute(HttpCommandExecutor.java:224)
	at org.openqa.selenium.remote.service.DriverCommandExecutor.invokeExecute(DriverCommandExecutor.java:217)
	at org.openqa.selenium.remote.service.DriverCommandExecutor.execute(DriverCommandExecutor.java:175)
	at org.openqa.selenium.remote.RemoteWebDriver.execute(RemoteWebDriver.java:600)
	at org.openqa.selenium.remote.ElementLocation$ElementFinder$2.findElement(ElementLocation.java:173)
	at org.openqa.selenium.remote.ElementLocation.findElement(ElementLocation.java:67)
	at org.openqa.selenium.remote.RemoteWebDriver.findElement(RemoteWebDriver.java:421)
	at org.openqa.selenium.remote.RemoteWebDriver.findElement(RemoteWebDriver.java:415)
	at pageObjects.greenLanes.GreenLanesPage.provideName(GreenLanesPage.java:69)
	at testCases.greenLanes.GreenLanesTest.verifyGreenLaneCreation(GreenLanesTest.java:36)
	at java.base/jdk.internal.reflect.DirectMethodHandleAccessor.invoke(DirectMethodHandleAccessor.java:103)
	at java.base/java.lang.reflect.Method.invoke(Method.java:580)
	at org.testng.internal.invokers.MethodInvocationHelper.invokeMethod(MethodInvocationHelper.java:141)
	at org.testng.internal.invokers.TestInvoker.invokeMethod(TestInvoker.java:686)
	at org.testng.internal.invokers.TestInvoker.invokeTestMethod(TestInvoker.java:230)
	at org.testng.internal.invokers.MethodRunner.runInSequence(MethodRunner.java:63)
	at org.testng.internal.invokers.TestInvoker$MethodInvocationAgent.invoke(TestInvoker.java:992)
	at org.testng.internal.invokers.TestInvoker.invokeTestMethods(TestInvoker.java:203)
	at org.testng.internal.invokers.TestMethodWorker.invokeTestMethods(TestMethodWorker.java:154)
	at org.testng.internal.invokers.TestMethodWorker.run(TestMethodWorker.java:134)
	at java.base/java.util.ArrayList.forEach(ArrayList.java:1597)
	at org.testng.TestRunner.privateRun(TestRunner.java:739)
	at org.testng.TestRunner.run(TestRunner.java:614)
	at org.testng.SuiteRunner.runTest(SuiteRunner.java:421)
	at org.testng.SuiteRunner.runSequentially(SuiteRunner.java:413)
	at org.testng.SuiteRunner.privateRun(SuiteRunner.java:373)
	at org.testng.SuiteRunner.run(SuiteRunner.java:312)
	at org.testng.SuiteRunnerWorker.runSuite(SuiteRunnerWorker.java:52)
	at org.testng.SuiteRunnerWorker.run(SuiteRunnerWorker.java:95)
	at org.testng.TestNG.runSuitesSequentially(TestNG.java:1274)
	at org.testng.TestNG.runSuitesLocally(TestNG.java:1208)
	at org.testng.TestNG.runSuites(TestNG.java:1112)
	at org.testng.TestNG.run(TestNG.java:1079)
	at com.intellij.rt.testng.IDEARemoteTestNG.run(IDEARemoteTestNG.java:65)
	at com.intellij.rt.testng.RemoteTestNGStarter.main(RemoteTestNGStarter.java:109)
2026-05-26 01:52:48.696 [main] INFO  testCases.greenLanes.GreenLanesTest.log - openSidebar - Sidebar is already opend, no need to click on sidebar/logo icon
2026-05-26 01:52:48.697 [main] INFO  testCases.greenLanes.GreenLanesTest.log - prepareNavigation - Opened sidebar
2026-05-26 01:52:48.849 [main] INFO  testCases.greenLanes.GreenLanesTest.log - verifyGreenLaneCreation - Clicked on Green Lanes menu item
2026-05-26 01:52:48.905 [main] INFO  testCases.greenLanes.GreenLanesTest.log - verifyGreenLaneCreation - Clicked on Create Green Lane button
2026-05-26 01:52:48.974 [main] INFO  testCases.greenLanes.GreenLanesTest.log - verifyGreenLaneCreation - Clicked on Create Green Lane button
2026-05-26 01:52:58.988 [main] ERROR testCases.greenLanes.GreenLanesTest.verifyGreenLaneCreation - Test failed due to exception: 
org.openqa.selenium.NoSuchElementException: no such element: Unable to locate element: {"method":"css selector","selector":"#motif\-input\-pdqjhm"}
  (Session info: chrome=148.0.7778.179)
For documentation on this error, please visit: https://www.selenium.dev/documentation/webdriver/troubleshooting/errors#nosuchelementexception
Build info: version: '4.44.0', revision: 'da2039b'
System info: os.name: 'Windows 11', os.arch: 'amd64', os.version: '10.0', java.version: '22.0.2'
Driver info: org.openqa.selenium.chrome.ChromeDriver
Command: [2e014a6731c637f2c1dac9f52d73fad5, findElement {value=motif-input-pdqjhm, using=id}]
Capabilities {acceptInsecureCerts: false, browserName: chrome, browserVersion: 148.0.7778.179, chrome: {chromedriverVersion: 148.0.7778.178 (d096af1c9e9..., userDataDir: C:\Users\LZ172CV\AppData\Lo...}, fedcm:accounts: true, goog:chromeOptions: {debuggerAddress: localhost:49347}, goog:processID: 29996, networkConnectionEnabled: false, pageLoadStrategy: normal, platformName: windows, proxy: Proxy(), se:cdp: ws://localhost:49347/devtoo..., se:cdpVersion: 148.0.7778.179, setWindowRect: true, strictFileInteractability: false, timeouts: {implicit: 0, pageLoad: 300000, script: 30000}, unhandledPromptBehavior: dismiss and notify, webauthn:extension:credBlob: true, webauthn:extension:largeBlob: true, webauthn:extension:minPinLength: true, webauthn:extension:prf: true, webauthn:virtualAuthenticators: true}
Session ID: 2e014a6731c637f2c1dac9f52d73fad5
	at org.openqa.selenium.remote.ErrorCodec.decode(ErrorCodec.java:169)
	at org.openqa.selenium.remote.codec.w3c.W3CHttpResponseCodec.decode(W3CHttpResponseCodec.java:143)
	at org.openqa.selenium.remote.codec.w3c.W3CHttpResponseCodec.decode(W3CHttpResponseCodec.java:50)
	at org.openqa.selenium.remote.HttpCommandExecutor.execute(HttpCommandExecutor.java:224)
	at org.openqa.selenium.remote.service.DriverCommandExecutor.invokeExecute(DriverCommandExecutor.java:217)
	at org.openqa.selenium.remote.service.DriverCommandExecutor.execute(DriverCommandExecutor.java:175)
	at org.openqa.selenium.remote.RemoteWebDriver.execute(RemoteWebDriver.java:600)
	at org.openqa.selenium.remote.ElementLocation$ElementFinder$2.findElement(ElementLocation.java:173)
	at org.openqa.selenium.remote.ElementLocation.findElement(ElementLocation.java:60)
	at org.openqa.selenium.remote.RemoteWebDriver.findElement(RemoteWebDriver.java:421)
	at org.openqa.selenium.remote.RemoteWebDriver.findElement(RemoteWebDriver.java:415)
	at pageObjects.greenLanes.GreenLanesPage.provideName(GreenLanesPage.java:69)
	at testCases.greenLanes.GreenLanesTest.verifyGreenLaneCreation(GreenLanesTest.java:36)
	at java.base/jdk.internal.reflect.DirectMethodHandleAccessor.invoke(DirectMethodHandleAccessor.java:103)
	at java.base/java.lang.reflect.Method.invoke(Method.java:580)
	at org.testng.internal.invokers.MethodInvocationHelper.invokeMethod(MethodInvocationHelper.java:141)
	at org.testng.internal.invokers.TestInvoker.invokeMethod(TestInvoker.java:686)
	at org.testng.internal.invokers.TestInvoker.retryFailed(TestInvoker.java:269)
	at org.testng.internal.invokers.MethodRunner.runInSequence(MethodRunner.java:76)
	at org.testng.internal.invokers.TestInvoker$MethodInvocationAgent.invoke(TestInvoker.java:992)
	at org.testng.internal.invokers.TestInvoker.invokeTestMethods(TestInvoker.java:203)
	at org.testng.internal.invokers.TestMethodWorker.invokeTestMethods(TestMethodWorker.java:154)
	at org.testng.internal.invokers.TestMethodWorker.run(TestMethodWorker.java:134)
	at java.base/java.util.ArrayList.forEach(ArrayList.java:1597)
	at org.testng.TestRunner.privateRun(TestRunner.java:739)
	at org.testng.TestRunner.run(TestRunner.java:614)
	at org.testng.SuiteRunner.runTest(SuiteRunner.java:421)
	at org.testng.SuiteRunner.runSequentially(SuiteRunner.java:413)
	at org.testng.SuiteRunner.privateRun(SuiteRunner.java:373)
	at org.testng.SuiteRunner.run(SuiteRunner.java:312)
	at org.testng.SuiteRunnerWorker.runSuite(SuiteRunnerWorker.java:52)
	at org.testng.SuiteRunnerWorker.run(SuiteRunnerWorker.java:95)
	at org.testng.TestNG.runSuitesSequentially(TestNG.java:1274)
	at org.testng.TestNG.runSuitesLocally(TestNG.java:1208)
	at org.testng.TestNG.runSuites(TestNG.java:1112)
	at org.testng.TestNG.run(TestNG.java:1079)
	at com.intellij.rt.testng.IDEARemoteTestNG.run(IDEARemoteTestNG.java:65)
	at com.intellij.rt.testng.RemoteTestNGStarter.main(RemoteTestNGStarter.java:109)
2026-05-26 01:55:14.075 [main] INFO  org.testng.internal.Utils.info - [TestNG] Running:
  C:\Vaibhav\Automation\TDG_HybridFramework\testng-suites\NewTestCasesSuite.xml

2026-05-26 01:55:14.505 [main] INFO  testCases.greenLanes.GreenLanesTest.setup - >>======>>======>> Automation Engineer (SDET)- Vaibhav Chavan <<======<<======<<
2026-05-26 01:55:14.506 [main] INFO  testCases.greenLanes.GreenLanesTest.setup - --test execution started--
2026-05-26 01:55:20.408 [main] INFO  testCases.greenLanes.GreenLanesTest.log - setup - browser opened
2026-05-26 01:55:20.470 [main] INFO  testCases.greenLanes.GreenLanesTest.log - setup - cookies deleted
2026-05-26 01:55:20.576 [main] INFO  testCases.greenLanes.GreenLanesTest.log - setup - browser maximized
2026-05-26 01:55:20.630 [main] INFO  testCases.greenLanes.GreenLanesTest.log - setup - implicit wait applied for 10 seconds
2026-05-26 01:55:22.175 [main] INFO  testCases.greenLanes.GreenLanesTest.log - setup - provided app URL in browser
2026-05-26 01:55:28.091 [main] INFO  testCases.greenLanes.GreenLanesTest.log - setup - provided email
2026-05-26 01:55:28.414 [main] INFO  testCases.greenLanes.GreenLanesTest.log - setup - clicked on log in button
2026-05-26 01:55:31.267 [main] INFO  testCases.greenLanes.GreenLanesTest.log - openSidebar - Clicked on hamburger icon to open the sidebar
2026-05-26 01:55:31.268 [main] INFO  testCases.greenLanes.GreenLanesTest.log - prepareNavigation - Opened sidebar
2026-05-26 01:55:31.759 [main] INFO  testCases.greenLanes.GreenLanesTest.log - verifyGreenLaneCreation - Clicked on Green Lanes menu item
2026-05-26 01:55:32.063 [main] INFO  testCases.greenLanes.GreenLanesTest.log - verifyGreenLaneCreation - Clicked on Create Green Lane button
2026-05-26 01:55:32.168 [main] INFO  testCases.greenLanes.GreenLanesTest.log - verifyGreenLaneCreation - Clicked on Create Green Lane button
2026-05-26 01:56:18.849 [main] INFO  testCases.greenLanes.GreenLanesTest.log - verifyGreenLaneCreation - Provided name for the new green lane
2026-05-28 19:12:39.992 [main] INFO  org.testng.internal.Utils.info - [TestNG] Running:
  C:\Vaibhav\Automation\TDG_HybridFramework\testng-suites\NewTestCasesSuite.xml

2026-05-28 19:12:40.594 [main] INFO  testCases.greenLanes.GreenLanesTest.setup - >>======>>======>> Automation Engineer (SDET)- Vaibhav Chavan <<======<<======<<
2026-05-28 19:12:40.595 [main] INFO  testCases.greenLanes.GreenLanesTest.setup - --test execution started--
2026-05-28 19:12:50.246 [main] INFO  testCases.greenLanes.GreenLanesTest.log - setup - browser opened
2026-05-28 19:12:50.307 [main] INFO  testCases.greenLanes.GreenLanesTest.log - setup - cookies deleted
2026-05-28 19:12:50.391 [main] INFO  testCases.greenLanes.GreenLanesTest.log - setup - browser maximized
2026-05-28 19:12:50.418 [main] INFO  testCases.greenLanes.GreenLanesTest.log - setup - implicit wait applied for 10 seconds
2026-05-28 19:12:55.909 [main] INFO  testCases.greenLanes.GreenLanesTest.log - setup - provided app URL in browser
2026-05-28 19:12:58.603 [main] INFO  testCases.greenLanes.GreenLanesTest.log - setup - provided email
2026-05-28 19:12:58.893 [main] INFO  testCases.greenLanes.GreenLanesTest.log - setup - clicked on log in button
2026-05-28 19:13:02.732 [main] INFO  testCases.greenLanes.GreenLanesTest.log - openSidebar - Clicked on hamburger icon to open the sidebar
2026-05-28 19:13:02.733 [main] INFO  testCases.greenLanes.GreenLanesTest.log - prepareNavigation - Opened sidebar
2026-05-28 19:13:03.355 [main] INFO  testCases.greenLanes.GreenLanesTest.log - verifyGreenLaneCreation - Clicked on Green Lanes menu item
2026-05-28 19:13:03.840 [main] INFO  testCases.greenLanes.GreenLanesTest.log - verifyGreenLaneCreation - Clicked on Create Green Lane button
2026-05-28 19:13:04.188 [main] INFO  testCases.greenLanes.GreenLanesTest.log - verifyGreenLaneCreation - Clicked on Create Green Lane button
2026-05-28 19:13:19.166 [main] INFO  testCases.greenLanes.GreenLanesTest.log - verifyGreenLaneCreation - Provided name for the new green lane
2026-05-28 19:13:22.715 [main] INFO  testCases.greenLanes.GreenLanesTest.log - verifyGreenLaneCreation - Provided name for the new green lane
2026-05-28 19:13:54.902 [main] ERROR testCases.greenLanes.GreenLanesTest.verifyGreenLaneCreation - Test failed due to exception: 
org.openqa.selenium.NoSuchElementException: no such element: Unable to locate element: {"method":"xpath","selector":"//label[contains(text(),'Effective/Expiry date')]/ancestor::motif-tooltip-trigger"}
  (Session info: chrome=148.0.7778.179)
For documentation on this error, please visit: https://www.selenium.dev/documentation/webdriver/troubleshooting/errors#nosuchelementexception
Build info: version: '4.44.0', revision: 'da2039b'
System info: os.name: 'Windows 11', os.arch: 'amd64', os.version: '10.0', java.version: '22.0.2'
Driver info: org.openqa.selenium.chrome.ChromeDriver
Command: [e1618c7e96a7be823de5d78003f0bd18, findElement {value=//label[contains(text(),'Effective/Expiry date')]/ancestor::motif-tooltip-trigger, using=xpath}]
Capabilities {acceptInsecureCerts: false, browserName: chrome, browserVersion: 148.0.7778.179, chrome: {chromedriverVersion: 148.0.7778.178 (d096af1c9e9..., userDataDir: C:\Users\LZ172CV\AppData\Lo...}, fedcm:accounts: true, goog:chromeOptions: {debuggerAddress: localhost:59264}, goog:processID: 24636, networkConnectionEnabled: false, pageLoadStrategy: normal, platformName: windows, proxy: Proxy(), se:cdp: ws://localhost:59264/devtoo..., se:cdpVersion: 148.0.7778.179, setWindowRect: true, strictFileInteractability: false, timeouts: {implicit: 0, pageLoad: 300000, script: 30000}, unhandledPromptBehavior: dismiss and notify, webauthn:extension:credBlob: true, webauthn:extension:largeBlob: true, webauthn:extension:minPinLength: true, webauthn:extension:prf: true, webauthn:virtualAuthenticators: true}
Session ID: e1618c7e96a7be823de5d78003f0bd18
	at org.openqa.selenium.remote.ErrorCodec.decode(ErrorCodec.java:169)
	at org.openqa.selenium.remote.codec.w3c.W3CHttpResponseCodec.decode(W3CHttpResponseCodec.java:143)
	at org.openqa.selenium.remote.codec.w3c.W3CHttpResponseCodec.decode(W3CHttpResponseCodec.java:50)
	at org.openqa.selenium.remote.HttpCommandExecutor.execute(HttpCommandExecutor.java:224)
	at org.openqa.selenium.remote.service.DriverCommandExecutor.invokeExecute(DriverCommandExecutor.java:217)
	at org.openqa.selenium.remote.service.DriverCommandExecutor.execute(DriverCommandExecutor.java:175)
	at org.openqa.selenium.remote.RemoteWebDriver.execute(RemoteWebDriver.java:600)
	at org.openqa.selenium.remote.ElementLocation$ElementFinder$2.findElement(ElementLocation.java:173)
	at org.openqa.selenium.remote.ElementLocation.findElement(ElementLocation.java:60)
	at org.openqa.selenium.remote.RemoteWebDriver.findElement(RemoteWebDriver.java:421)
	at org.openqa.selenium.remote.RemoteWebDriver.findElement(RemoteWebDriver.java:415)
	at pageObjects.greenLanes.GreenLanesPage.provideDate(GreenLanesPage.java:104)
	at testCases.greenLanes.GreenLanesTest.verifyGreenLaneCreation(GreenLanesTest.java:46)
	at java.base/jdk.internal.reflect.DirectMethodHandleAccessor.invoke(DirectMethodHandleAccessor.java:103)
	at java.base/java.lang.reflect.Method.invoke(Method.java:580)
	at org.testng.internal.invokers.MethodInvocationHelper.invokeMethod(MethodInvocationHelper.java:141)
	at org.testng.internal.invokers.TestInvoker.invokeMethod(TestInvoker.java:686)
	at org.testng.internal.invokers.TestInvoker.invokeTestMethod(TestInvoker.java:230)
	at org.testng.internal.invokers.MethodRunner.runInSequence(MethodRunner.java:63)
	at org.testng.internal.invokers.TestInvoker$MethodInvocationAgent.invoke(TestInvoker.java:992)
	at org.testng.internal.invokers.TestInvoker.invokeTestMethods(TestInvoker.java:203)
	at org.testng.internal.invokers.TestMethodWorker.invokeTestMethods(TestMethodWorker.java:154)
	at org.testng.internal.invokers.TestMethodWorker.run(TestMethodWorker.java:134)
	at java.base/java.util.ArrayList.forEach(ArrayList.java:1597)
	at org.testng.TestRunner.privateRun(TestRunner.java:739)
	at org.testng.TestRunner.run(TestRunner.java:614)
	at org.testng.SuiteRunner.runTest(SuiteRunner.java:421)
	at org.testng.SuiteRunner.runSequentially(SuiteRunner.java:413)
	at org.testng.SuiteRunner.privateRun(SuiteRunner.java:373)
	at org.testng.SuiteRunner.run(SuiteRunner.java:312)
	at org.testng.SuiteRunnerWorker.runSuite(SuiteRunnerWorker.java:52)
	at org.testng.SuiteRunnerWorker.run(SuiteRunnerWorker.java:95)
	at org.testng.TestNG.runSuitesSequentially(TestNG.java:1274)
	at org.testng.TestNG.runSuitesLocally(TestNG.java:1208)
	at org.testng.TestNG.runSuites(TestNG.java:1112)
	at org.testng.TestNG.run(TestNG.java:1079)
	at com.intellij.rt.testng.IDEARemoteTestNG.run(IDEARemoteTestNG.java:65)
	at com.intellij.rt.testng.RemoteTestNGStarter.main(RemoteTestNGStarter.java:109)
2026-05-28 19:20:10.131 [main] INFO  testCases.greenLanes.GreenLanesTest.log - openSidebar - Sidebar is already opend, no need to click on sidebar/logo icon
2026-05-28 19:20:10.135 [main] INFO  testCases.greenLanes.GreenLanesTest.log - prepareNavigation - Opened sidebar
2026-05-28 19:20:10.383 [main] INFO  testCases.greenLanes.GreenLanesTest.log - verifyGreenLaneCreation - Clicked on Green Lanes menu item
2026-05-28 19:20:10.501 [main] INFO  testCases.greenLanes.GreenLanesTest.log - verifyGreenLaneCreation - Clicked on Create Green Lane button
2026-05-28 19:20:10.609 [main] INFO  testCases.greenLanes.GreenLanesTest.log - verifyGreenLaneCreation - Clicked on Create Green Lane button
2026-05-28 19:20:20.114 [main] INFO  testCases.greenLanes.GreenLanesTest.log - verifyGreenLaneCreation - Provided name for the new green lane
2026-05-28 19:20:23.119 [main] INFO  testCases.greenLanes.GreenLanesTest.log - verifyGreenLaneCreation - Provided name for the new green lane
2026-05-28 19:20:33.177 [main] ERROR testCases.greenLanes.GreenLanesTest.verifyGreenLaneCreation - Test failed due to exception: 
org.openqa.selenium.NoSuchElementException: no such element: Unable to locate element: {"method":"xpath","selector":"//label[contains(text(),'Effective/Expiry date')]/ancestor::motif-tooltip-trigger"}
  (Session info: chrome=148.0.7778.179)
For documentation on this error, please visit: https://www.selenium.dev/documentation/webdriver/troubleshooting/errors#nosuchelementexception
Build info: version: '4.44.0', revision: 'da2039b'
System info: os.name: 'Windows 11', os.arch: 'amd64', os.version: '10.0', java.version: '22.0.2'
Driver info: org.openqa.selenium.chrome.ChromeDriver
Command: [e1618c7e96a7be823de5d78003f0bd18, findElement {value=//label[contains(text(),'Effective/Expiry date')]/ancestor::motif-tooltip-trigger, using=xpath}]
Capabilities {acceptInsecureCerts: false, browserName: chrome, browserVersion: 148.0.7778.179, chrome: {chromedriverVersion: 148.0.7778.178 (d096af1c9e9..., userDataDir: C:\Users\LZ172CV\AppData\Lo...}, fedcm:accounts: true, goog:chromeOptions: {debuggerAddress: localhost:59264}, goog:processID: 24636, networkConnectionEnabled: false, pageLoadStrategy: normal, platformName: windows, proxy: Proxy(), se:cdp: ws://localhost:59264/devtoo..., se:cdpVersion: 148.0.7778.179, setWindowRect: true, strictFileInteractability: false, timeouts: {implicit: 0, pageLoad: 300000, script: 30000}, unhandledPromptBehavior: dismiss and notify, webauthn:extension:credBlob: true, webauthn:extension:largeBlob: true, webauthn:extension:minPinLength: true, webauthn:extension:prf: true, webauthn:virtualAuthenticators: true}
Session ID: e1618c7e96a7be823de5d78003f0bd18
	at org.openqa.selenium.remote.ErrorCodec.decode(ErrorCodec.java:169)
	at org.openqa.selenium.remote.codec.w3c.W3CHttpResponseCodec.decode(W3CHttpResponseCodec.java:143)
	at org.openqa.selenium.remote.codec.w3c.W3CHttpResponseCodec.decode(W3CHttpResponseCodec.java:50)
	at org.openqa.selenium.remote.HttpCommandExecutor.execute(HttpCommandExecutor.java:224)
	at org.openqa.selenium.remote.service.DriverCommandExecutor.invokeExecute(DriverCommandExecutor.java:217)
	at org.openqa.selenium.remote.service.DriverCommandExecutor.execute(DriverCommandExecutor.java:175)
	at org.openqa.selenium.remote.RemoteWebDriver.execute(RemoteWebDriver.java:600)
	at org.openqa.selenium.remote.ElementLocation$ElementFinder$2.findElement(ElementLocation.java:173)
	at org.openqa.selenium.remote.ElementLocation.findElement(ElementLocation.java:60)
	at org.openqa.selenium.remote.RemoteWebDriver.findElement(RemoteWebDriver.java:421)
	at org.openqa.selenium.remote.RemoteWebDriver.findElement(RemoteWebDriver.java:415)
	at pageObjects.greenLanes.GreenLanesPage.provideDate(GreenLanesPage.java:104)
	at testCases.greenLanes.GreenLanesTest.verifyGreenLaneCreation(GreenLanesTest.java:46)
	at java.base/jdk.internal.reflect.DirectMethodHandleAccessor.invoke(DirectMethodHandleAccessor.java:103)
	at java.base/java.lang.reflect.Method.invoke(Method.java:580)
	at org.testng.internal.invokers.MethodInvocationHelper.invokeMethod(MethodInvocationHelper.java:141)
	at org.testng.internal.invokers.TestInvoker.invokeMethod(TestInvoker.java:686)
	at org.testng.internal.invokers.TestInvoker.retryFailed(TestInvoker.java:269)
	at org.testng.internal.invokers.MethodRunner.runInSequence(MethodRunner.java:76)
	at org.testng.internal.invokers.TestInvoker$MethodInvocationAgent.invoke(TestInvoker.java:992)
	at org.testng.internal.invokers.TestInvoker.invokeTestMethods(TestInvoker.java:203)
	at org.testng.internal.invokers.TestMethodWorker.invokeTestMethods(TestMethodWorker.java:154)
	at org.testng.internal.invokers.TestMethodWorker.run(TestMethodWorker.java:134)
	at java.base/java.util.ArrayList.forEach(ArrayList.java:1597)
	at org.testng.TestRunner.privateRun(TestRunner.java:739)
	at org.testng.TestRunner.run(TestRunner.java:614)
	at org.testng.SuiteRunner.runTest(SuiteRunner.java:421)
	at org.testng.SuiteRunner.runSequentially(SuiteRunner.java:413)
	at org.testng.SuiteRunner.privateRun(SuiteRunner.java:373)
	at org.testng.SuiteRunner.run(SuiteRunner.java:312)
	at org.testng.SuiteRunnerWorker.runSuite(SuiteRunnerWorker.java:52)
	at org.testng.SuiteRunnerWorker.run(SuiteRunnerWorker.java:95)
	at org.testng.TestNG.runSuitesSequentially(TestNG.java:1274)
	at org.testng.TestNG.runSuitesLocally(TestNG.java:1208)
	at org.testng.TestNG.runSuites(TestNG.java:1112)
	at org.testng.TestNG.run(TestNG.java:1079)
	at com.intellij.rt.testng.IDEARemoteTestNG.run(IDEARemoteTestNG.java:65)
	at com.intellij.rt.testng.RemoteTestNGStarter.main(RemoteTestNGStarter.java:109)
2026-05-28 19:25:44.428 [main] INFO  org.testng.internal.Utils.info - [TestNG] Running:
  C:\Vaibhav\Automation\TDG_HybridFramework\testng-suites\NewTestCasesSuite.xml

2026-05-28 19:25:44.951 [main] INFO  testCases.greenLanes.GreenLanesTest.setup - >>======>>======>> Automation Engineer (SDET)- Vaibhav Chavan <<======<<======<<
2026-05-28 19:25:44.952 [main] INFO  testCases.greenLanes.GreenLanesTest.setup - --test execution started--
2026-05-28 19:25:51.284 [main] INFO  testCases.greenLanes.GreenLanesTest.log - setup - browser opened
2026-05-28 19:25:51.327 [main] INFO  testCases.greenLanes.GreenLanesTest.log - setup - cookies deleted
2026-05-28 19:25:51.416 [main] INFO  testCases.greenLanes.GreenLanesTest.log - setup - browser maximized
2026-05-28 19:25:51.426 [main] INFO  testCases.greenLanes.GreenLanesTest.log - setup - implicit wait applied for 10 seconds
2026-05-28 19:25:57.159 [main] INFO  testCases.greenLanes.GreenLanesTest.log - setup - provided app URL in browser
2026-05-28 19:25:59.804 [main] INFO  testCases.greenLanes.GreenLanesTest.log - setup - provided email
2026-05-28 19:26:00.161 [main] INFO  testCases.greenLanes.GreenLanesTest.log - setup - clicked on log in button
2026-05-28 19:26:03.019 [main] INFO  testCases.greenLanes.GreenLanesTest.log - openSidebar - Clicked on hamburger icon to open the sidebar
2026-05-28 19:26:03.022 [main] INFO  testCases.greenLanes.GreenLanesTest.log - prepareNavigation - Opened sidebar
2026-05-28 19:26:03.735 [main] INFO  testCases.greenLanes.GreenLanesTest.log - verifyGreenLaneCreation - Clicked on Green Lanes menu item
2026-05-28 19:26:04.464 [main] INFO  testCases.greenLanes.GreenLanesTest.log - verifyGreenLaneCreation - Clicked on Create Green Lane button
2026-05-28 19:26:04.769 [main] INFO  testCases.greenLanes.GreenLanesTest.log - verifyGreenLaneCreation - Clicked on Create Green Lane button
2026-05-28 19:26:05.989 [main] ERROR testCases.greenLanes.GreenLanesTest.verifyGreenLaneCreation - Test failed due to exception: 
org.openqa.selenium.ElementClickInterceptedException: element click intercepted: Element <input part="input" class="motif-base-input motif-input-size-ref motif-base-input--error" slot="input" inputmode="text" input-aria-label="Name *" type="text" name="motif-input-198iwvu" placeholder="" required="" maxlength="100" id="motif-input-198iwvu" tabindex="0" aria-label="Name *" aria-required="true"> is not clickable at point (732, 22). Other element would receive the click: <div _ngcontent-ng-c2227611059="" slot="toast-title">...</div>
  (Session info: chrome=148.0.7778.179)
Build info: version: '4.44.0', revision: 'da2039b'
System info: os.name: 'Windows 11', os.arch: 'amd64', os.version: '10.0', java.version: '22.0.2'
Driver info: org.openqa.selenium.chrome.ChromeDriver
Command: [c4fe227d4e62dd3354051164071b1bcb, clickElement {id=f.9654D403F06F2208FDA023576EF3FC03.d.829D749CF7DD7B8B132FACB5B8139603.e.124}]
Capabilities {acceptInsecureCerts: false, browserName: chrome, browserVersion: 148.0.7778.179, chrome: {chromedriverVersion: 148.0.7778.178 (d096af1c9e9..., userDataDir: C:\Users\LZ172CV\AppData\Lo...}, fedcm:accounts: true, goog:chromeOptions: {debuggerAddress: localhost:57036}, goog:processID: 11564, networkConnectionEnabled: false, pageLoadStrategy: normal, platformName: windows, proxy: Proxy(), se:cdp: ws://localhost:57036/devtoo..., se:cdpVersion: 148.0.7778.179, setWindowRect: true, strictFileInteractability: false, timeouts: {implicit: 0, pageLoad: 300000, script: 30000}, unhandledPromptBehavior: dismiss and notify, webauthn:extension:credBlob: true, webauthn:extension:largeBlob: true, webauthn:extension:minPinLength: true, webauthn:extension:prf: true, webauthn:virtualAuthenticators: true}
Element: [[ChromeDriver: chrome on windows (c4fe227d4e62dd3354051164071b1bcb)] -> css selector: input[aria-label='Name *']]
Session ID: c4fe227d4e62dd3354051164071b1bcb
	at org.openqa.selenium.remote.ErrorCodec.decode(ErrorCodec.java:169)
	at org.openqa.selenium.remote.codec.w3c.W3CHttpResponseCodec.decode(W3CHttpResponseCodec.java:143)
	at org.openqa.selenium.remote.codec.w3c.W3CHttpResponseCodec.decode(W3CHttpResponseCodec.java:50)
	at org.openqa.selenium.remote.HttpCommandExecutor.execute(HttpCommandExecutor.java:224)
	at org.openqa.selenium.remote.service.DriverCommandExecutor.invokeExecute(DriverCommandExecutor.java:217)
	at org.openqa.selenium.remote.service.DriverCommandExecutor.execute(DriverCommandExecutor.java:175)
	at org.openqa.selenium.remote.RemoteWebDriver.execute(RemoteWebDriver.java:600)
	at org.openqa.selenium.remote.RemoteWebElement.execute(RemoteWebElement.java:225)
	at org.openqa.selenium.remote.RemoteWebElement.click(RemoteWebElement.java:79)
	at pageObjects.greenLanes.GreenLanesPage.provideName(GreenLanesPage.java:84)
	at testCases.greenLanes.GreenLanesTest.verifyGreenLaneCreation(GreenLanesTest.java:36)
	at java.base/jdk.internal.reflect.DirectMethodHandleAccessor.invoke(DirectMethodHandleAccessor.java:103)
	at java.base/java.lang.reflect.Method.invoke(Method.java:580)
	at org.testng.internal.invokers.MethodInvocationHelper.invokeMethod(MethodInvocationHelper.java:141)
	at org.testng.internal.invokers.TestInvoker.invokeMethod(TestInvoker.java:686)
	at org.testng.internal.invokers.TestInvoker.invokeTestMethod(TestInvoker.java:230)
	at org.testng.internal.invokers.MethodRunner.runInSequence(MethodRunner.java:63)
	at org.testng.internal.invokers.TestInvoker$MethodInvocationAgent.invoke(TestInvoker.java:992)
	at org.testng.internal.invokers.TestInvoker.invokeTestMethods(TestInvoker.java:203)
	at org.testng.internal.invokers.TestMethodWorker.invokeTestMethods(TestMethodWorker.java:154)
	at org.testng.internal.invokers.TestMethodWorker.run(TestMethodWorker.java:134)
	at java.base/java.util.ArrayList.forEach(ArrayList.java:1597)
	at org.testng.TestRunner.privateRun(TestRunner.java:739)
	at org.testng.TestRunner.run(TestRunner.java:614)
	at org.testng.SuiteRunner.runTest(SuiteRunner.java:421)
	at org.testng.SuiteRunner.runSequentially(SuiteRunner.java:413)
	at org.testng.SuiteRunner.privateRun(SuiteRunner.java:373)
	at org.testng.SuiteRunner.run(SuiteRunner.java:312)
	at org.testng.SuiteRunnerWorker.runSuite(SuiteRunnerWorker.java:52)
	at org.testng.SuiteRunnerWorker.run(SuiteRunnerWorker.java:95)
	at org.testng.TestNG.runSuitesSequentially(TestNG.java:1274)
	at org.testng.TestNG.runSuitesLocally(TestNG.java:1208)
	at org.testng.TestNG.runSuites(TestNG.java:1112)
	at org.testng.TestNG.run(TestNG.java:1079)
	at com.intellij.rt.testng.IDEARemoteTestNG.run(IDEARemoteTestNG.java:65)
	at com.intellij.rt.testng.RemoteTestNGStarter.main(RemoteTestNGStarter.java:109)
2026-05-28 19:26:06.081 [main] INFO  testCases.greenLanes.GreenLanesTest.log - openSidebar - Sidebar is already opend, no need to click on sidebar/logo icon
2026-05-28 19:26:06.082 [main] INFO  testCases.greenLanes.GreenLanesTest.log - prepareNavigation - Opened sidebar
2026-05-28 19:26:06.362 [main] INFO  testCases.greenLanes.GreenLanesTest.log - verifyGreenLaneCreation - Clicked on Green Lanes menu item
2026-05-28 19:26:06.609 [main] INFO  testCases.greenLanes.GreenLanesTest.log - verifyGreenLaneCreation - Clicked on Create Green Lane button
2026-05-28 19:26:06.750 [main] INFO  testCases.greenLanes.GreenLanesTest.log - verifyGreenLaneCreation - Clicked on Create Green Lane button
2026-05-28 19:26:07.956 [main] ERROR testCases.greenLanes.GreenLanesTest.verifyGreenLaneCreation - Test failed due to exception: 
org.openqa.selenium.ElementClickInterceptedException: element click intercepted: Element <input part="input" class="motif-base-input motif-input-size-ref motif-base-input--error" slot="input" inputmode="text" input-aria-label="Name *" type="text" name="motif-input-198iwvu" placeholder="" required="" maxlength="100" id="motif-input-198iwvu" tabindex="0" aria-label="Name *" aria-required="true"> is not clickable at point (732, 22). Other element would receive the click: <div _ngcontent-ng-c2227611059="" slot="toast-title">...</div>
  (Session info: chrome=148.0.7778.179)
Build info: version: '4.44.0', revision: 'da2039b'
System info: os.name: 'Windows 11', os.arch: 'amd64', os.version: '10.0', java.version: '22.0.2'
Driver info: org.openqa.selenium.chrome.ChromeDriver
Command: [c4fe227d4e62dd3354051164071b1bcb, clickElement {id=f.9654D403F06F2208FDA023576EF3FC03.d.829D749CF7DD7B8B132FACB5B8139603.e.124}]
Capabilities {acceptInsecureCerts: false, browserName: chrome, browserVersion: 148.0.7778.179, chrome: {chromedriverVersion: 148.0.7778.178 (d096af1c9e9..., userDataDir: C:\Users\LZ172CV\AppData\Lo...}, fedcm:accounts: true, goog:chromeOptions: {debuggerAddress: localhost:57036}, goog:processID: 11564, networkConnectionEnabled: false, pageLoadStrategy: normal, platformName: windows, proxy: Proxy(), se:cdp: ws://localhost:57036/devtoo..., se:cdpVersion: 148.0.7778.179, setWindowRect: true, strictFileInteractability: false, timeouts: {implicit: 0, pageLoad: 300000, script: 30000}, unhandledPromptBehavior: dismiss and notify, webauthn:extension:credBlob: true, webauthn:extension:largeBlob: true, webauthn:extension:minPinLength: true, webauthn:extension:prf: true, webauthn:virtualAuthenticators: true}
Element: [[ChromeDriver: chrome on windows (c4fe227d4e62dd3354051164071b1bcb)] -> css selector: input[aria-label='Name *']]
Session ID: c4fe227d4e62dd3354051164071b1bcb
	at org.openqa.selenium.remote.ErrorCodec.decode(ErrorCodec.java:169)
	at org.openqa.selenium.remote.codec.w3c.W3CHttpResponseCodec.decode(W3CHttpResponseCodec.java:143)
	at org.openqa.selenium.remote.codec.w3c.W3CHttpResponseCodec.decode(W3CHttpResponseCodec.java:50)
	at org.openqa.selenium.remote.HttpCommandExecutor.execute(HttpCommandExecutor.java:224)
	at org.openqa.selenium.remote.service.DriverCommandExecutor.invokeExecute(DriverCommandExecutor.java:217)
	at org.openqa.selenium.remote.service.DriverCommandExecutor.execute(DriverCommandExecutor.java:175)
	at org.openqa.selenium.remote.RemoteWebDriver.execute(RemoteWebDriver.java:600)
	at org.openqa.selenium.remote.RemoteWebElement.execute(RemoteWebElement.java:225)
	at org.openqa.selenium.remote.RemoteWebElement.click(RemoteWebElement.java:79)
	at pageObjects.greenLanes.GreenLanesPage.provideName(GreenLanesPage.java:84)
	at testCases.greenLanes.GreenLanesTest.verifyGreenLaneCreation(GreenLanesTest.java:36)
	at java.base/jdk.internal.reflect.DirectMethodHandleAccessor.invoke(DirectMethodHandleAccessor.java:103)
	at java.base/java.lang.reflect.Method.invoke(Method.java:580)
	at org.testng.internal.invokers.MethodInvocationHelper.invokeMethod(MethodInvocationHelper.java:141)
	at org.testng.internal.invokers.TestInvoker.invokeMethod(TestInvoker.java:686)
	at org.testng.internal.invokers.TestInvoker.retryFailed(TestInvoker.java:269)
	at org.testng.internal.invokers.MethodRunner.runInSequence(MethodRunner.java:76)
	at org.testng.internal.invokers.TestInvoker$MethodInvocationAgent.invoke(TestInvoker.java:992)
	at org.testng.internal.invokers.TestInvoker.invokeTestMethods(TestInvoker.java:203)
	at org.testng.internal.invokers.TestMethodWorker.invokeTestMethods(TestMethodWorker.java:154)
	at org.testng.internal.invokers.TestMethodWorker.run(TestMethodWorker.java:134)
	at java.base/java.util.ArrayList.forEach(ArrayList.java:1597)
	at org.testng.TestRunner.privateRun(TestRunner.java:739)
	at org.testng.TestRunner.run(TestRunner.java:614)
	at org.testng.SuiteRunner.runTest(SuiteRunner.java:421)
	at org.testng.SuiteRunner.runSequentially(SuiteRunner.java:413)
	at org.testng.SuiteRunner.privateRun(SuiteRunner.java:373)
	at org.testng.SuiteRunner.run(SuiteRunner.java:312)
	at org.testng.SuiteRunnerWorker.runSuite(SuiteRunnerWorker.java:52)
	at org.testng.SuiteRunnerWorker.run(SuiteRunnerWorker.java:95)
	at org.testng.TestNG.runSuitesSequentially(TestNG.java:1274)
	at org.testng.TestNG.runSuitesLocally(TestNG.java:1208)
	at org.testng.TestNG.runSuites(TestNG.java:1112)
	at org.testng.TestNG.run(TestNG.java:1079)
	at com.intellij.rt.testng.IDEARemoteTestNG.run(IDEARemoteTestNG.java:65)
	at com.intellij.rt.testng.RemoteTestNGStarter.main(RemoteTestNGStarter.java:109)
2026-05-28 19:26:48.945 [main] INFO  org.testng.internal.Utils.info - [TestNG] Running:
  C:\Vaibhav\Automation\TDG_HybridFramework\testng-suites\NewTestCasesSuite.xml

2026-05-28 19:26:49.390 [main] INFO  testCases.greenLanes.GreenLanesTest.setup - >>======>>======>> Automation Engineer (SDET)- Vaibhav Chavan <<======<<======<<
2026-05-28 19:26:49.391 [main] INFO  testCases.greenLanes.GreenLanesTest.setup - --test execution started--
2026-05-28 19:26:54.664 [main] INFO  testCases.greenLanes.GreenLanesTest.log - setup - browser opened
2026-05-28 19:26:54.690 [main] INFO  testCases.greenLanes.GreenLanesTest.log - setup - cookies deleted
2026-05-28 19:26:54.773 [main] INFO  testCases.greenLanes.GreenLanesTest.log - setup - browser maximized
2026-05-28 19:26:54.797 [main] INFO  testCases.greenLanes.GreenLanesTest.log - setup - implicit wait applied for 10 seconds
2026-05-28 19:27:00.374 [main] INFO  testCases.greenLanes.GreenLanesTest.log - setup - provided app URL in browser
2026-05-28 19:27:02.959 [main] INFO  testCases.greenLanes.GreenLanesTest.log - setup - provided email
2026-05-28 19:27:03.154 [main] INFO  testCases.greenLanes.GreenLanesTest.log - setup - clicked on log in button
2026-05-28 19:27:06.091 [main] INFO  testCases.greenLanes.GreenLanesTest.log - openSidebar - Clicked on hamburger icon to open the sidebar
2026-05-28 19:27:06.093 [main] INFO  testCases.greenLanes.GreenLanesTest.log - prepareNavigation - Opened sidebar
2026-05-28 19:27:06.817 [main] INFO  testCases.greenLanes.GreenLanesTest.log - verifyGreenLaneCreation - Clicked on Green Lanes menu item
2026-05-28 19:27:07.236 [main] INFO  testCases.greenLanes.GreenLanesTest.log - verifyGreenLaneCreation - Clicked on Create Green Lane button
2026-05-28 19:27:07.678 [main] INFO  testCases.greenLanes.GreenLanesTest.log - verifyGreenLaneCreation - Clicked on Create Green Lane button
2026-05-28 19:27:09.440 [main] ERROR testCases.greenLanes.GreenLanesTest.verifyGreenLaneCreation - Test failed due to exception: 
org.openqa.selenium.ElementClickInterceptedException: element click intercepted: Element <input part="input" class="motif-base-input motif-input-size-ref motif-base-input--error" slot="input" inputmode="text" input-aria-label="Name *" type="text" name="motif-input-cs13pe" placeholder="" required="" maxlength="100" id="motif-input-cs13pe" tabindex="0" aria-label="Name *" aria-required="true"> is not clickable at point (732, 22). Other element would receive the click: <div _ngcontent-ng-c2227611059="" slot="toast-title">...</div>
  (Session info: chrome=148.0.7778.179)
Build info: version: '4.44.0', revision: 'da2039b'
System info: os.name: 'Windows 11', os.arch: 'amd64', os.version: '10.0', java.version: '22.0.2'
Driver info: org.openqa.selenium.chrome.ChromeDriver
Command: [ca579899a10edba930b7ca5817bcf670, clickElement {id=f.70110E8499A0CEBAF168874CC1E9FA94.d.12D2A42168355F08AD4D3DE5D5F1C74A.e.145}]
Capabilities {acceptInsecureCerts: false, browserName: chrome, browserVersion: 148.0.7778.179, chrome: {chromedriverVersion: 148.0.7778.178 (d096af1c9e9..., userDataDir: C:\Users\LZ172CV\AppData\Lo...}, fedcm:accounts: true, goog:chromeOptions: {debuggerAddress: localhost:56062}, goog:processID: 10932, networkConnectionEnabled: false, pageLoadStrategy: normal, platformName: windows, proxy: Proxy(), se:cdp: ws://localhost:56062/devtoo..., se:cdpVersion: 148.0.7778.179, setWindowRect: true, strictFileInteractability: false, timeouts: {implicit: 0, pageLoad: 300000, script: 30000}, unhandledPromptBehavior: dismiss and notify, webauthn:extension:credBlob: true, webauthn:extension:largeBlob: true, webauthn:extension:minPinLength: true, webauthn:extension:prf: true, webauthn:virtualAuthenticators: true}
Element: [[ChromeDriver: chrome on windows (ca579899a10edba930b7ca5817bcf670)] -> css selector: input[aria-label='Name *']]
Session ID: ca579899a10edba930b7ca5817bcf670
	at org.openqa.selenium.remote.ErrorCodec.decode(ErrorCodec.java:169)
	at org.openqa.selenium.remote.codec.w3c.W3CHttpResponseCodec.decode(W3CHttpResponseCodec.java:143)
	at org.openqa.selenium.remote.codec.w3c.W3CHttpResponseCodec.decode(W3CHttpResponseCodec.java:50)
	at org.openqa.selenium.remote.HttpCommandExecutor.execute(HttpCommandExecutor.java:224)
	at org.openqa.selenium.remote.service.DriverCommandExecutor.invokeExecute(DriverCommandExecutor.java:217)
	at org.openqa.selenium.remote.service.DriverCommandExecutor.execute(DriverCommandExecutor.java:175)
	at org.openqa.selenium.remote.RemoteWebDriver.execute(RemoteWebDriver.java:600)
	at org.openqa.selenium.remote.RemoteWebElement.execute(RemoteWebElement.java:225)
	at org.openqa.selenium.remote.RemoteWebElement.click(RemoteWebElement.java:79)
	at pageObjects.greenLanes.GreenLanesPage.provideName(GreenLanesPage.java:84)
	at testCases.greenLanes.GreenLanesTest.verifyGreenLaneCreation(GreenLanesTest.java:36)
	at java.base/jdk.internal.reflect.DirectMethodHandleAccessor.invoke(DirectMethodHandleAccessor.java:103)
	at java.base/java.lang.reflect.Method.invoke(Method.java:580)
	at org.testng.internal.invokers.MethodInvocationHelper.invokeMethod(MethodInvocationHelper.java:141)
	at org.testng.internal.invokers.TestInvoker.invokeMethod(TestInvoker.java:686)
	at org.testng.internal.invokers.TestInvoker.invokeTestMethod(TestInvoker.java:230)
	at org.testng.internal.invokers.MethodRunner.runInSequence(MethodRunner.java:63)
	at org.testng.internal.invokers.TestInvoker$MethodInvocationAgent.invoke(TestInvoker.java:992)
	at org.testng.internal.invokers.TestInvoker.invokeTestMethods(TestInvoker.java:203)
	at org.testng.internal.invokers.TestMethodWorker.invokeTestMethods(TestMethodWorker.java:154)
	at org.testng.internal.invokers.TestMethodWorker.run(TestMethodWorker.java:134)
	at java.base/java.util.ArrayList.forEach(ArrayList.java:1597)
	at org.testng.TestRunner.privateRun(TestRunner.java:739)
	at org.testng.TestRunner.run(TestRunner.java:614)
	at org.testng.SuiteRunner.runTest(SuiteRunner.java:421)
	at org.testng.SuiteRunner.runSequentially(SuiteRunner.java:413)
	at org.testng.SuiteRunner.privateRun(SuiteRunner.java:373)
	at org.testng.SuiteRunner.run(SuiteRunner.java:312)
	at org.testng.SuiteRunnerWorker.runSuite(SuiteRunnerWorker.java:52)
	at org.testng.SuiteRunnerWorker.run(SuiteRunnerWorker.java:95)
	at org.testng.TestNG.runSuitesSequentially(TestNG.java:1274)
	at org.testng.TestNG.runSuitesLocally(TestNG.java:1208)
	at org.testng.TestNG.runSuites(TestNG.java:1112)
	at org.testng.TestNG.run(TestNG.java:1079)
	at com.intellij.rt.testng.IDEARemoteTestNG.run(IDEARemoteTestNG.java:65)
	at com.intellij.rt.testng.RemoteTestNGStarter.main(RemoteTestNGStarter.java:109)
2026-05-28 19:27:09.572 [main] INFO  testCases.greenLanes.GreenLanesTest.log - openSidebar - Sidebar is already opend, no need to click on sidebar/logo icon
2026-05-28 19:27:09.574 [main] INFO  testCases.greenLanes.GreenLanesTest.log - prepareNavigation - Opened sidebar
2026-05-28 19:27:09.807 [main] INFO  testCases.greenLanes.GreenLanesTest.log - verifyGreenLaneCreation - Clicked on Green Lanes menu item
2026-05-28 19:27:09.899 [main] INFO  testCases.greenLanes.GreenLanesTest.log - verifyGreenLaneCreation - Clicked on Create Green Lane button
2026-05-28 19:27:10.195 [main] INFO  testCases.greenLanes.GreenLanesTest.log - verifyGreenLaneCreation - Clicked on Create Green Lane button
2026-05-28 19:27:11.503 [main] ERROR testCases.greenLanes.GreenLanesTest.verifyGreenLaneCreation - Test failed due to exception: 
org.openqa.selenium.ElementClickInterceptedException: element click intercepted: Element <input part="input" class="motif-base-input motif-input-size-ref motif-base-input--error" slot="input" inputmode="text" input-aria-label="Name *" type="text" name="motif-input-cs13pe" placeholder="" required="" maxlength="100" id="motif-input-cs13pe" tabindex="0" aria-label="Name *" aria-required="true"> is not clickable at point (732, 22). Other element would receive the click: <div _ngcontent-ng-c2227611059="" slot="toast-title">...</div>
  (Session info: chrome=148.0.7778.179)
Build info: version: '4.44.0', revision: 'da2039b'
System info: os.name: 'Windows 11', os.arch: 'amd64', os.version: '10.0', java.version: '22.0.2'
Driver info: org.openqa.selenium.chrome.ChromeDriver
Command: [ca579899a10edba930b7ca5817bcf670, clickElement {id=f.70110E8499A0CEBAF168874CC1E9FA94.d.12D2A42168355F08AD4D3DE5D5F1C74A.e.145}]
Capabilities {acceptInsecureCerts: false, browserName: chrome, browserVersion: 148.0.7778.179, chrome: {chromedriverVersion: 148.0.7778.178 (d096af1c9e9..., userDataDir: C:\Users\LZ172CV\AppData\Lo...}, fedcm:accounts: true, goog:chromeOptions: {debuggerAddress: localhost:56062}, goog:processID: 10932, networkConnectionEnabled: false, pageLoadStrategy: normal, platformName: windows, proxy: Proxy(), se:cdp: ws://localhost:56062/devtoo..., se:cdpVersion: 148.0.7778.179, setWindowRect: true, strictFileInteractability: false, timeouts: {implicit: 0, pageLoad: 300000, script: 30000}, unhandledPromptBehavior: dismiss and notify, webauthn:extension:credBlob: true, webauthn:extension:largeBlob: true, webauthn:extension:minPinLength: true, webauthn:extension:prf: true, webauthn:virtualAuthenticators: true}
Element: [[ChromeDriver: chrome on windows (ca579899a10edba930b7ca5817bcf670)] -> css selector: input[aria-label='Name *']]
Session ID: ca579899a10edba930b7ca5817bcf670
	at org.openqa.selenium.remote.ErrorCodec.decode(ErrorCodec.java:169)
	at org.openqa.selenium.remote.codec.w3c.W3CHttpResponseCodec.decode(W3CHttpResponseCodec.java:143)
	at org.openqa.selenium.remote.codec.w3c.W3CHttpResponseCodec.decode(W3CHttpResponseCodec.java:50)
	at org.openqa.selenium.remote.HttpCommandExecutor.execute(HttpCommandExecutor.java:224)
	at org.openqa.selenium.remote.service.DriverCommandExecutor.invokeExecute(DriverCommandExecutor.java:217)
	at org.openqa.selenium.remote.service.DriverCommandExecutor.execute(DriverCommandExecutor.java:175)
	at org.openqa.selenium.remote.RemoteWebDriver.execute(RemoteWebDriver.java:600)
	at org.openqa.selenium.remote.RemoteWebElement.execute(RemoteWebElement.java:225)
	at org.openqa.selenium.remote.RemoteWebElement.click(RemoteWebElement.java:79)
	at pageObjects.greenLanes.GreenLanesPage.provideName(GreenLanesPage.java:84)
	at testCases.greenLanes.GreenLanesTest.verifyGreenLaneCreation(GreenLanesTest.java:36)
	at java.base/jdk.internal.reflect.DirectMethodHandleAccessor.invoke(DirectMethodHandleAccessor.java:103)
	at java.base/java.lang.reflect.Method.invoke(Method.java:580)
	at org.testng.internal.invokers.MethodInvocationHelper.invokeMethod(MethodInvocationHelper.java:141)
	at org.testng.internal.invokers.TestInvoker.invokeMethod(TestInvoker.java:686)
	at org.testng.internal.invokers.TestInvoker.retryFailed(TestInvoker.java:269)
	at org.testng.internal.invokers.MethodRunner.runInSequence(MethodRunner.java:76)
	at org.testng.internal.invokers.TestInvoker$MethodInvocationAgent.invoke(TestInvoker.java:992)
	at org.testng.internal.invokers.TestInvoker.invokeTestMethods(TestInvoker.java:203)
	at org.testng.internal.invokers.TestMethodWorker.invokeTestMethods(TestMethodWorker.java:154)
	at org.testng.internal.invokers.TestMethodWorker.run(TestMethodWorker.java:134)
	at java.base/java.util.ArrayList.forEach(ArrayList.java:1597)
	at org.testng.TestRunner.privateRun(TestRunner.java:739)
	at org.testng.TestRunner.run(TestRunner.java:614)
	at org.testng.SuiteRunner.runTest(SuiteRunner.java:421)
	at org.testng.SuiteRunner.runSequentially(SuiteRunner.java:413)
	at org.testng.SuiteRunner.privateRun(SuiteRunner.java:373)
	at org.testng.SuiteRunner.run(SuiteRunner.java:312)
	at org.testng.SuiteRunnerWorker.runSuite(SuiteRunnerWorker.java:52)
	at org.testng.SuiteRunnerWorker.run(SuiteRunnerWorker.java:95)
	at org.testng.TestNG.runSuitesSequentially(TestNG.java:1274)
	at org.testng.TestNG.runSuitesLocally(TestNG.java:1208)
	at org.testng.TestNG.runSuites(TestNG.java:1112)
	at org.testng.TestNG.run(TestNG.java:1079)
	at com.intellij.rt.testng.IDEARemoteTestNG.run(IDEARemoteTestNG.java:65)
	at com.intellij.rt.testng.RemoteTestNGStarter.main(RemoteTestNGStarter.java:109)
2026-05-28 19:37:48.192 [main] INFO  org.testng.internal.Utils.info - [TestNG] Running:
  C:\Vaibhav\Automation\TDG_HybridFramework\testng-suites\NewTestCasesSuite.xml

2026-05-28 19:37:48.635 [main] INFO  testCases.greenLanes.GreenLanesTest.setup - >>======>>======>> Automation Engineer (SDET)- Vaibhav Chavan <<======<<======<<
2026-05-28 19:37:48.636 [main] INFO  testCases.greenLanes.GreenLanesTest.setup - --test execution started--
2026-05-28 19:37:54.046 [main] INFO  testCases.greenLanes.GreenLanesTest.log - setup - browser opened
2026-05-28 19:37:54.131 [main] INFO  testCases.greenLanes.GreenLanesTest.log - setup - cookies deleted
2026-05-28 19:37:54.279 [main] INFO  testCases.greenLanes.GreenLanesTest.log - setup - browser maximized
2026-05-28 19:37:54.296 [main] INFO  testCases.greenLanes.GreenLanesTest.log - setup - implicit wait applied for 10 seconds
2026-05-28 19:37:59.679 [main] INFO  testCases.greenLanes.GreenLanesTest.log - setup - provided app URL in browser
2026-05-28 19:38:02.403 [main] INFO  testCases.greenLanes.GreenLanesTest.log - setup - provided email
2026-05-28 19:38:02.758 [main] INFO  testCases.greenLanes.GreenLanesTest.log - setup - clicked on log in button
2026-05-28 19:38:06.362 [main] INFO  testCases.greenLanes.GreenLanesTest.log - openSidebar - Clicked on hamburger icon to open the sidebar
2026-05-28 19:38:06.373 [main] INFO  testCases.greenLanes.GreenLanesTest.log - prepareNavigation - Opened sidebar
2026-05-28 19:38:07.053 [main] INFO  testCases.greenLanes.GreenLanesTest.log - verifyGreenLaneCreation - Clicked on Green Lanes menu item
2026-05-28 19:38:07.623 [main] INFO  testCases.greenLanes.GreenLanesTest.log - verifyGreenLaneCreation - Clicked on Create Green Lane button
2026-05-28 19:38:07.895 [main] INFO  testCases.greenLanes.GreenLanesTest.log - verifyGreenLaneCreation - Clicked on Create Green Lane button
2026-05-28 19:38:28.651 [main] INFO  testCases.greenLanes.GreenLanesTest.log - verifyGreenLaneCreation - Provided name for the new green lane
2026-05-28 19:38:30.634 [main] INFO  testCases.greenLanes.GreenLanesTest.log - verifyGreenLaneCreation - Provided name for the new green lane
2026-05-28 19:39:55.308 [main] ERROR testCases.greenLanes.GreenLanesTest.verifyGreenLaneCreation - Test failed due to exception: 
org.openqa.selenium.NoSuchElementException: no such element: Unable to locate element: {"method":"css selector","selector":"input"}
  (Session info: chrome=148.0.7778.179)
For documentation on this error, please visit: https://www.selenium.dev/documentation/webdriver/troubleshooting/errors#nosuchelementexception
Build info: version: '4.44.0', revision: 'da2039b'
System info: os.name: 'Windows 11', os.arch: 'amd64', os.version: '10.0', java.version: '22.0.2'
Driver info: org.openqa.selenium.chrome.ChromeDriver
Command: [b44baa24bfbac04db5e186f6bc8d14ae, findElementFromShadowRoot {using=css selector, shadowId=f.4C9441CA410BC47CFD6F7E77C31E2E6B.d.EB3A0728BA05319905502F25015CC8E5.e.473, value=input}]
Capabilities {acceptInsecureCerts: false, browserName: chrome, browserVersion: 148.0.7778.179, chrome: {chromedriverVersion: 148.0.7778.178 (d096af1c9e9..., userDataDir: C:\Users\LZ172CV\AppData\Lo...}, fedcm:accounts: true, goog:chromeOptions: {debuggerAddress: localhost:50010}, goog:processID: 6468, networkConnectionEnabled: false, pageLoadStrategy: normal, platformName: windows, proxy: Proxy(), se:cdp: ws://localhost:50010/devtoo..., se:cdpVersion: 148.0.7778.179, setWindowRect: true, strictFileInteractability: false, timeouts: {implicit: 0, pageLoad: 300000, script: 30000}, unhandledPromptBehavior: dismiss and notify, webauthn:extension:credBlob: true, webauthn:extension:largeBlob: true, webauthn:extension:minPinLength: true, webauthn:extension:prf: true, webauthn:virtualAuthenticators: true}
Session ID: b44baa24bfbac04db5e186f6bc8d14ae
	at org.openqa.selenium.remote.ErrorCodec.decode(ErrorCodec.java:169)
	at org.openqa.selenium.remote.codec.w3c.W3CHttpResponseCodec.decode(W3CHttpResponseCodec.java:143)
	at org.openqa.selenium.remote.codec.w3c.W3CHttpResponseCodec.decode(W3CHttpResponseCodec.java:50)
	at org.openqa.selenium.remote.HttpCommandExecutor.execute(HttpCommandExecutor.java:224)
	at org.openqa.selenium.remote.service.DriverCommandExecutor.invokeExecute(DriverCommandExecutor.java:217)
	at org.openqa.selenium.remote.service.DriverCommandExecutor.execute(DriverCommandExecutor.java:175)
	at org.openqa.selenium.remote.RemoteWebDriver.execute(RemoteWebDriver.java:600)
	at org.openqa.selenium.remote.ElementLocation$ElementFinder$2.findElement(ElementLocation.java:173)
	at org.openqa.selenium.remote.ElementLocation.findElement(ElementLocation.java:60)
	at org.openqa.selenium.remote.RemoteWebDriver.findElement(RemoteWebDriver.java:421)
	at org.openqa.selenium.remote.ShadowRoot.findElement(ShadowRoot.java:55)
	at pageObjects.greenLanes.GreenLanesPage.provideDate(GreenLanesPage.java:111)
	at testCases.greenLanes.GreenLanesTest.verifyGreenLaneCreation(GreenLanesTest.java:46)
	at java.base/jdk.internal.reflect.DirectMethodHandleAccessor.invoke(DirectMethodHandleAccessor.java:103)
	at java.base/java.lang.reflect.Method.invoke(Method.java:580)
	at org.testng.internal.invokers.MethodInvocationHelper.invokeMethod(MethodInvocationHelper.java:141)
	at org.testng.internal.invokers.TestInvoker.invokeMethod(TestInvoker.java:686)
	at org.testng.internal.invokers.TestInvoker.invokeTestMethod(TestInvoker.java:230)
	at org.testng.internal.invokers.MethodRunner.runInSequence(MethodRunner.java:63)
	at org.testng.internal.invokers.TestInvoker$MethodInvocationAgent.invoke(TestInvoker.java:992)
	at org.testng.internal.invokers.TestInvoker.invokeTestMethods(TestInvoker.java:203)
	at org.testng.internal.invokers.TestMethodWorker.invokeTestMethods(TestMethodWorker.java:154)
	at org.testng.internal.invokers.TestMethodWorker.run(TestMethodWorker.java:134)
	at java.base/java.util.ArrayList.forEach(ArrayList.java:1597)
	at org.testng.TestRunner.privateRun(TestRunner.java:739)
	at org.testng.TestRunner.run(TestRunner.java:614)
	at org.testng.SuiteRunner.runTest(SuiteRunner.java:421)
	at org.testng.SuiteRunner.runSequentially(SuiteRunner.java:413)
	at org.testng.SuiteRunner.privateRun(SuiteRunner.java:373)
	at org.testng.SuiteRunner.run(SuiteRunner.java:312)
	at org.testng.SuiteRunnerWorker.runSuite(SuiteRunnerWorker.java:52)
	at org.testng.SuiteRunnerWorker.run(SuiteRunnerWorker.java:95)
	at org.testng.TestNG.runSuitesSequentially(TestNG.java:1274)
	at org.testng.TestNG.runSuitesLocally(TestNG.java:1208)
	at org.testng.TestNG.runSuites(TestNG.java:1112)
	at org.testng.TestNG.run(TestNG.java:1079)
	at com.intellij.rt.testng.IDEARemoteTestNG.run(IDEARemoteTestNG.java:65)
	at com.intellij.rt.testng.RemoteTestNGStarter.main(RemoteTestNGStarter.java:109)
2026-05-28 19:41:12.621 [main] INFO  org.testng.internal.Utils.info - [TestNG] Running:
  C:\Vaibhav\Automation\TDG_HybridFramework\testng-suites\NewTestCasesSuite.xml

2026-05-28 19:41:13.064 [main] INFO  testCases.greenLanes.GreenLanesTest.setup - >>======>>======>> Automation Engineer (SDET)- Vaibhav Chavan <<======<<======<<
2026-05-28 19:41:13.065 [main] INFO  testCases.greenLanes.GreenLanesTest.setup - --test execution started--
2026-05-28 19:41:18.203 [main] INFO  testCases.greenLanes.GreenLanesTest.log - setup - browser opened
2026-05-28 19:41:18.288 [main] INFO  testCases.greenLanes.GreenLanesTest.log - setup - cookies deleted
2026-05-28 19:41:18.454 [main] INFO  testCases.greenLanes.GreenLanesTest.log - setup - browser maximized
2026-05-28 19:41:18.476 [main] INFO  testCases.greenLanes.GreenLanesTest.log - setup - implicit wait applied for 10 seconds
2026-05-28 19:41:23.584 [main] INFO  testCases.greenLanes.GreenLanesTest.log - setup - provided app URL in browser
2026-05-28 19:41:26.070 [main] INFO  testCases.greenLanes.GreenLanesTest.log - setup - provided email
2026-05-28 19:41:26.452 [main] INFO  testCases.greenLanes.GreenLanesTest.log - setup - clicked on log in button
2026-05-28 19:41:29.419 [main] INFO  testCases.greenLanes.GreenLanesTest.log - openSidebar - Clicked on hamburger icon to open the sidebar
2026-05-28 19:41:29.420 [main] INFO  testCases.greenLanes.GreenLanesTest.log - prepareNavigation - Opened sidebar
2026-05-28 19:41:30.147 [main] INFO  testCases.greenLanes.GreenLanesTest.log - verifyGreenLaneCreation - Clicked on Green Lanes menu item
2026-05-28 19:41:30.609 [main] INFO  testCases.greenLanes.GreenLanesTest.log - verifyGreenLaneCreation - Clicked on Create Green Lane button
2026-05-28 19:41:30.887 [main] INFO  testCases.greenLanes.GreenLanesTest.log - verifyGreenLaneCreation - Clicked on Create Green Lane button
2026-05-28 19:41:42.825 [main] INFO  testCases.greenLanes.GreenLanesTest.log - verifyGreenLaneCreation - Provided name for the new green lane
2026-05-28 19:41:45.066 [main] INFO  testCases.greenLanes.GreenLanesTest.log - verifyGreenLaneCreation - Provided name for the new green lane
2026-05-28 19:42:21.653 [main] ERROR testCases.greenLanes.GreenLanesTest.verifyGreenLaneCreation - Test failed due to exception: 
org.openqa.selenium.NoSuchElementException: no such element: Unable to locate element: {"method":"css selector","selector":"input[aria-label='Effective/Expiry date *']"}
  (Session info: chrome=148.0.7778.179)
For documentation on this error, please visit: https://www.selenium.dev/documentation/webdriver/troubleshooting/errors#nosuchelementexception
Build info: version: '4.44.0', revision: 'da2039b'
System info: os.name: 'Windows 11', os.arch: 'amd64', os.version: '10.0', java.version: '22.0.2'
Driver info: org.openqa.selenium.chrome.ChromeDriver
Command: [a06e29813cdb28f21dd84ac436eb15ba, findElementFromShadowRoot {shadowId=f.DA7DEEC75FDB1B43173121A2A60A50EB.d.07C17C5D72199FB4180E4E1FC7FDC4B2.e.468, using=css selector, value=input[aria-label='Effective/Expiry date *']}]
Capabilities {acceptInsecureCerts: false, browserName: chrome, browserVersion: 148.0.7778.179, chrome: {chromedriverVersion: 148.0.7778.178 (d096af1c9e9..., userDataDir: C:\Users\LZ172CV\AppData\Lo...}, fedcm:accounts: true, goog:chromeOptions: {debuggerAddress: localhost:65344}, goog:processID: 10520, networkConnectionEnabled: false, pageLoadStrategy: normal, platformName: windows, proxy: Proxy(), se:cdp: ws://localhost:65344/devtoo..., se:cdpVersion: 148.0.7778.179, setWindowRect: true, strictFileInteractability: false, timeouts: {implicit: 0, pageLoad: 300000, script: 30000}, unhandledPromptBehavior: dismiss and notify, webauthn:extension:credBlob: true, webauthn:extension:largeBlob: true, webauthn:extension:minPinLength: true, webauthn:extension:prf: true, webauthn:virtualAuthenticators: true}
Session ID: a06e29813cdb28f21dd84ac436eb15ba
	at org.openqa.selenium.remote.ErrorCodec.decode(ErrorCodec.java:169)
	at org.openqa.selenium.remote.codec.w3c.W3CHttpResponseCodec.decode(W3CHttpResponseCodec.java:143)
	at org.openqa.selenium.remote.codec.w3c.W3CHttpResponseCodec.decode(W3CHttpResponseCodec.java:50)
	at org.openqa.selenium.remote.HttpCommandExecutor.execute(HttpCommandExecutor.java:224)
	at org.openqa.selenium.remote.service.DriverCommandExecutor.invokeExecute(DriverCommandExecutor.java:217)
	at org.openqa.selenium.remote.service.DriverCommandExecutor.execute(DriverCommandExecutor.java:175)
	at org.openqa.selenium.remote.RemoteWebDriver.execute(RemoteWebDriver.java:600)
	at org.openqa.selenium.remote.ElementLocation$ElementFinder$2.findElement(ElementLocation.java:173)
	at org.openqa.selenium.remote.ElementLocation.findElement(ElementLocation.java:60)
	at org.openqa.selenium.remote.RemoteWebDriver.findElement(RemoteWebDriver.java:421)
	at org.openqa.selenium.remote.ShadowRoot.findElement(ShadowRoot.java:55)
	at pageObjects.greenLanes.GreenLanesPage.provideDate(GreenLanesPage.java:109)
	at testCases.greenLanes.GreenLanesTest.verifyGreenLaneCreation(GreenLanesTest.java:46)
	at java.base/jdk.internal.reflect.DirectMethodHandleAccessor.invoke(DirectMethodHandleAccessor.java:103)
	at java.base/java.lang.reflect.Method.invoke(Method.java:580)
	at org.testng.internal.invokers.MethodInvocationHelper.invokeMethod(MethodInvocationHelper.java:141)
	at org.testng.internal.invokers.TestInvoker.invokeMethod(TestInvoker.java:686)
	at org.testng.internal.invokers.TestInvoker.invokeTestMethod(TestInvoker.java:230)
	at org.testng.internal.invokers.MethodRunner.runInSequence(MethodRunner.java:63)
	at org.testng.internal.invokers.TestInvoker$MethodInvocationAgent.invoke(TestInvoker.java:992)
	at org.testng.internal.invokers.TestInvoker.invokeTestMethods(TestInvoker.java:203)
	at org.testng.internal.invokers.TestMethodWorker.invokeTestMethods(TestMethodWorker.java:154)
	at org.testng.internal.invokers.TestMethodWorker.run(TestMethodWorker.java:134)
	at java.base/java.util.ArrayList.forEach(ArrayList.java:1597)
	at org.testng.TestRunner.privateRun(TestRunner.java:739)
	at org.testng.TestRunner.run(TestRunner.java:614)
	at org.testng.SuiteRunner.runTest(SuiteRunner.java:421)
	at org.testng.SuiteRunner.runSequentially(SuiteRunner.java:413)
	at org.testng.SuiteRunner.privateRun(SuiteRunner.java:373)
	at org.testng.SuiteRunner.run(SuiteRunner.java:312)
	at org.testng.SuiteRunnerWorker.runSuite(SuiteRunnerWorker.java:52)
	at org.testng.SuiteRunnerWorker.run(SuiteRunnerWorker.java:95)
	at org.testng.TestNG.runSuitesSequentially(TestNG.java:1274)
	at org.testng.TestNG.runSuitesLocally(TestNG.java:1208)
	at org.testng.TestNG.runSuites(TestNG.java:1112)
	at org.testng.TestNG.run(TestNG.java:1079)
	at com.intellij.rt.testng.IDEARemoteTestNG.run(IDEARemoteTestNG.java:65)
	at com.intellij.rt.testng.RemoteTestNGStarter.main(RemoteTestNGStarter.java:109)
2026-05-28 19:42:21.763 [main] INFO  testCases.greenLanes.GreenLanesTest.log - openSidebar - Sidebar is already opend, no need to click on sidebar/logo icon
2026-05-28 19:42:21.764 [main] INFO  testCases.greenLanes.GreenLanesTest.log - prepareNavigation - Opened sidebar
2026-05-28 19:42:21.880 [main] INFO  testCases.greenLanes.GreenLanesTest.log - verifyGreenLaneCreation - Clicked on Green Lanes menu item
2026-05-28 19:42:21.951 [main] INFO  testCases.greenLanes.GreenLanesTest.log - verifyGreenLaneCreation - Clicked on Create Green Lane button
2026-05-28 19:42:22.032 [main] INFO  testCases.greenLanes.GreenLanesTest.log - verifyGreenLaneCreation - Clicked on Create Green Lane button
2026-05-28 19:42:24.332 [main] ERROR testCases.greenLanes.GreenLanesTest.verifyGreenLaneCreation - Test failed due to exception: 
org.openqa.selenium.ElementClickInterceptedException: element click intercepted: Element <input part="input" class="motif-base-input motif-input-size-ref" slot="input" inputmode="text" input-aria-label="Name *" type="text" name="motif-input-do69s4" placeholder="" required="" maxlength="100" id="motif-input-do69s4" tabindex="0" aria-label="Name *" aria-required="true"> is not clickable at point (732, 22). Other element would receive the click: <div _ngcontent-ng-c2227611059="" slot="toast-title">...</div>
  (Session info: chrome=148.0.7778.179)
Build info: version: '4.44.0', revision: 'da2039b'
System info: os.name: 'Windows 11', os.arch: 'amd64', os.version: '10.0', java.version: '22.0.2'
Driver info: org.openqa.selenium.chrome.ChromeDriver
Command: [a06e29813cdb28f21dd84ac436eb15ba, clickElement {id=f.DA7DEEC75FDB1B43173121A2A60A50EB.d.07C17C5D72199FB4180E4E1FC7FDC4B2.e.146}]
Capabilities {acceptInsecureCerts: false, browserName: chrome, browserVersion: 148.0.7778.179, chrome: {chromedriverVersion: 148.0.7778.178 (d096af1c9e9..., userDataDir: C:\Users\LZ172CV\AppData\Lo...}, fedcm:accounts: true, goog:chromeOptions: {debuggerAddress: localhost:65344}, goog:processID: 10520, networkConnectionEnabled: false, pageLoadStrategy: normal, platformName: windows, proxy: Proxy(), se:cdp: ws://localhost:65344/devtoo..., se:cdpVersion: 148.0.7778.179, setWindowRect: true, strictFileInteractability: false, timeouts: {implicit: 0, pageLoad: 300000, script: 30000}, unhandledPromptBehavior: dismiss and notify, webauthn:extension:credBlob: true, webauthn:extension:largeBlob: true, webauthn:extension:minPinLength: true, webauthn:extension:prf: true, webauthn:virtualAuthenticators: true}
Element: [[ChromeDriver: chrome on windows (a06e29813cdb28f21dd84ac436eb15ba)] -> css selector: input[aria-label='Name *']]
Session ID: a06e29813cdb28f21dd84ac436eb15ba
	at org.openqa.selenium.remote.ErrorCodec.decode(ErrorCodec.java:169)
	at org.openqa.selenium.remote.codec.w3c.W3CHttpResponseCodec.decode(W3CHttpResponseCodec.java:143)
	at org.openqa.selenium.remote.codec.w3c.W3CHttpResponseCodec.decode(W3CHttpResponseCodec.java:50)
	at org.openqa.selenium.remote.HttpCommandExecutor.execute(HttpCommandExecutor.java:224)
	at org.openqa.selenium.remote.service.DriverCommandExecutor.invokeExecute(DriverCommandExecutor.java:217)
	at org.openqa.selenium.remote.service.DriverCommandExecutor.execute(DriverCommandExecutor.java:175)
	at org.openqa.selenium.remote.RemoteWebDriver.execute(RemoteWebDriver.java:600)
	at org.openqa.selenium.remote.RemoteWebElement.execute(RemoteWebElement.java:225)
	at org.openqa.selenium.remote.RemoteWebElement.click(RemoteWebElement.java:79)
	at pageObjects.greenLanes.GreenLanesPage.provideName(GreenLanesPage.java:84)
	at testCases.greenLanes.GreenLanesTest.verifyGreenLaneCreation(GreenLanesTest.java:36)
	at java.base/jdk.internal.reflect.DirectMethodHandleAccessor.invoke(DirectMethodHandleAccessor.java:103)
	at java.base/java.lang.reflect.Method.invoke(Method.java:580)
	at org.testng.internal.invokers.MethodInvocationHelper.invokeMethod(MethodInvocationHelper.java:141)
	at org.testng.internal.invokers.TestInvoker.invokeMethod(TestInvoker.java:686)
	at org.testng.internal.invokers.TestInvoker.retryFailed(TestInvoker.java:269)
	at org.testng.internal.invokers.MethodRunner.runInSequence(MethodRunner.java:76)
	at org.testng.internal.invokers.TestInvoker$MethodInvocationAgent.invoke(TestInvoker.java:992)
	at org.testng.internal.invokers.TestInvoker.invokeTestMethods(TestInvoker.java:203)
	at org.testng.internal.invokers.TestMethodWorker.invokeTestMethods(TestMethodWorker.java:154)
	at org.testng.internal.invokers.TestMethodWorker.run(TestMethodWorker.java:134)
	at java.base/java.util.ArrayList.forEach(ArrayList.java:1597)
	at org.testng.TestRunner.privateRun(TestRunner.java:739)
	at org.testng.TestRunner.run(TestRunner.java:614)
	at org.testng.SuiteRunner.runTest(SuiteRunner.java:421)
	at org.testng.SuiteRunner.runSequentially(SuiteRunner.java:413)
	at org.testng.SuiteRunner.privateRun(SuiteRunner.java:373)
	at org.testng.SuiteRunner.run(SuiteRunner.java:312)
	at org.testng.SuiteRunnerWorker.runSuite(SuiteRunnerWorker.java:52)
	at org.testng.SuiteRunnerWorker.run(SuiteRunnerWorker.java:95)
	at org.testng.TestNG.runSuitesSequentially(TestNG.java:1274)
	at org.testng.TestNG.runSuitesLocally(TestNG.java:1208)
	at org.testng.TestNG.runSuites(TestNG.java:1112)
	at org.testng.TestNG.run(TestNG.java:1079)
	at com.intellij.rt.testng.IDEARemoteTestNG.run(IDEARemoteTestNG.java:65)
	at com.intellij.rt.testng.RemoteTestNGStarter.main(RemoteTestNGStarter.java:109)
2026-05-28 19:46:19.571 [main] INFO  org.testng.internal.Utils.info - [TestNG] Running:
  C:\Vaibhav\Automation\TDG_HybridFramework\testng-suites\NewTestCasesSuite.xml

2026-05-28 19:46:19.995 [main] INFO  testCases.greenLanes.GreenLanesTest.setup - >>======>>======>> Automation Engineer (SDET)- Vaibhav Chavan <<======<<======<<
2026-05-28 19:46:19.996 [main] INFO  testCases.greenLanes.GreenLanesTest.setup - --test execution started--
2026-05-28 19:46:24.535 [main] INFO  testCases.greenLanes.GreenLanesTest.log - setup - browser opened
2026-05-28 19:46:24.971 [main] INFO  testCases.greenLanes.GreenLanesTest.log - setup - cookies deleted
2026-05-28 19:46:25.091 [main] INFO  testCases.greenLanes.GreenLanesTest.log - setup - browser maximized
2026-05-28 19:46:25.104 [main] INFO  testCases.greenLanes.GreenLanesTest.log - setup - implicit wait applied for 10 seconds
2026-05-28 19:46:30.306 [main] INFO  testCases.greenLanes.GreenLanesTest.log - setup - provided app URL in browser
2026-05-28 19:46:32.803 [main] INFO  testCases.greenLanes.GreenLanesTest.log - setup - provided email
2026-05-28 19:46:32.951 [main] INFO  testCases.greenLanes.GreenLanesTest.log - setup - clicked on log in button
2026-05-28 19:46:36.143 [main] INFO  testCases.greenLanes.GreenLanesTest.log - openSidebar - Clicked on hamburger icon to open the sidebar
2026-05-28 19:46:36.149 [main] INFO  testCases.greenLanes.GreenLanesTest.log - prepareNavigation - Opened sidebar
2026-05-28 19:46:36.776 [main] INFO  testCases.greenLanes.GreenLanesTest.log - verifyGreenLaneCreation - Clicked on Green Lanes menu item
2026-05-28 19:46:37.237 [main] INFO  testCases.greenLanes.GreenLanesTest.log - verifyGreenLaneCreation - Clicked on Create Green Lane button
2026-05-28 19:46:37.406 [main] INFO  testCases.greenLanes.GreenLanesTest.log - verifyGreenLaneCreation - Clicked on Create Green Lane button
2026-05-28 19:47:00.843 [main] ERROR testCases.greenLanes.GreenLanesTest.verifyGreenLaneCreation - Test failed due to exception: 
org.openqa.selenium.NoSuchElementException: no such element: Unable to locate element: {"method":"css selector","selector":"input"}
  (Session info: chrome=148.0.7778.179)
For documentation on this error, please visit: https://www.selenium.dev/documentation/webdriver/troubleshooting/errors#nosuchelementexception
Build info: version: '4.44.0', revision: 'da2039b'
System info: os.name: 'Windows 11', os.arch: 'amd64', os.version: '10.0', java.version: '22.0.2'
Driver info: org.openqa.selenium.chrome.ChromeDriver
Command: [6a70cdaf317f93bff50a16df4a698dc9, findElementFromShadowRoot {using=css selector, shadowId=f.D9A7F635736B0058D24C183C96FEB0C7.d.27567AE2C03726540E3772F5331EAD67.e.465, value=input}]
Capabilities {acceptInsecureCerts: false, browserName: chrome, browserVersion: 148.0.7778.179, chrome: {chromedriverVersion: 148.0.7778.178 (d096af1c9e9..., userDataDir: C:\Users\LZ172CV\AppData\Lo...}, fedcm:accounts: true, goog:chromeOptions: {debuggerAddress: localhost:52445}, goog:processID: 9956, networkConnectionEnabled: false, pageLoadStrategy: normal, platformName: windows, proxy: Proxy(), se:cdp: ws://localhost:52445/devtoo..., se:cdpVersion: 148.0.7778.179, setWindowRect: true, strictFileInteractability: false, timeouts: {implicit: 0, pageLoad: 300000, script: 30000}, unhandledPromptBehavior: dismiss and notify, webauthn:extension:credBlob: true, webauthn:extension:largeBlob: true, webauthn:extension:minPinLength: true, webauthn:extension:prf: true, webauthn:virtualAuthenticators: true}
Session ID: 6a70cdaf317f93bff50a16df4a698dc9
	at org.openqa.selenium.remote.ErrorCodec.decode(ErrorCodec.java:169)
	at org.openqa.selenium.remote.codec.w3c.W3CHttpResponseCodec.decode(W3CHttpResponseCodec.java:143)
	at org.openqa.selenium.remote.codec.w3c.W3CHttpResponseCodec.decode(W3CHttpResponseCodec.java:50)
	at org.openqa.selenium.remote.HttpCommandExecutor.execute(HttpCommandExecutor.java:224)
	at org.openqa.selenium.remote.service.DriverCommandExecutor.invokeExecute(DriverCommandExecutor.java:217)
	at org.openqa.selenium.remote.service.DriverCommandExecutor.execute(DriverCommandExecutor.java:175)
	at org.openqa.selenium.remote.RemoteWebDriver.execute(RemoteWebDriver.java:600)
	at org.openqa.selenium.remote.ElementLocation$ElementFinder$2.findElement(ElementLocation.java:173)
	at org.openqa.selenium.remote.ElementLocation.findElement(ElementLocation.java:60)
	at org.openqa.selenium.remote.RemoteWebDriver.findElement(RemoteWebDriver.java:421)
	at org.openqa.selenium.remote.ShadowRoot.findElement(ShadowRoot.java:55)
	at pageObjects.greenLanes.GreenLanesPage.provideName(GreenLanesPage.java:86)
	at testCases.greenLanes.GreenLanesTest.verifyGreenLaneCreation(GreenLanesTest.java:36)
	at java.base/jdk.internal.reflect.DirectMethodHandleAccessor.invoke(DirectMethodHandleAccessor.java:103)
	at java.base/java.lang.reflect.Method.invoke(Method.java:580)
	at org.testng.internal.invokers.MethodInvocationHelper.invokeMethod(MethodInvocationHelper.java:141)
	at org.testng.internal.invokers.TestInvoker.invokeMethod(TestInvoker.java:686)
	at org.testng.internal.invokers.TestInvoker.invokeTestMethod(TestInvoker.java:230)
	at org.testng.internal.invokers.MethodRunner.runInSequence(MethodRunner.java:63)
	at org.testng.internal.invokers.TestInvoker$MethodInvocationAgent.invoke(TestInvoker.java:992)
	at org.testng.internal.invokers.TestInvoker.invokeTestMethods(TestInvoker.java:203)
	at org.testng.internal.invokers.TestMethodWorker.invokeTestMethods(TestMethodWorker.java:154)
	at org.testng.internal.invokers.TestMethodWorker.run(TestMethodWorker.java:134)
	at java.base/java.util.ArrayList.forEach(ArrayList.java:1597)
	at org.testng.TestRunner.privateRun(TestRunner.java:739)
	at org.testng.TestRunner.run(TestRunner.java:614)
	at org.testng.SuiteRunner.runTest(SuiteRunner.java:421)
	at org.testng.SuiteRunner.runSequentially(SuiteRunner.java:413)
	at org.testng.SuiteRunner.privateRun(SuiteRunner.java:373)
	at org.testng.SuiteRunner.run(SuiteRunner.java:312)
	at org.testng.SuiteRunnerWorker.runSuite(SuiteRunnerWorker.java:52)
	at org.testng.SuiteRunnerWorker.run(SuiteRunnerWorker.java:95)
	at org.testng.TestNG.runSuitesSequentially(TestNG.java:1274)
	at org.testng.TestNG.runSuitesLocally(TestNG.java:1208)
	at org.testng.TestNG.runSuites(TestNG.java:1112)
	at org.testng.TestNG.run(TestNG.java:1079)
	at com.intellij.rt.testng.IDEARemoteTestNG.run(IDEARemoteTestNG.java:65)
	at com.intellij.rt.testng.RemoteTestNGStarter.main(RemoteTestNGStarter.java:109)
2026-05-28 19:47:00.942 [main] INFO  testCases.greenLanes.GreenLanesTest.log - openSidebar - Sidebar is already opend, no need to click on sidebar/logo icon
2026-05-28 19:47:00.943 [main] INFO  testCases.greenLanes.GreenLanesTest.log - prepareNavigation - Opened sidebar
2026-05-28 19:47:08.429 [main] INFO  org.testng.internal.Utils.info - [TestNG] Running:
  C:\Vaibhav\Automation\TDG_HybridFramework\testng-suites\NewTestCasesSuite.xml

2026-05-28 19:47:08.872 [main] INFO  testCases.greenLanes.GreenLanesTest.setup - >>======>>======>> Automation Engineer (SDET)- Vaibhav Chavan <<======<<======<<
2026-05-28 19:47:08.873 [main] INFO  testCases.greenLanes.GreenLanesTest.setup - --test execution started--
2026-05-28 19:47:13.764 [main] INFO  testCases.greenLanes.GreenLanesTest.log - setup - browser opened
2026-05-28 19:47:13.806 [main] INFO  testCases.greenLanes.GreenLanesTest.log - setup - cookies deleted
2026-05-28 19:47:13.868 [main] INFO  testCases.greenLanes.GreenLanesTest.log - setup - browser maximized
2026-05-28 19:47:13.883 [main] INFO  testCases.greenLanes.GreenLanesTest.log - setup - implicit wait applied for 10 seconds
2026-05-28 19:47:18.567 [main] INFO  testCases.greenLanes.GreenLanesTest.log - setup - provided app URL in browser
2026-05-28 19:47:21.059 [main] INFO  testCases.greenLanes.GreenLanesTest.log - setup - provided email
2026-05-28 19:47:21.245 [main] INFO  testCases.greenLanes.GreenLanesTest.log - setup - clicked on log in button
2026-05-28 19:47:27.613 [main] INFO  testCases.greenLanes.GreenLanesTest.log - openSidebar - Clicked on hamburger icon to open the sidebar
2026-05-28 19:47:27.613 [main] INFO  testCases.greenLanes.GreenLanesTest.log - prepareNavigation - Opened sidebar
2026-05-28 19:47:28.569 [main] INFO  testCases.greenLanes.GreenLanesTest.log - verifyGreenLaneCreation - Clicked on Green Lanes menu item
2026-05-28 19:47:29.008 [main] INFO  testCases.greenLanes.GreenLanesTest.log - verifyGreenLaneCreation - Clicked on Create Green Lane button
2026-05-28 19:47:29.326 [main] INFO  testCases.greenLanes.GreenLanesTest.log - verifyGreenLaneCreation - Clicked on Create Green Lane button
2026-05-28 19:48:26.093 [main] ERROR testCases.greenLanes.GreenLanesTest.verifyGreenLaneCreation - Test failed due to exception: 
org.openqa.selenium.NoSuchElementException: no such element: Unable to locate element: {"method":"css selector","selector":"input"}
  (Session info: chrome=148.0.7778.179)
For documentation on this error, please visit: https://www.selenium.dev/documentation/webdriver/troubleshooting/errors#nosuchelementexception
Build info: version: '4.44.0', revision: 'da2039b'
System info: os.name: 'Windows 11', os.arch: 'amd64', os.version: '10.0', java.version: '22.0.2'
Driver info: org.openqa.selenium.chrome.ChromeDriver
Command: [752c74b9cb52f5edaf4b05ddd1501258, findElementFromShadowRoot {value=input, using=css selector, shadowId=f.129584087B04603239A02472F2A76D9D.d.9FA67F234DB0A3BE03C24C33DB75D7CC.e.469}]
Capabilities {acceptInsecureCerts: false, browserName: chrome, browserVersion: 148.0.7778.179, chrome: {chromedriverVersion: 148.0.7778.178 (d096af1c9e9..., userDataDir: C:\Users\LZ172CV\AppData\Lo...}, fedcm:accounts: true, goog:chromeOptions: {debuggerAddress: localhost:49909}, goog:processID: 10948, networkConnectionEnabled: false, pageLoadStrategy: normal, platformName: windows, proxy: Proxy(), se:cdp: ws://localhost:49909/devtoo..., se:cdpVersion: 148.0.7778.179, setWindowRect: true, strictFileInteractability: false, timeouts: {implicit: 0, pageLoad: 300000, script: 30000}, unhandledPromptBehavior: dismiss and notify, webauthn:extension:credBlob: true, webauthn:extension:largeBlob: true, webauthn:extension:minPinLength: true, webauthn:extension:prf: true, webauthn:virtualAuthenticators: true}
Session ID: 752c74b9cb52f5edaf4b05ddd1501258
	at org.openqa.selenium.remote.ErrorCodec.decode(ErrorCodec.java:169)
	at org.openqa.selenium.remote.codec.w3c.W3CHttpResponseCodec.decode(W3CHttpResponseCodec.java:143)
	at org.openqa.selenium.remote.codec.w3c.W3CHttpResponseCodec.decode(W3CHttpResponseCodec.java:50)
	at org.openqa.selenium.remote.HttpCommandExecutor.execute(HttpCommandExecutor.java:224)
	at org.openqa.selenium.remote.service.DriverCommandExecutor.invokeExecute(DriverCommandExecutor.java:217)
	at org.openqa.selenium.remote.service.DriverCommandExecutor.execute(DriverCommandExecutor.java:175)
	at org.openqa.selenium.remote.RemoteWebDriver.execute(RemoteWebDriver.java:600)
	at org.openqa.selenium.remote.ElementLocation$ElementFinder$2.findElement(ElementLocation.java:173)
	at org.openqa.selenium.remote.ElementLocation.findElement(ElementLocation.java:60)
	at org.openqa.selenium.remote.RemoteWebDriver.findElement(RemoteWebDriver.java:421)
	at org.openqa.selenium.remote.ShadowRoot.findElement(ShadowRoot.java:55)
	at pageObjects.greenLanes.GreenLanesPage.provideName(GreenLanesPage.java:86)
	at testCases.greenLanes.GreenLanesTest.verifyGreenLaneCreation(GreenLanesTest.java:36)
	at java.base/jdk.internal.reflect.DirectMethodHandleAccessor.invoke(DirectMethodHandleAccessor.java:103)
	at java.base/java.lang.reflect.Method.invoke(Method.java:580)
	at org.testng.internal.invokers.MethodInvocationHelper.invokeMethod(MethodInvocationHelper.java:141)
	at org.testng.internal.invokers.TestInvoker.invokeMethod(TestInvoker.java:686)
	at org.testng.internal.invokers.TestInvoker.invokeTestMethod(TestInvoker.java:230)
	at org.testng.internal.invokers.MethodRunner.runInSequence(MethodRunner.java:63)
	at org.testng.internal.invokers.TestInvoker$MethodInvocationAgent.invoke(TestInvoker.java:992)
	at org.testng.internal.invokers.TestInvoker.invokeTestMethods(TestInvoker.java:203)
	at org.testng.internal.invokers.TestMethodWorker.invokeTestMethods(TestMethodWorker.java:154)
	at org.testng.internal.invokers.TestMethodWorker.run(TestMethodWorker.java:134)
	at java.base/java.util.ArrayList.forEach(ArrayList.java:1597)
	at org.testng.TestRunner.privateRun(TestRunner.java:739)
	at org.testng.TestRunner.run(TestRunner.java:614)
	at org.testng.SuiteRunner.runTest(SuiteRunner.java:421)
	at org.testng.SuiteRunner.runSequentially(SuiteRunner.java:413)
	at org.testng.SuiteRunner.privateRun(SuiteRunner.java:373)
	at org.testng.SuiteRunner.run(SuiteRunner.java:312)
	at org.testng.SuiteRunnerWorker.runSuite(SuiteRunnerWorker.java:52)
	at org.testng.SuiteRunnerWorker.run(SuiteRunnerWorker.java:95)
	at org.testng.TestNG.runSuitesSequentially(TestNG.java:1274)
	at org.testng.TestNG.runSuitesLocally(TestNG.java:1208)
	at org.testng.TestNG.runSuites(TestNG.java:1112)
	at org.testng.TestNG.run(TestNG.java:1079)
	at com.intellij.rt.testng.IDEARemoteTestNG.run(IDEARemoteTestNG.java:65)
	at com.intellij.rt.testng.RemoteTestNGStarter.main(RemoteTestNGStarter.java:109)
2026-05-28 19:48:26.286 [main] INFO  testCases.greenLanes.GreenLanesTest.log - openSidebar - Sidebar is already opend, no need to click on sidebar/logo icon
2026-05-28 19:48:26.286 [main] INFO  testCases.greenLanes.GreenLanesTest.log - prepareNavigation - Opened sidebar
2026-05-28 19:49:02.537 [main] INFO  org.testng.internal.Utils.info - [TestNG] Running:
  C:\Vaibhav\Automation\TDG_HybridFramework\testng-suites\NewTestCasesSuite.xml

2026-05-28 19:49:02.988 [main] INFO  testCases.greenLanes.GreenLanesTest.setup - >>======>>======>> Automation Engineer (SDET)- Vaibhav Chavan <<======<<======<<
2026-05-28 19:49:02.988 [main] INFO  testCases.greenLanes.GreenLanesTest.setup - --test execution started--
2026-05-28 19:49:08.123 [main] INFO  testCases.greenLanes.GreenLanesTest.log - setup - browser opened
2026-05-28 19:49:08.223 [main] INFO  testCases.greenLanes.GreenLanesTest.log - setup - cookies deleted
2026-05-28 19:49:08.346 [main] INFO  testCases.greenLanes.GreenLanesTest.log - setup - browser maximized
2026-05-28 19:49:08.393 [main] INFO  testCases.greenLanes.GreenLanesTest.log - setup - implicit wait applied for 10 seconds
2026-05-28 19:49:13.174 [main] INFO  testCases.greenLanes.GreenLanesTest.log - setup - provided app URL in browser
2026-05-28 19:49:15.695 [main] INFO  testCases.greenLanes.GreenLanesTest.log - setup - provided email
2026-05-28 19:49:15.846 [main] INFO  testCases.greenLanes.GreenLanesTest.log - setup - clicked on log in button
2026-05-28 19:49:18.662 [main] INFO  testCases.greenLanes.GreenLanesTest.log - openSidebar - Clicked on hamburger icon to open the sidebar
2026-05-28 19:49:18.663 [main] INFO  testCases.greenLanes.GreenLanesTest.log - prepareNavigation - Opened sidebar
2026-05-28 19:49:19.575 [main] INFO  testCases.greenLanes.GreenLanesTest.log - verifyGreenLaneCreation - Clicked on Green Lanes menu item
2026-05-28 19:49:19.990 [main] INFO  testCases.greenLanes.GreenLanesTest.log - verifyGreenLaneCreation - Clicked on Create Green Lane button
2026-05-28 19:49:20.103 [main] INFO  testCases.greenLanes.GreenLanesTest.log - verifyGreenLaneCreation - Clicked on Create Green Lane button
2026-05-28 19:49:33.306 [main] INFO  testCases.greenLanes.GreenLanesTest.log - verifyGreenLaneCreation - Provided name for the new green lane
2026-05-28 19:49:35.317 [main] INFO  testCases.greenLanes.GreenLanesTest.log - verifyGreenLaneCreation - Provided name for the new green lane
2026-05-28 19:51:12.307 [main] ERROR testCases.greenLanes.GreenLanesTest.verifyGreenLaneCreation - Test failed due to exception: 
org.openqa.selenium.NoSuchElementException: no such element: Unable to locate element: {"method":"css selector","selector":"input"}
  (Session info: chrome=148.0.7778.179)
For documentation on this error, please visit: https://www.selenium.dev/documentation/webdriver/troubleshooting/errors#nosuchelementexception
Build info: version: '4.44.0', revision: 'da2039b'
System info: os.name: 'Windows 11', os.arch: 'amd64', os.version: '10.0', java.version: '22.0.2'
Driver info: org.openqa.selenium.chrome.ChromeDriver
Command: [00cc45f7357369cab710b81dbf667983, findElementFromShadowRoot {using=css selector, shadowId=f.431DC72EEF33D23CAB10B3DB218B7FA8.d.EEE61148EC699914F9A736C2222DE56A.e.469, value=input}]
Capabilities {acceptInsecureCerts: false, browserName: chrome, browserVersion: 148.0.7778.179, chrome: {chromedriverVersion: 148.0.7778.178 (d096af1c9e9..., userDataDir: C:\Users\LZ172CV\AppData\Lo...}, fedcm:accounts: true, goog:chromeOptions: {debuggerAddress: localhost:55902}, goog:processID: 19876, networkConnectionEnabled: false, pageLoadStrategy: normal, platformName: windows, proxy: Proxy(), se:cdp: ws://localhost:55902/devtoo..., se:cdpVersion: 148.0.7778.179, setWindowRect: true, strictFileInteractability: false, timeouts: {implicit: 0, pageLoad: 300000, script: 30000}, unhandledPromptBehavior: dismiss and notify, webauthn:extension:credBlob: true, webauthn:extension:largeBlob: true, webauthn:extension:minPinLength: true, webauthn:extension:prf: true, webauthn:virtualAuthenticators: true}
Session ID: 00cc45f7357369cab710b81dbf667983
	at org.openqa.selenium.remote.ErrorCodec.decode(ErrorCodec.java:169)
	at org.openqa.selenium.remote.codec.w3c.W3CHttpResponseCodec.decode(W3CHttpResponseCodec.java:143)
	at org.openqa.selenium.remote.codec.w3c.W3CHttpResponseCodec.decode(W3CHttpResponseCodec.java:50)
	at org.openqa.selenium.remote.HttpCommandExecutor.execute(HttpCommandExecutor.java:224)
	at org.openqa.selenium.remote.service.DriverCommandExecutor.invokeExecute(DriverCommandExecutor.java:217)
	at org.openqa.selenium.remote.service.DriverCommandExecutor.execute(DriverCommandExecutor.java:175)
	at org.openqa.selenium.remote.RemoteWebDriver.execute(RemoteWebDriver.java:600)
	at org.openqa.selenium.remote.ElementLocation$ElementFinder$2.findElement(ElementLocation.java:173)
	at org.openqa.selenium.remote.ElementLocation.findElement(ElementLocation.java:60)
	at org.openqa.selenium.remote.RemoteWebDriver.findElement(RemoteWebDriver.java:421)
	at org.openqa.selenium.remote.ShadowRoot.findElement(ShadowRoot.java:55)
	at pageObjects.greenLanes.GreenLanesPage.provideDate(GreenLanesPage.java:111)
	at testCases.greenLanes.GreenLanesTest.verifyGreenLaneCreation(GreenLanesTest.java:46)
	at java.base/jdk.internal.reflect.DirectMethodHandleAccessor.invoke(DirectMethodHandleAccessor.java:103)
	at java.base/java.lang.reflect.Method.invoke(Method.java:580)
	at org.testng.internal.invokers.MethodInvocationHelper.invokeMethod(MethodInvocationHelper.java:141)
	at org.testng.internal.invokers.TestInvoker.invokeMethod(TestInvoker.java:686)
	at org.testng.internal.invokers.TestInvoker.invokeTestMethod(TestInvoker.java:230)
	at org.testng.internal.invokers.MethodRunner.runInSequence(MethodRunner.java:63)
	at org.testng.internal.invokers.TestInvoker$MethodInvocationAgent.invoke(TestInvoker.java:992)
	at org.testng.internal.invokers.TestInvoker.invokeTestMethods(TestInvoker.java:203)
	at org.testng.internal.invokers.TestMethodWorker.invokeTestMethods(TestMethodWorker.java:154)
	at org.testng.internal.invokers.TestMethodWorker.run(TestMethodWorker.java:134)
	at java.base/java.util.ArrayList.forEach(ArrayList.java:1597)
	at org.testng.TestRunner.privateRun(TestRunner.java:739)
	at org.testng.TestRunner.run(TestRunner.java:614)
	at org.testng.SuiteRunner.runTest(SuiteRunner.java:421)
	at org.testng.SuiteRunner.runSequentially(SuiteRunner.java:413)
	at org.testng.SuiteRunner.privateRun(SuiteRunner.java:373)
	at org.testng.SuiteRunner.run(SuiteRunner.java:312)
	at org.testng.SuiteRunnerWorker.runSuite(SuiteRunnerWorker.java:52)
	at org.testng.SuiteRunnerWorker.run(SuiteRunnerWorker.java:95)
	at org.testng.TestNG.runSuitesSequentially(TestNG.java:1274)
	at org.testng.TestNG.runSuitesLocally(TestNG.java:1208)
	at org.testng.TestNG.runSuites(TestNG.java:1112)
	at org.testng.TestNG.run(TestNG.java:1079)
	at com.intellij.rt.testng.IDEARemoteTestNG.run(IDEARemoteTestNG.java:65)
	at com.intellij.rt.testng.RemoteTestNGStarter.main(RemoteTestNGStarter.java:109)
2026-05-28 19:51:23.638 [main] INFO  org.testng.internal.Utils.info - [TestNG] Running:
  C:\Vaibhav\Automation\TDG_HybridFramework\testng-suites\NewTestCasesSuite.xml

2026-05-28 19:51:24.043 [main] INFO  testCases.greenLanes.GreenLanesTest.setup - >>======>>======>> Automation Engineer (SDET)- Vaibhav Chavan <<======<<======<<
2026-05-28 19:51:24.044 [main] INFO  testCases.greenLanes.GreenLanesTest.setup - --test execution started--
2026-05-28 19:51:28.876 [main] INFO  testCases.greenLanes.GreenLanesTest.log - setup - browser opened
2026-05-28 19:51:28.935 [main] INFO  testCases.greenLanes.GreenLanesTest.log - setup - cookies deleted
2026-05-28 19:51:29.041 [main] INFO  testCases.greenLanes.GreenLanesTest.log - setup - browser maximized
2026-05-28 19:51:29.076 [main] INFO  testCases.greenLanes.GreenLanesTest.log - setup - implicit wait applied for 10 seconds
2026-05-28 19:51:34.141 [main] INFO  testCases.greenLanes.GreenLanesTest.log - setup - provided app URL in browser
2026-05-28 19:51:36.617 [main] INFO  testCases.greenLanes.GreenLanesTest.log - setup - provided email
2026-05-28 19:51:36.785 [main] INFO  testCases.greenLanes.GreenLanesTest.log - setup - clicked on log in button
2026-05-28 19:51:39.730 [main] INFO  testCases.greenLanes.GreenLanesTest.log - openSidebar - Clicked on hamburger icon to open the sidebar
2026-05-28 19:51:39.731 [main] INFO  testCases.greenLanes.GreenLanesTest.log - prepareNavigation - Opened sidebar
2026-05-28 19:51:40.766 [main] INFO  testCases.greenLanes.GreenLanesTest.log - verifyGreenLaneCreation - Clicked on Green Lanes menu item
2026-05-28 19:51:41.190 [main] INFO  testCases.greenLanes.GreenLanesTest.log - verifyGreenLaneCreation - Clicked on Create Green Lane button
2026-05-28 19:51:41.314 [main] INFO  testCases.greenLanes.GreenLanesTest.log - verifyGreenLaneCreation - Clicked on Create Green Lane button
2026-05-28 19:51:55.531 [main] INFO  testCases.greenLanes.GreenLanesTest.log - verifyGreenLaneCreation - Provided name for the new green lane
2026-05-28 19:51:58.190 [main] INFO  testCases.greenLanes.GreenLanesTest.log - verifyGreenLaneCreation - Provided name for the new green lane
2026-05-28 19:57:06.248 [main] ERROR testCases.greenLanes.GreenLanesTest.verifyGreenLaneCreation - Test failed due to exception: 
org.openqa.selenium.NoSuchElementException: no such element: Unable to locate element: {"method":"css selector","selector":"input[aria-label='Effective/Expiry date *']"}
  (Session info: chrome=148.0.7778.179)
For documentation on this error, please visit: https://www.selenium.dev/documentation/webdriver/troubleshooting/errors#nosuchelementexception
Build info: version: '4.44.0', revision: 'da2039b'
System info: os.name: 'Windows 11', os.arch: 'amd64', os.version: '10.0', java.version: '22.0.2'
Driver info: org.openqa.selenium.chrome.ChromeDriver
Command: [b6f215e5a1de1130c6ed1d1fdc52712e, findElementFromShadowRoot {using=css selector, shadowId=f.086547C52EE5FBC401C6AC37FE89F5BE.d.15B01E213A1AF5220A90D0F1081945B1.e.466, value=input[aria-label='Effective/Expiry date *']}]
Capabilities {acceptInsecureCerts: false, browserName: chrome, browserVersion: 148.0.7778.179, chrome: {chromedriverVersion: 148.0.7778.178 (d096af1c9e9..., userDataDir: C:\Users\LZ172CV\AppData\Lo...}, fedcm:accounts: true, goog:chromeOptions: {debuggerAddress: localhost:60862}, goog:processID: 27972, networkConnectionEnabled: false, pageLoadStrategy: normal, platformName: windows, proxy: Proxy(), se:cdp: ws://localhost:60862/devtoo..., se:cdpVersion: 148.0.7778.179, setWindowRect: true, strictFileInteractability: false, timeouts: {implicit: 0, pageLoad: 300000, script: 30000}, unhandledPromptBehavior: dismiss and notify, webauthn:extension:credBlob: true, webauthn:extension:largeBlob: true, webauthn:extension:minPinLength: true, webauthn:extension:prf: true, webauthn:virtualAuthenticators: true}
Session ID: b6f215e5a1de1130c6ed1d1fdc52712e
	at org.openqa.selenium.remote.ErrorCodec.decode(ErrorCodec.java:169)
	at org.openqa.selenium.remote.codec.w3c.W3CHttpResponseCodec.decode(W3CHttpResponseCodec.java:143)
	at org.openqa.selenium.remote.codec.w3c.W3CHttpResponseCodec.decode(W3CHttpResponseCodec.java:50)
	at org.openqa.selenium.remote.HttpCommandExecutor.execute(HttpCommandExecutor.java:224)
	at org.openqa.selenium.remote.service.DriverCommandExecutor.invokeExecute(DriverCommandExecutor.java:217)
	at org.openqa.selenium.remote.service.DriverCommandExecutor.execute(DriverCommandExecutor.java:175)
	at org.openqa.selenium.remote.RemoteWebDriver.execute(RemoteWebDriver.java:600)
	at org.openqa.selenium.remote.ElementLocation$ElementFinder$2.findElement(ElementLocation.java:173)
	at org.openqa.selenium.remote.ElementLocation.findElement(ElementLocation.java:60)
	at org.openqa.selenium.remote.RemoteWebDriver.findElement(RemoteWebDriver.java:421)
	at org.openqa.selenium.remote.ShadowRoot.findElement(ShadowRoot.java:55)
	at pageObjects.greenLanes.GreenLanesPage.provideDate(GreenLanesPage.java:111)
	at testCases.greenLanes.GreenLanesTest.verifyGreenLaneCreation(GreenLanesTest.java:46)
	at java.base/jdk.internal.reflect.DirectMethodHandleAccessor.invoke(DirectMethodHandleAccessor.java:103)
	at java.base/java.lang.reflect.Method.invoke(Method.java:580)
	at org.testng.internal.invokers.MethodInvocationHelper.invokeMethod(MethodInvocationHelper.java:141)
	at org.testng.internal.invokers.TestInvoker.invokeMethod(TestInvoker.java:686)
	at org.testng.internal.invokers.TestInvoker.invokeTestMethod(TestInvoker.java:230)
	at org.testng.internal.invokers.MethodRunner.runInSequence(MethodRunner.java:63)
	at org.testng.internal.invokers.TestInvoker$MethodInvocationAgent.invoke(TestInvoker.java:992)
	at org.testng.internal.invokers.TestInvoker.invokeTestMethods(TestInvoker.java:203)
	at org.testng.internal.invokers.TestMethodWorker.invokeTestMethods(TestMethodWorker.java:154)
	at org.testng.internal.invokers.TestMethodWorker.run(TestMethodWorker.java:134)
	at java.base/java.util.ArrayList.forEach(ArrayList.java:1597)
	at org.testng.TestRunner.privateRun(TestRunner.java:739)
	at org.testng.TestRunner.run(TestRunner.java:614)
	at org.testng.SuiteRunner.runTest(SuiteRunner.java:421)
	at org.testng.SuiteRunner.runSequentially(SuiteRunner.java:413)
	at org.testng.SuiteRunner.privateRun(SuiteRunner.java:373)
	at org.testng.SuiteRunner.run(SuiteRunner.java:312)
	at org.testng.SuiteRunnerWorker.runSuite(SuiteRunnerWorker.java:52)
	at org.testng.SuiteRunnerWorker.run(SuiteRunnerWorker.java:95)
	at org.testng.TestNG.runSuitesSequentially(TestNG.java:1274)
	at org.testng.TestNG.runSuitesLocally(TestNG.java:1208)
	at org.testng.TestNG.runSuites(TestNG.java:1112)
	at org.testng.TestNG.run(TestNG.java:1079)
	at com.intellij.rt.testng.IDEARemoteTestNG.run(IDEARemoteTestNG.java:65)
	at com.intellij.rt.testng.RemoteTestNGStarter.main(RemoteTestNGStarter.java:109)
2026-05-28 19:57:06.390 [main] INFO  testCases.greenLanes.GreenLanesTest.log - openSidebar - Sidebar is already opend, no need to click on sidebar/logo icon
2026-05-28 19:57:06.390 [main] INFO  testCases.greenLanes.GreenLanesTest.log - prepareNavigation - Opened sidebar
2026-05-28 19:57:22.609 [main] INFO  org.testng.internal.Utils.info - [TestNG] Running:
  C:\Vaibhav\Automation\TDG_HybridFramework\testng-suites\NewTestCasesSuite.xml

2026-05-28 19:57:23.089 [main] INFO  testCases.greenLanes.GreenLanesTest.setup - >>======>>======>> Automation Engineer (SDET)- Vaibhav Chavan <<======<<======<<
2026-05-28 19:57:23.089 [main] INFO  testCases.greenLanes.GreenLanesTest.setup - --test execution started--
2026-05-28 19:57:29.196 [main] INFO  testCases.greenLanes.GreenLanesTest.log - setup - browser opened
2026-05-28 19:57:29.231 [main] INFO  testCases.greenLanes.GreenLanesTest.log - setup - cookies deleted
2026-05-28 19:57:29.300 [main] INFO  testCases.greenLanes.GreenLanesTest.log - setup - browser maximized
2026-05-28 19:57:29.381 [main] INFO  testCases.greenLanes.GreenLanesTest.log - setup - implicit wait applied for 10 seconds
2026-05-28 19:57:34.647 [main] INFO  testCases.greenLanes.GreenLanesTest.log - setup - provided app URL in browser
2026-05-28 19:57:37.360 [main] INFO  testCases.greenLanes.GreenLanesTest.log - setup - provided email
2026-05-28 19:57:37.645 [main] INFO  testCases.greenLanes.GreenLanesTest.log - setup - clicked on log in button
2026-05-28 19:57:40.647 [main] INFO  testCases.greenLanes.GreenLanesTest.log - openSidebar - Clicked on hamburger icon to open the sidebar
2026-05-28 19:57:40.647 [main] INFO  testCases.greenLanes.GreenLanesTest.log - prepareNavigation - Opened sidebar
2026-05-28 19:57:41.176 [main] INFO  testCases.greenLanes.GreenLanesTest.log - verifyGreenLaneCreation - Clicked on Green Lanes menu item
2026-05-28 19:57:41.527 [main] INFO  testCases.greenLanes.GreenLanesTest.log - verifyGreenLaneCreation - Clicked on Create Green Lane button
2026-05-28 19:57:41.607 [main] INFO  testCases.greenLanes.GreenLanesTest.log - verifyGreenLaneCreation - Clicked on Create Green Lane button
2026-05-28 19:57:50.547 [main] INFO  testCases.greenLanes.GreenLanesTest.log - verifyGreenLaneCreation - Provided name for the new green lane
2026-05-28 19:57:54.468 [main] INFO  testCases.greenLanes.GreenLanesTest.log - verifyGreenLaneCreation - Provided name for the new green lane
2026-05-28 19:58:50.434 [main] ERROR testCases.greenLanes.GreenLanesTest.verifyGreenLaneCreation - Test failed due to exception: 
org.openqa.selenium.NoSuchElementException: no such element: Unable to locate element: {"method":"xpath","selector":"(//input[@aria-label='Effective/Expiry date *']/ancestor::motif-tooltip-trigger)[1]"}
  (Session info: chrome=148.0.7778.179)
For documentation on this error, please visit: https://www.selenium.dev/documentation/webdriver/troubleshooting/errors#nosuchelementexception
Build info: version: '4.44.0', revision: 'da2039b'
System info: os.name: 'Windows 11', os.arch: 'amd64', os.version: '10.0', java.version: '22.0.2'
Driver info: org.openqa.selenium.chrome.ChromeDriver
Command: [0af1a836d536088cfb5db1cd63979f5c, findElement {value=(//input[@aria-label='Effective/Expiry date *']/ancestor::motif-tooltip-trigger)[1], using=xpath}]
Capabilities {acceptInsecureCerts: false, browserName: chrome, browserVersion: 148.0.7778.179, chrome: {chromedriverVersion: 148.0.7778.178 (d096af1c9e9..., userDataDir: C:\Users\LZ172CV\AppData\Lo...}, fedcm:accounts: true, goog:chromeOptions: {debuggerAddress: localhost:65010}, goog:processID: 14812, networkConnectionEnabled: false, pageLoadStrategy: normal, platformName: windows, proxy: Proxy(), se:cdp: ws://localhost:65010/devtoo..., se:cdpVersion: 148.0.7778.179, setWindowRect: true, strictFileInteractability: false, timeouts: {implicit: 0, pageLoad: 300000, script: 30000}, unhandledPromptBehavior: dismiss and notify, webauthn:extension:credBlob: true, webauthn:extension:largeBlob: true, webauthn:extension:minPinLength: true, webauthn:extension:prf: true, webauthn:virtualAuthenticators: true}
Session ID: 0af1a836d536088cfb5db1cd63979f5c
	at org.openqa.selenium.remote.ErrorCodec.decode(ErrorCodec.java:169)
	at org.openqa.selenium.remote.codec.w3c.W3CHttpResponseCodec.decode(W3CHttpResponseCodec.java:143)
	at org.openqa.selenium.remote.codec.w3c.W3CHttpResponseCodec.decode(W3CHttpResponseCodec.java:50)
	at org.openqa.selenium.remote.HttpCommandExecutor.execute(HttpCommandExecutor.java:224)
	at org.openqa.selenium.remote.service.DriverCommandExecutor.invokeExecute(DriverCommandExecutor.java:217)
	at org.openqa.selenium.remote.service.DriverCommandExecutor.execute(DriverCommandExecutor.java:175)
	at org.openqa.selenium.remote.RemoteWebDriver.execute(RemoteWebDriver.java:600)
	at org.openqa.selenium.remote.ElementLocation$ElementFinder$2.findElement(ElementLocation.java:173)
	at org.openqa.selenium.remote.ElementLocation.findElement(ElementLocation.java:60)
	at org.openqa.selenium.remote.RemoteWebDriver.findElement(RemoteWebDriver.java:421)
	at org.openqa.selenium.remote.RemoteWebDriver.findElement(RemoteWebDriver.java:415)
	at pageObjects.greenLanes.GreenLanesPage.provideDate(GreenLanesPage.java:108)
	at testCases.greenLanes.GreenLanesTest.verifyGreenLaneCreation(GreenLanesTest.java:46)
	at java.base/jdk.internal.reflect.DirectMethodHandleAccessor.invoke(DirectMethodHandleAccessor.java:103)
	at java.base/java.lang.reflect.Method.invoke(Method.java:580)
	at org.testng.internal.invokers.MethodInvocationHelper.invokeMethod(MethodInvocationHelper.java:141)
	at org.testng.internal.invokers.TestInvoker.invokeMethod(TestInvoker.java:686)
	at org.testng.internal.invokers.TestInvoker.invokeTestMethod(TestInvoker.java:230)
	at org.testng.internal.invokers.MethodRunner.runInSequence(MethodRunner.java:63)
	at org.testng.internal.invokers.TestInvoker$MethodInvocationAgent.invoke(TestInvoker.java:992)
	at org.testng.internal.invokers.TestInvoker.invokeTestMethods(TestInvoker.java:203)
	at org.testng.internal.invokers.TestMethodWorker.invokeTestMethods(TestMethodWorker.java:154)
	at org.testng.internal.invokers.TestMethodWorker.run(TestMethodWorker.java:134)
	at java.base/java.util.ArrayList.forEach(ArrayList.java:1597)
	at org.testng.TestRunner.privateRun(TestRunner.java:739)
	at org.testng.TestRunner.run(TestRunner.java:614)
	at org.testng.SuiteRunner.runTest(SuiteRunner.java:421)
	at org.testng.SuiteRunner.runSequentially(SuiteRunner.java:413)
	at org.testng.SuiteRunner.privateRun(SuiteRunner.java:373)
	at org.testng.SuiteRunner.run(SuiteRunner.java:312)
	at org.testng.SuiteRunnerWorker.runSuite(SuiteRunnerWorker.java:52)
	at org.testng.SuiteRunnerWorker.run(SuiteRunnerWorker.java:95)
	at org.testng.TestNG.runSuitesSequentially(TestNG.java:1274)
	at org.testng.TestNG.runSuitesLocally(TestNG.java:1208)
	at org.testng.TestNG.runSuites(TestNG.java:1112)
	at org.testng.TestNG.run(TestNG.java:1079)
	at com.intellij.rt.testng.IDEARemoteTestNG.run(IDEARemoteTestNG.java:65)
	at com.intellij.rt.testng.RemoteTestNGStarter.main(RemoteTestNGStarter.java:109)
2026-05-28 19:58:50.573 [main] INFO  testCases.greenLanes.GreenLanesTest.log - openSidebar - Sidebar is already opend, no need to click on sidebar/logo icon
2026-05-28 19:58:50.574 [main] INFO  testCases.greenLanes.GreenLanesTest.log - prepareNavigation - Opened sidebar
2026-05-28 19:59:10.178 [main] INFO  org.testng.internal.Utils.info - [TestNG] Running:
  C:\Vaibhav\Automation\TDG_HybridFramework\testng-suites\NewTestCasesSuite.xml

2026-05-28 19:59:10.579 [main] INFO  testCases.greenLanes.GreenLanesTest.setup - >>======>>======>> Automation Engineer (SDET)- Vaibhav Chavan <<======<<======<<
2026-05-28 19:59:10.579 [main] INFO  testCases.greenLanes.GreenLanesTest.setup - --test execution started--
2026-05-28 19:59:15.406 [main] INFO  testCases.greenLanes.GreenLanesTest.log - setup - browser opened
2026-05-28 19:59:15.484 [main] INFO  testCases.greenLanes.GreenLanesTest.log - setup - cookies deleted
2026-05-28 19:59:15.540 [main] INFO  testCases.greenLanes.GreenLanesTest.log - setup - browser maximized
2026-05-28 19:59:15.564 [main] INFO  testCases.greenLanes.GreenLanesTest.log - setup - implicit wait applied for 10 seconds
2026-05-28 19:59:20.815 [main] INFO  testCases.greenLanes.GreenLanesTest.log - setup - provided app URL in browser
2026-05-28 19:59:23.416 [main] INFO  testCases.greenLanes.GreenLanesTest.log - setup - provided email
2026-05-28 19:59:23.947 [main] INFO  testCases.greenLanes.GreenLanesTest.log - setup - clicked on log in button
2026-05-28 19:59:26.669 [main] INFO  testCases.greenLanes.GreenLanesTest.log - openSidebar - Clicked on hamburger icon to open the sidebar
2026-05-28 19:59:26.670 [main] INFO  testCases.greenLanes.GreenLanesTest.log - prepareNavigation - Opened sidebar
2026-05-28 19:59:27.372 [main] INFO  testCases.greenLanes.GreenLanesTest.log - verifyGreenLaneCreation - Clicked on Green Lanes menu item
2026-05-28 19:59:27.899 [main] INFO  testCases.greenLanes.GreenLanesTest.log - verifyGreenLaneCreation - Clicked on Create Green Lane button
2026-05-28 19:59:28.020 [main] INFO  testCases.greenLanes.GreenLanesTest.log - verifyGreenLaneCreation - Clicked on Create Green Lane button
2026-05-28 19:59:38.741 [main] INFO  testCases.greenLanes.GreenLanesTest.log - verifyGreenLaneCreation - Provided name for the new green lane
2026-05-28 19:59:41.182 [main] INFO  testCases.greenLanes.GreenLanesTest.log - verifyGreenLaneCreation - Provided name for the new green lane
2026-05-28 20:02:33.793 [main] ERROR testCases.greenLanes.GreenLanesTest.verifyGreenLaneCreation - Test failed due to exception: 
org.openqa.selenium.NoSuchElementException: no such element: Unable to locate element: {"method":"css selector","selector":"input"}
  (Session info: chrome=148.0.7778.179)
For documentation on this error, please visit: https://www.selenium.dev/documentation/webdriver/troubleshooting/errors#nosuchelementexception
Build info: version: '4.44.0', revision: 'da2039b'
System info: os.name: 'Windows 11', os.arch: 'amd64', os.version: '10.0', java.version: '22.0.2'
Driver info: org.openqa.selenium.chrome.ChromeDriver
Command: [5f5b73fd5473602ac6c8dd16930407dd, findElementFromShadowRoot {shadowId=f.D4EC6E8F601B98A4548EC00D8D9DF848.d.9075908815E9A6E37D5DED0301468CB9.e.466, value=input, using=css selector}]
Capabilities {acceptInsecureCerts: false, browserName: chrome, browserVersion: 148.0.7778.179, chrome: {chromedriverVersion: 148.0.7778.178 (d096af1c9e9..., userDataDir: C:\Users\LZ172CV\AppData\Lo...}, fedcm:accounts: true, goog:chromeOptions: {debuggerAddress: localhost:56199}, goog:processID: 19580, networkConnectionEnabled: false, pageLoadStrategy: normal, platformName: windows, proxy: Proxy(), se:cdp: ws://localhost:56199/devtoo..., se:cdpVersion: 148.0.7778.179, setWindowRect: true, strictFileInteractability: false, timeouts: {implicit: 0, pageLoad: 300000, script: 30000}, unhandledPromptBehavior: dismiss and notify, webauthn:extension:credBlob: true, webauthn:extension:largeBlob: true, webauthn:extension:minPinLength: true, webauthn:extension:prf: true, webauthn:virtualAuthenticators: true}
Session ID: 5f5b73fd5473602ac6c8dd16930407dd
	at org.openqa.selenium.remote.ErrorCodec.decode(ErrorCodec.java:169)
	at org.openqa.selenium.remote.codec.w3c.W3CHttpResponseCodec.decode(W3CHttpResponseCodec.java:143)
	at org.openqa.selenium.remote.codec.w3c.W3CHttpResponseCodec.decode(W3CHttpResponseCodec.java:50)
	at org.openqa.selenium.remote.HttpCommandExecutor.execute(HttpCommandExecutor.java:224)
	at org.openqa.selenium.remote.service.DriverCommandExecutor.invokeExecute(DriverCommandExecutor.java:217)
	at org.openqa.selenium.remote.service.DriverCommandExecutor.execute(DriverCommandExecutor.java:175)
	at org.openqa.selenium.remote.RemoteWebDriver.execute(RemoteWebDriver.java:600)
	at org.openqa.selenium.remote.ElementLocation$ElementFinder$2.findElement(ElementLocation.java:173)
	at org.openqa.selenium.remote.ElementLocation.findElement(ElementLocation.java:60)
	at org.openqa.selenium.remote.RemoteWebDriver.findElement(RemoteWebDriver.java:421)
	at org.openqa.selenium.remote.ShadowRoot.findElement(ShadowRoot.java:55)
	at pageObjects.greenLanes.GreenLanesPage.provideDate(GreenLanesPage.java:113)
	at testCases.greenLanes.GreenLanesTest.verifyGreenLaneCreation(GreenLanesTest.java:46)
	at java.base/jdk.internal.reflect.DirectMethodHandleAccessor.invoke(DirectMethodHandleAccessor.java:103)
	at java.base/java.lang.reflect.Method.invoke(Method.java:580)
	at org.testng.internal.invokers.MethodInvocationHelper.invokeMethod(MethodInvocationHelper.java:141)
	at org.testng.internal.invokers.TestInvoker.invokeMethod(TestInvoker.java:686)
	at org.testng.internal.invokers.TestInvoker.invokeTestMethod(TestInvoker.java:230)
	at org.testng.internal.invokers.MethodRunner.runInSequence(MethodRunner.java:63)
	at org.testng.internal.invokers.TestInvoker$MethodInvocationAgent.invoke(TestInvoker.java:992)
	at org.testng.internal.invokers.TestInvoker.invokeTestMethods(TestInvoker.java:203)
	at org.testng.internal.invokers.TestMethodWorker.invokeTestMethods(TestMethodWorker.java:154)
	at org.testng.internal.invokers.TestMethodWorker.run(TestMethodWorker.java:134)
	at java.base/java.util.ArrayList.forEach(ArrayList.java:1597)
	at org.testng.TestRunner.privateRun(TestRunner.java:739)
	at org.testng.TestRunner.run(TestRunner.java:614)
	at org.testng.SuiteRunner.runTest(SuiteRunner.java:421)
	at org.testng.SuiteRunner.runSequentially(SuiteRunner.java:413)
	at org.testng.SuiteRunner.privateRun(SuiteRunner.java:373)
	at org.testng.SuiteRunner.run(SuiteRunner.java:312)
	at org.testng.SuiteRunnerWorker.runSuite(SuiteRunnerWorker.java:52)
	at org.testng.SuiteRunnerWorker.run(SuiteRunnerWorker.java:95)
	at org.testng.TestNG.runSuitesSequentially(TestNG.java:1274)
	at org.testng.TestNG.runSuitesLocally(TestNG.java:1208)
	at org.testng.TestNG.runSuites(TestNG.java:1112)
	at org.testng.TestNG.run(TestNG.java:1079)
	at com.intellij.rt.testng.IDEARemoteTestNG.run(IDEARemoteTestNG.java:65)
	at com.intellij.rt.testng.RemoteTestNGStarter.main(RemoteTestNGStarter.java:109)
2026-05-28 20:02:33.912 [main] INFO  testCases.greenLanes.GreenLanesTest.log - openSidebar - Sidebar is already opend, no need to click on sidebar/logo icon
2026-05-28 20:02:33.913 [main] INFO  testCases.greenLanes.GreenLanesTest.log - prepareNavigation - Opened sidebar
2026-05-28 20:02:41.569 [main] INFO  org.testng.internal.Utils.info - [TestNG] Running:
  C:\Vaibhav\Automation\TDG_HybridFramework\testng-suites\NewTestCasesSuite.xml

2026-05-28 20:02:42.029 [main] INFO  testCases.greenLanes.GreenLanesTest.setup - >>======>>======>> Automation Engineer (SDET)- Vaibhav Chavan <<======<<======<<
2026-05-28 20:02:42.030 [main] INFO  testCases.greenLanes.GreenLanesTest.setup - --test execution started--
2026-05-28 20:02:47.077 [main] INFO  testCases.greenLanes.GreenLanesTest.log - setup - browser opened
2026-05-28 20:02:47.110 [main] INFO  testCases.greenLanes.GreenLanesTest.log - setup - cookies deleted
2026-05-28 20:02:47.179 [main] INFO  testCases.greenLanes.GreenLanesTest.log - setup - browser maximized
2026-05-28 20:02:47.208 [main] INFO  testCases.greenLanes.GreenLanesTest.log - setup - implicit wait applied for 10 seconds
2026-05-28 20:02:52.584 [main] INFO  testCases.greenLanes.GreenLanesTest.log - setup - provided app URL in browser
2026-05-28 20:02:55.325 [main] INFO  testCases.greenLanes.GreenLanesTest.log - setup - provided email
2026-05-28 20:02:55.555 [main] INFO  testCases.greenLanes.GreenLanesTest.log - setup - clicked on log in button
2026-05-28 20:02:58.489 [main] INFO  testCases.greenLanes.GreenLanesTest.log - openSidebar - Clicked on hamburger icon to open the sidebar
2026-05-28 20:02:58.493 [main] INFO  testCases.greenLanes.GreenLanesTest.log - prepareNavigation - Opened sidebar
2026-05-28 20:02:58.984 [main] INFO  testCases.greenLanes.GreenLanesTest.log - verifyGreenLaneCreation - Clicked on Green Lanes menu item
2026-05-28 20:02:59.389 [main] INFO  testCases.greenLanes.GreenLanesTest.log - verifyGreenLaneCreation - Clicked on Create Green Lane button
2026-05-28 20:02:59.557 [main] INFO  testCases.greenLanes.GreenLanesTest.log - verifyGreenLaneCreation - Clicked on Create Green Lane button
2026-05-28 20:03:29.574 [main] INFO  testCases.greenLanes.GreenLanesTest.log - verifyGreenLaneCreation - Provided name for the new green lane
2026-05-28 20:03:32.009 [main] INFO  testCases.greenLanes.GreenLanesTest.log - verifyGreenLaneCreation - Provided name for the new green lane
2026-05-28 20:06:09.599 [main] INFO  org.testng.internal.Utils.info - [TestNG] Running:
  C:\Vaibhav\Automation\TDG_HybridFramework\testng-suites\NewTestCasesSuite.xml

2026-05-28 20:06:10.047 [main] INFO  testCases.greenLanes.GreenLanesTest.setup - >>======>>======>> Automation Engineer (SDET)- Vaibhav Chavan <<======<<======<<
2026-05-28 20:06:10.048 [main] INFO  testCases.greenLanes.GreenLanesTest.setup - --test execution started--
2026-05-28 20:06:17.042 [main] INFO  testCases.greenLanes.GreenLanesTest.log - setup - browser opened
2026-05-28 20:06:17.123 [main] INFO  testCases.greenLanes.GreenLanesTest.log - setup - cookies deleted
2026-05-28 20:06:17.233 [main] INFO  testCases.greenLanes.GreenLanesTest.log - setup - browser maximized
2026-05-28 20:06:17.242 [main] INFO  testCases.greenLanes.GreenLanesTest.log - setup - implicit wait applied for 10 seconds
2026-05-28 20:06:21.891 [main] INFO  testCases.greenLanes.GreenLanesTest.log - setup - provided app URL in browser
2026-05-28 20:06:24.354 [main] INFO  testCases.greenLanes.GreenLanesTest.log - setup - provided email
2026-05-28 20:06:24.538 [main] INFO  testCases.greenLanes.GreenLanesTest.log - setup - clicked on log in button
2026-05-28 20:06:27.440 [main] INFO  testCases.greenLanes.GreenLanesTest.log - openSidebar - Clicked on hamburger icon to open the sidebar
2026-05-28 20:06:27.441 [main] INFO  testCases.greenLanes.GreenLanesTest.log - prepareNavigation - Opened sidebar
2026-05-28 20:06:28.517 [main] INFO  testCases.greenLanes.GreenLanesTest.log - verifyGreenLaneCreation - Clicked on Green Lanes menu item
2026-05-28 20:06:29.079 [main] INFO  testCases.greenLanes.GreenLanesTest.log - verifyGreenLaneCreation - Clicked on Create Green Lane button
2026-05-28 20:06:29.255 [main] INFO  testCases.greenLanes.GreenLanesTest.log - verifyGreenLaneCreation - Clicked on Create Green Lane button
2026-05-28 20:06:45.432 [main] INFO  testCases.greenLanes.GreenLanesTest.log - verifyGreenLaneCreation - Provided name for the new green lane
2026-05-28 20:06:46.991 [main] INFO  testCases.greenLanes.GreenLanesTest.log - verifyGreenLaneCreation - Provided name for the new green lane
2026-05-28 20:07:46.945 [main] INFO  org.testng.internal.Utils.info - [TestNG] Running:
  C:\Vaibhav\Automation\TDG_HybridFramework\testng-suites\NewTestCasesSuite.xml

2026-05-28 20:07:47.455 [main] INFO  testCases.greenLanes.GreenLanesTest.setup - >>======>>======>> Automation Engineer (SDET)- Vaibhav Chavan <<======<<======<<
2026-05-28 20:07:47.456 [main] INFO  testCases.greenLanes.GreenLanesTest.setup - --test execution started--
2026-05-28 20:07:52.584 [main] INFO  testCases.greenLanes.GreenLanesTest.log - setup - browser opened
2026-05-28 20:07:52.611 [main] INFO  testCases.greenLanes.GreenLanesTest.log - setup - cookies deleted
2026-05-28 20:07:52.663 [main] INFO  testCases.greenLanes.GreenLanesTest.log - setup - browser maximized
2026-05-28 20:07:52.694 [main] INFO  testCases.greenLanes.GreenLanesTest.log - setup - implicit wait applied for 10 seconds
2026-05-28 20:07:57.859 [main] INFO  testCases.greenLanes.GreenLanesTest.log - setup - provided app URL in browser
2026-05-28 20:08:00.406 [main] INFO  testCases.greenLanes.GreenLanesTest.log - setup - provided email
2026-05-28 20:08:00.602 [main] INFO  testCases.greenLanes.GreenLanesTest.log - setup - clicked on log in button
2026-05-28 20:08:03.377 [main] INFO  testCases.greenLanes.GreenLanesTest.log - openSidebar - Clicked on hamburger icon to open the sidebar
2026-05-28 20:08:03.377 [main] INFO  testCases.greenLanes.GreenLanesTest.log - prepareNavigation - Opened sidebar
2026-05-28 20:08:04.371 [main] INFO  testCases.greenLanes.GreenLanesTest.log - verifyGreenLaneCreation - Clicked on Green Lanes menu item
2026-05-28 20:08:04.826 [main] INFO  testCases.greenLanes.GreenLanesTest.log - verifyGreenLaneCreation - Clicked on Create Green Lane button
2026-05-28 20:08:04.970 [main] INFO  testCases.greenLanes.GreenLanesTest.log - verifyGreenLaneCreation - Clicked on Create Green Lane button
2026-05-28 20:08:16.850 [main] INFO  testCases.greenLanes.GreenLanesTest.log - verifyGreenLaneCreation - Provided name for the new green lane
2026-05-28 20:08:18.626 [main] INFO  testCases.greenLanes.GreenLanesTest.log - verifyGreenLaneCreation - Provided name for the new green lane
2026-05-28 20:08:39.480 [main] ERROR testCases.greenLanes.GreenLanesTest.verifyGreenLaneCreation - Test failed due to exception: 
org.openqa.selenium.NoSuchElementException: no such element: Unable to locate element: {"method":"css selector","selector":"input"}
  (Session info: chrome=148.0.7778.179)
For documentation on this error, please visit: https://www.selenium.dev/documentation/webdriver/troubleshooting/errors#nosuchelementexception
Build info: version: '4.44.0', revision: 'da2039b'
System info: os.name: 'Windows 11', os.arch: 'amd64', os.version: '10.0', java.version: '22.0.2'
Driver info: org.openqa.selenium.chrome.ChromeDriver
Command: [5996b9a0bfa2e567175ab12c0dacb40c, findElementFromShadowRoot {value=input, using=css selector, shadowId=f.2B2278A28E9EA308571679DEBEF08A9C.d.6080A117E80F9A5382F16C80A6BCE5CA.e.455}]
Capabilities {acceptInsecureCerts: false, browserName: chrome, browserVersion: 148.0.7778.179, chrome: {chromedriverVersion: 148.0.7778.178 (d096af1c9e9..., userDataDir: C:\Users\LZ172CV\AppData\Lo...}, fedcm:accounts: true, goog:chromeOptions: {debuggerAddress: localhost:62699}, goog:processID: 12916, networkConnectionEnabled: false, pageLoadStrategy: normal, platformName: windows, proxy: Proxy(), se:cdp: ws://localhost:62699/devtoo..., se:cdpVersion: 148.0.7778.179, setWindowRect: true, strictFileInteractability: false, timeouts: {implicit: 0, pageLoad: 300000, script: 30000}, unhandledPromptBehavior: dismiss and notify, webauthn:extension:credBlob: true, webauthn:extension:largeBlob: true, webauthn:extension:minPinLength: true, webauthn:extension:prf: true, webauthn:virtualAuthenticators: true}
Session ID: 5996b9a0bfa2e567175ab12c0dacb40c
	at org.openqa.selenium.remote.ErrorCodec.decode(ErrorCodec.java:169)
	at org.openqa.selenium.remote.codec.w3c.W3CHttpResponseCodec.decode(W3CHttpResponseCodec.java:143)
	at org.openqa.selenium.remote.codec.w3c.W3CHttpResponseCodec.decode(W3CHttpResponseCodec.java:50)
	at org.openqa.selenium.remote.HttpCommandExecutor.execute(HttpCommandExecutor.java:224)
	at org.openqa.selenium.remote.service.DriverCommandExecutor.invokeExecute(DriverCommandExecutor.java:217)
	at org.openqa.selenium.remote.service.DriverCommandExecutor.execute(DriverCommandExecutor.java:175)
	at org.openqa.selenium.remote.RemoteWebDriver.execute(RemoteWebDriver.java:600)
	at org.openqa.selenium.remote.ElementLocation$ElementFinder$2.findElement(ElementLocation.java:173)
	at org.openqa.selenium.remote.ElementLocation.findElement(ElementLocation.java:60)
	at org.openqa.selenium.remote.RemoteWebDriver.findElement(RemoteWebDriver.java:421)
	at org.openqa.selenium.remote.ShadowRoot.findElement(ShadowRoot.java:55)
	at pageObjects.greenLanes.GreenLanesPage.provideDate(GreenLanesPage.java:113)
	at testCases.greenLanes.GreenLanesTest.verifyGreenLaneCreation(GreenLanesTest.java:46)
	at java.base/jdk.internal.reflect.DirectMethodHandleAccessor.invoke(DirectMethodHandleAccessor.java:103)
	at java.base/java.lang.reflect.Method.invoke(Method.java:580)
	at org.testng.internal.invokers.MethodInvocationHelper.invokeMethod(MethodInvocationHelper.java:141)
	at org.testng.internal.invokers.TestInvoker.invokeMethod(TestInvoker.java:686)
	at org.testng.internal.invokers.TestInvoker.invokeTestMethod(TestInvoker.java:230)
	at org.testng.internal.invokers.MethodRunner.runInSequence(MethodRunner.java:63)
	at org.testng.internal.invokers.TestInvoker$MethodInvocationAgent.invoke(TestInvoker.java:992)
	at org.testng.internal.invokers.TestInvoker.invokeTestMethods(TestInvoker.java:203)
	at org.testng.internal.invokers.TestMethodWorker.invokeTestMethods(TestMethodWorker.java:154)
	at org.testng.internal.invokers.TestMethodWorker.run(TestMethodWorker.java:134)
	at java.base/java.util.ArrayList.forEach(ArrayList.java:1597)
	at org.testng.TestRunner.privateRun(TestRunner.java:739)
	at org.testng.TestRunner.run(TestRunner.java:614)
	at org.testng.SuiteRunner.runTest(SuiteRunner.java:421)
	at org.testng.SuiteRunner.runSequentially(SuiteRunner.java:413)
	at org.testng.SuiteRunner.privateRun(SuiteRunner.java:373)
	at org.testng.SuiteRunner.run(SuiteRunner.java:312)
	at org.testng.SuiteRunnerWorker.runSuite(SuiteRunnerWorker.java:52)
	at org.testng.SuiteRunnerWorker.run(SuiteRunnerWorker.java:95)
	at org.testng.TestNG.runSuitesSequentially(TestNG.java:1274)
	at org.testng.TestNG.runSuitesLocally(TestNG.java:1208)
	at org.testng.TestNG.runSuites(TestNG.java:1112)
	at org.testng.TestNG.run(TestNG.java:1079)
	at com.intellij.rt.testng.IDEARemoteTestNG.run(IDEARemoteTestNG.java:65)
	at com.intellij.rt.testng.RemoteTestNGStarter.main(RemoteTestNGStarter.java:109)
2026-05-28 20:08:39.587 [main] INFO  testCases.greenLanes.GreenLanesTest.log - openSidebar - Sidebar is already opend, no need to click on sidebar/logo icon
2026-05-28 20:08:39.588 [main] INFO  testCases.greenLanes.GreenLanesTest.log - prepareNavigation - Opened sidebar
2026-05-28 20:09:08.569 [main] INFO  org.testng.internal.Utils.info - [TestNG] Running:
  C:\Vaibhav\Automation\TDG_HybridFramework\testng-suites\NewTestCasesSuite.xml

2026-05-28 20:09:09.008 [main] INFO  testCases.greenLanes.GreenLanesTest.setup - >>======>>======>> Automation Engineer (SDET)- Vaibhav Chavan <<======<<======<<
2026-05-28 20:09:09.008 [main] INFO  testCases.greenLanes.GreenLanesTest.setup - --test execution started--
2026-05-28 20:09:13.558 [main] INFO  testCases.greenLanes.GreenLanesTest.log - setup - browser opened
2026-05-28 20:09:14.741 [main] INFO  testCases.greenLanes.GreenLanesTest.log - setup - cookies deleted
2026-05-28 20:09:14.814 [main] INFO  testCases.greenLanes.GreenLanesTest.log - setup - browser maximized
2026-05-28 20:09:14.860 [main] INFO  testCases.greenLanes.GreenLanesTest.log - setup - implicit wait applied for 10 seconds
2026-05-28 20:09:19.420 [main] INFO  testCases.greenLanes.GreenLanesTest.log - setup - provided app URL in browser
2026-05-28 20:09:21.949 [main] INFO  testCases.greenLanes.GreenLanesTest.log - setup - provided email
2026-05-28 20:09:22.150 [main] INFO  testCases.greenLanes.GreenLanesTest.log - setup - clicked on log in button
2026-05-28 20:09:24.921 [main] INFO  testCases.greenLanes.GreenLanesTest.log - openSidebar - Clicked on hamburger icon to open the sidebar
2026-05-28 20:09:24.922 [main] INFO  testCases.greenLanes.GreenLanesTest.log - prepareNavigation - Opened sidebar
2026-05-28 20:09:25.807 [main] INFO  testCases.greenLanes.GreenLanesTest.log - verifyGreenLaneCreation - Clicked on Green Lanes menu item
2026-05-28 20:09:26.281 [main] INFO  testCases.greenLanes.GreenLanesTest.log - verifyGreenLaneCreation - Clicked on Create Green Lane button
2026-05-28 20:09:26.414 [main] INFO  testCases.greenLanes.GreenLanesTest.log - verifyGreenLaneCreation - Clicked on Create Green Lane button
2026-05-28 20:09:42.216 [main] INFO  testCases.greenLanes.GreenLanesTest.log - verifyGreenLaneCreation - Provided name for the new green lane
2026-05-28 20:09:43.864 [main] INFO  testCases.greenLanes.GreenLanesTest.log - verifyGreenLaneCreation - Provided name for the new green lane
2026-05-28 20:57:18.664 [main] ERROR testCases.greenLanes.GreenLanesTest.verifyGreenLaneCreation - Test failed due to exception: 
org.openqa.selenium.NoSuchElementException: no such element: Unable to locate element: {"method":"css selector","selector":"input"}
  (Session info: chrome=148.0.7778.179)
For documentation on this error, please visit: https://www.selenium.dev/documentation/webdriver/troubleshooting/errors#nosuchelementexception
Build info: version: '4.44.0', revision: 'da2039b'
System info: os.name: 'Windows 11', os.arch: 'amd64', os.version: '10.0', java.version: '22.0.2'
Driver info: org.openqa.selenium.chrome.ChromeDriver
Command: [55b983ddba1ce78e82ffa3cccc71f54d, findElementFromShadowRoot {value=input, using=css selector, shadowId=f.B3ABCC19728CEF4727D39C9244B1EB73.d.FC63DFF82D90F2F64502911654A59B53.e.470}]
Capabilities {acceptInsecureCerts: false, browserName: chrome, browserVersion: 148.0.7778.179, chrome: {chromedriverVersion: 148.0.7778.178 (d096af1c9e9..., userDataDir: C:\Users\LZ172CV\AppData\Lo...}, fedcm:accounts: true, goog:chromeOptions: {debuggerAddress: localhost:61023}, goog:processID: 23156, networkConnectionEnabled: false, pageLoadStrategy: normal, platformName: windows, proxy: Proxy(), se:cdp: ws://localhost:61023/devtoo..., se:cdpVersion: 148.0.7778.179, setWindowRect: true, strictFileInteractability: false, timeouts: {implicit: 0, pageLoad: 300000, script: 30000}, unhandledPromptBehavior: dismiss and notify, webauthn:extension:credBlob: true, webauthn:extension:largeBlob: true, webauthn:extension:minPinLength: true, webauthn:extension:prf: true, webauthn:virtualAuthenticators: true}
Session ID: 55b983ddba1ce78e82ffa3cccc71f54d
	at org.openqa.selenium.remote.ErrorCodec.decode(ErrorCodec.java:169)
	at org.openqa.selenium.remote.codec.w3c.W3CHttpResponseCodec.decode(W3CHttpResponseCodec.java:143)
	at org.openqa.selenium.remote.codec.w3c.W3CHttpResponseCodec.decode(W3CHttpResponseCodec.java:50)
	at org.openqa.selenium.remote.HttpCommandExecutor.execute(HttpCommandExecutor.java:224)
	at org.openqa.selenium.remote.service.DriverCommandExecutor.invokeExecute(DriverCommandExecutor.java:217)
	at org.openqa.selenium.remote.service.DriverCommandExecutor.execute(DriverCommandExecutor.java:175)
	at org.openqa.selenium.remote.RemoteWebDriver.execute(RemoteWebDriver.java:600)
	at org.openqa.selenium.remote.ElementLocation$ElementFinder$2.findElement(ElementLocation.java:173)
	at org.openqa.selenium.remote.ElementLocation.findElement(ElementLocation.java:60)
	at org.openqa.selenium.remote.RemoteWebDriver.findElement(RemoteWebDriver.java:421)
	at org.openqa.selenium.remote.ShadowRoot.findElement(ShadowRoot.java:55)
	at pageObjects.greenLanes.GreenLanesPage.provideDate(GreenLanesPage.java:113)
	at testCases.greenLanes.GreenLanesTest.verifyGreenLaneCreation(GreenLanesTest.java:46)
	at java.base/jdk.internal.reflect.DirectMethodHandleAccessor.invoke(DirectMethodHandleAccessor.java:103)
	at java.base/java.lang.reflect.Method.invoke(Method.java:580)
	at org.testng.internal.invokers.MethodInvocationHelper.invokeMethod(MethodInvocationHelper.java:141)
	at org.testng.internal.invokers.TestInvoker.invokeMethod(TestInvoker.java:686)
	at org.testng.internal.invokers.TestInvoker.invokeTestMethod(TestInvoker.java:230)
	at org.testng.internal.invokers.MethodRunner.runInSequence(MethodRunner.java:63)
	at org.testng.internal.invokers.TestInvoker$MethodInvocationAgent.invoke(TestInvoker.java:992)
	at org.testng.internal.invokers.TestInvoker.invokeTestMethods(TestInvoker.java:203)
	at org.testng.internal.invokers.TestMethodWorker.invokeTestMethods(TestMethodWorker.java:154)
	at org.testng.internal.invokers.TestMethodWorker.run(TestMethodWorker.java:134)
	at java.base/java.util.ArrayList.forEach(ArrayList.java:1597)
	at org.testng.TestRunner.privateRun(TestRunner.java:739)
	at org.testng.TestRunner.run(TestRunner.java:614)
	at org.testng.SuiteRunner.runTest(SuiteRunner.java:421)
	at org.testng.SuiteRunner.runSequentially(SuiteRunner.java:413)
	at org.testng.SuiteRunner.privateRun(SuiteRunner.java:373)
	at org.testng.SuiteRunner.run(SuiteRunner.java:312)
	at org.testng.SuiteRunnerWorker.runSuite(SuiteRunnerWorker.java:52)
	at org.testng.SuiteRunnerWorker.run(SuiteRunnerWorker.java:95)
	at org.testng.TestNG.runSuitesSequentially(TestNG.java:1274)
	at org.testng.TestNG.runSuitesLocally(TestNG.java:1208)
	at org.testng.TestNG.runSuites(TestNG.java:1112)
	at org.testng.TestNG.run(TestNG.java:1079)
	at com.intellij.rt.testng.IDEARemoteTestNG.run(IDEARemoteTestNG.java:65)
	at com.intellij.rt.testng.RemoteTestNGStarter.main(RemoteTestNGStarter.java:109)
2026-05-28 20:57:44.878 [main] INFO  org.testng.internal.Utils.info - [TestNG] Running:
  C:\Vaibhav\Automation\TDG_HybridFramework\testng-suites\NewTestCasesSuite.xml

2026-05-28 20:57:45.321 [main] INFO  testCases.greenLanes.GreenLanesTest.setup - >>======>>======>> Automation Engineer (SDET)- Vaibhav Chavan <<======<<======<<
2026-05-28 20:57:45.321 [main] INFO  testCases.greenLanes.GreenLanesTest.setup - --test execution started--
2026-05-28 20:57:51.473 [main] INFO  testCases.greenLanes.GreenLanesTest.log - setup - browser opened
2026-05-28 20:57:51.506 [main] INFO  testCases.greenLanes.GreenLanesTest.log - setup - cookies deleted
2026-05-28 20:57:51.555 [main] INFO  testCases.greenLanes.GreenLanesTest.log - setup - browser maximized
2026-05-28 20:57:51.564 [main] INFO  testCases.greenLanes.GreenLanesTest.log - setup - implicit wait applied for 10 seconds
2026-05-28 20:57:53.075 [main] INFO  testCases.greenLanes.GreenLanesTest.log - setup - provided app URL in browser
2026-05-28 20:57:58.978 [main] INFO  testCases.greenLanes.GreenLanesTest.log - setup - provided email
2026-05-28 20:57:59.285 [main] INFO  testCases.greenLanes.GreenLanesTest.log - setup - clicked on log in button
2026-05-28 20:58:02.112 [main] INFO  testCases.greenLanes.GreenLanesTest.log - openSidebar - Clicked on hamburger icon to open the sidebar
2026-05-28 20:58:02.115 [main] INFO  testCases.greenLanes.GreenLanesTest.log - prepareNavigation - Opened sidebar
2026-05-28 20:58:02.756 [main] INFO  testCases.greenLanes.GreenLanesTest.log - verifyGreenLaneCreation - Clicked on Green Lanes menu item
2026-05-28 20:58:03.248 [main] INFO  testCases.greenLanes.GreenLanesTest.log - verifyGreenLaneCreation - Clicked on Create Green Lane button
2026-05-28 20:58:03.668 [main] INFO  testCases.greenLanes.GreenLanesTest.log - verifyGreenLaneCreation - Clicked on Create Green Lane button
2026-05-28 20:58:05.003 [main] ERROR testCases.greenLanes.GreenLanesTest.verifyGreenLaneCreation - Test failed due to exception: 
org.openqa.selenium.ElementClickInterceptedException: element click intercepted: Element <input part="input" class="motif-base-input motif-input-size-ref motif-base-input--error" slot="input" inputmode="text" input-aria-label="Name *" type="text" name="motif-input-1ckrlzz" placeholder="" required="" maxlength="100" id="motif-input-1ckrlzz" tabindex="0" aria-label="Name *" aria-required="true"> is not clickable at point (732, 22). Other element would receive the click: <div _ngcontent-ng-c2227611059="" slot="toast-title">...</div>
  (Session info: chrome=148.0.7778.179)
Build info: version: '4.44.0', revision: 'da2039b'
System info: os.name: 'Windows 11', os.arch: 'amd64', os.version: '10.0', java.version: '22.0.2'
Driver info: org.openqa.selenium.chrome.ChromeDriver
Command: [7a386b5ad48fa3959ebafa71e12e0e9b, clickElement {id=f.664140B48997884E01E477D029E1CF99.d.7E4F04F3D2D90CB051468004CE377C06.e.135}]
Capabilities {acceptInsecureCerts: false, browserName: chrome, browserVersion: 148.0.7778.179, chrome: {chromedriverVersion: 148.0.7778.178 (d096af1c9e9..., userDataDir: C:\Users\LZ172CV\AppData\Lo...}, fedcm:accounts: true, goog:chromeOptions: {debuggerAddress: localhost:55880}, goog:processID: 20864, networkConnectionEnabled: false, pageLoadStrategy: normal, platformName: windows, proxy: Proxy(), se:cdp: ws://localhost:55880/devtoo..., se:cdpVersion: 148.0.7778.179, setWindowRect: true, strictFileInteractability: false, timeouts: {implicit: 0, pageLoad: 300000, script: 30000}, unhandledPromptBehavior: dismiss and notify, webauthn:extension:credBlob: true, webauthn:extension:largeBlob: true, webauthn:extension:minPinLength: true, webauthn:extension:prf: true, webauthn:virtualAuthenticators: true}
Element: [[ChromeDriver: chrome on windows (7a386b5ad48fa3959ebafa71e12e0e9b)] -> css selector: input[aria-label='Name *']]
Session ID: 7a386b5ad48fa3959ebafa71e12e0e9b
	at org.openqa.selenium.remote.ErrorCodec.decode(ErrorCodec.java:169)
	at org.openqa.selenium.remote.codec.w3c.W3CHttpResponseCodec.decode(W3CHttpResponseCodec.java:143)
	at org.openqa.selenium.remote.codec.w3c.W3CHttpResponseCodec.decode(W3CHttpResponseCodec.java:50)
	at org.openqa.selenium.remote.HttpCommandExecutor.execute(HttpCommandExecutor.java:224)
	at org.openqa.selenium.remote.service.DriverCommandExecutor.invokeExecute(DriverCommandExecutor.java:217)
	at org.openqa.selenium.remote.service.DriverCommandExecutor.execute(DriverCommandExecutor.java:175)
	at org.openqa.selenium.remote.RemoteWebDriver.execute(RemoteWebDriver.java:600)
	at org.openqa.selenium.remote.RemoteWebElement.execute(RemoteWebElement.java:225)
	at org.openqa.selenium.remote.RemoteWebElement.click(RemoteWebElement.java:79)
	at pageObjects.greenLanes.GreenLanesPage.provideName(GreenLanesPage.java:88)
	at testCases.greenLanes.GreenLanesTest.verifyGreenLaneCreation(GreenLanesTest.java:36)
	at java.base/jdk.internal.reflect.DirectMethodHandleAccessor.invoke(DirectMethodHandleAccessor.java:103)
	at java.base/java.lang.reflect.Method.invoke(Method.java:580)
	at org.testng.internal.invokers.MethodInvocationHelper.invokeMethod(MethodInvocationHelper.java:141)
	at org.testng.internal.invokers.TestInvoker.invokeMethod(TestInvoker.java:686)
	at org.testng.internal.invokers.TestInvoker.invokeTestMethod(TestInvoker.java:230)
	at org.testng.internal.invokers.MethodRunner.runInSequence(MethodRunner.java:63)
	at org.testng.internal.invokers.TestInvoker$MethodInvocationAgent.invoke(TestInvoker.java:992)
	at org.testng.internal.invokers.TestInvoker.invokeTestMethods(TestInvoker.java:203)
	at org.testng.internal.invokers.TestMethodWorker.invokeTestMethods(TestMethodWorker.java:154)
	at org.testng.internal.invokers.TestMethodWorker.run(TestMethodWorker.java:134)
	at java.base/java.util.ArrayList.forEach(ArrayList.java:1597)
	at org.testng.TestRunner.privateRun(TestRunner.java:739)
	at org.testng.TestRunner.run(TestRunner.java:614)
	at org.testng.SuiteRunner.runTest(SuiteRunner.java:421)
	at org.testng.SuiteRunner.runSequentially(SuiteRunner.java:413)
	at org.testng.SuiteRunner.privateRun(SuiteRunner.java:373)
	at org.testng.SuiteRunner.run(SuiteRunner.java:312)
	at org.testng.SuiteRunnerWorker.runSuite(SuiteRunnerWorker.java:52)
	at org.testng.SuiteRunnerWorker.run(SuiteRunnerWorker.java:95)
	at org.testng.TestNG.runSuitesSequentially(TestNG.java:1274)
	at org.testng.TestNG.runSuitesLocally(TestNG.java:1208)
	at org.testng.TestNG.runSuites(TestNG.java:1112)
	at org.testng.TestNG.run(TestNG.java:1079)
	at com.intellij.rt.testng.IDEARemoteTestNG.run(IDEARemoteTestNG.java:65)
	at com.intellij.rt.testng.RemoteTestNGStarter.main(RemoteTestNGStarter.java:109)
2026-05-28 20:58:05.147 [main] INFO  testCases.greenLanes.GreenLanesTest.log - openSidebar - Sidebar is already opend, no need to click on sidebar/logo icon
2026-05-28 20:58:05.149 [main] INFO  testCases.greenLanes.GreenLanesTest.log - prepareNavigation - Opened sidebar
2026-05-28 20:58:05.477 [main] INFO  testCases.greenLanes.GreenLanesTest.log - verifyGreenLaneCreation - Clicked on Green Lanes menu item
2026-05-28 20:58:05.708 [main] INFO  testCases.greenLanes.GreenLanesTest.log - verifyGreenLaneCreation - Clicked on Create Green Lane button
2026-05-28 20:58:05.854 [main] INFO  testCases.greenLanes.GreenLanesTest.log - verifyGreenLaneCreation - Clicked on Create Green Lane button
2026-05-28 20:58:07.082 [main] ERROR testCases.greenLanes.GreenLanesTest.verifyGreenLaneCreation - Test failed due to exception: 
org.openqa.selenium.ElementClickInterceptedException: element click intercepted: Element <input part="input" class="motif-base-input motif-input-size-ref motif-base-input--error" slot="input" inputmode="text" input-aria-label="Name *" type="text" name="motif-input-1ckrlzz" placeholder="" required="" maxlength="100" id="motif-input-1ckrlzz" tabindex="0" aria-label="Name *" aria-required="true"> is not clickable at point (732, 22). Other element would receive the click: <div _ngcontent-ng-c2227611059="" slot="toast-title">...</div>
  (Session info: chrome=148.0.7778.179)
Build info: version: '4.44.0', revision: 'da2039b'
System info: os.name: 'Windows 11', os.arch: 'amd64', os.version: '10.0', java.version: '22.0.2'
Driver info: org.openqa.selenium.chrome.ChromeDriver
Command: [7a386b5ad48fa3959ebafa71e12e0e9b, clickElement {id=f.664140B48997884E01E477D029E1CF99.d.7E4F04F3D2D90CB051468004CE377C06.e.135}]
Capabilities {acceptInsecureCerts: false, browserName: chrome, browserVersion: 148.0.7778.179, chrome: {chromedriverVersion: 148.0.7778.178 (d096af1c9e9..., userDataDir: C:\Users\LZ172CV\AppData\Lo...}, fedcm:accounts: true, goog:chromeOptions: {debuggerAddress: localhost:55880}, goog:processID: 20864, networkConnectionEnabled: false, pageLoadStrategy: normal, platformName: windows, proxy: Proxy(), se:cdp: ws://localhost:55880/devtoo..., se:cdpVersion: 148.0.7778.179, setWindowRect: true, strictFileInteractability: false, timeouts: {implicit: 0, pageLoad: 300000, script: 30000}, unhandledPromptBehavior: dismiss and notify, webauthn:extension:credBlob: true, webauthn:extension:largeBlob: true, webauthn:extension:minPinLength: true, webauthn:extension:prf: true, webauthn:virtualAuthenticators: true}
Element: [[ChromeDriver: chrome on windows (7a386b5ad48fa3959ebafa71e12e0e9b)] -> css selector: input[aria-label='Name *']]
Session ID: 7a386b5ad48fa3959ebafa71e12e0e9b
	at org.openqa.selenium.remote.ErrorCodec.decode(ErrorCodec.java:169)
	at org.openqa.selenium.remote.codec.w3c.W3CHttpResponseCodec.decode(W3CHttpResponseCodec.java:143)
	at org.openqa.selenium.remote.codec.w3c.W3CHttpResponseCodec.decode(W3CHttpResponseCodec.java:50)
	at org.openqa.selenium.remote.HttpCommandExecutor.execute(HttpCommandExecutor.java:224)
	at org.openqa.selenium.remote.service.DriverCommandExecutor.invokeExecute(DriverCommandExecutor.java:217)
	at org.openqa.selenium.remote.service.DriverCommandExecutor.execute(DriverCommandExecutor.java:175)
	at org.openqa.selenium.remote.RemoteWebDriver.execute(RemoteWebDriver.java:600)
	at org.openqa.selenium.remote.RemoteWebElement.execute(RemoteWebElement.java:225)
	at org.openqa.selenium.remote.RemoteWebElement.click(RemoteWebElement.java:79)
	at pageObjects.greenLanes.GreenLanesPage.provideName(GreenLanesPage.java:88)
	at testCases.greenLanes.GreenLanesTest.verifyGreenLaneCreation(GreenLanesTest.java:36)
	at java.base/jdk.internal.reflect.DirectMethodHandleAccessor.invoke(DirectMethodHandleAccessor.java:103)
	at java.base/java.lang.reflect.Method.invoke(Method.java:580)
	at org.testng.internal.invokers.MethodInvocationHelper.invokeMethod(MethodInvocationHelper.java:141)
	at org.testng.internal.invokers.TestInvoker.invokeMethod(TestInvoker.java:686)
	at org.testng.internal.invokers.TestInvoker.retryFailed(TestInvoker.java:269)
	at org.testng.internal.invokers.MethodRunner.runInSequence(MethodRunner.java:76)
	at org.testng.internal.invokers.TestInvoker$MethodInvocationAgent.invoke(TestInvoker.java:992)
	at org.testng.internal.invokers.TestInvoker.invokeTestMethods(TestInvoker.java:203)
	at org.testng.internal.invokers.TestMethodWorker.invokeTestMethods(TestMethodWorker.java:154)
	at org.testng.internal.invokers.TestMethodWorker.run(TestMethodWorker.java:134)
	at java.base/java.util.ArrayList.forEach(ArrayList.java:1597)
	at org.testng.TestRunner.privateRun(TestRunner.java:739)
	at org.testng.TestRunner.run(TestRunner.java:614)
	at org.testng.SuiteRunner.runTest(SuiteRunner.java:421)
	at org.testng.SuiteRunner.runSequentially(SuiteRunner.java:413)
	at org.testng.SuiteRunner.privateRun(SuiteRunner.java:373)
	at org.testng.SuiteRunner.run(SuiteRunner.java:312)
	at org.testng.SuiteRunnerWorker.runSuite(SuiteRunnerWorker.java:52)
	at org.testng.SuiteRunnerWorker.run(SuiteRunnerWorker.java:95)
	at org.testng.TestNG.runSuitesSequentially(TestNG.java:1274)
	at org.testng.TestNG.runSuitesLocally(TestNG.java:1208)
	at org.testng.TestNG.runSuites(TestNG.java:1112)
	at org.testng.TestNG.run(TestNG.java:1079)
	at com.intellij.rt.testng.IDEARemoteTestNG.run(IDEARemoteTestNG.java:65)
	at com.intellij.rt.testng.RemoteTestNGStarter.main(RemoteTestNGStarter.java:109)
2026-05-28 20:59:27.367 [main] INFO  org.testng.internal.Utils.info - [TestNG] Running:
  C:\Vaibhav\Automation\TDG_HybridFramework\testng-suites\NewTestCasesSuite.xml

2026-05-28 20:59:27.840 [main] INFO  testCases.greenLanes.GreenLanesTest.setup - >>======>>======>> Automation Engineer (SDET)- Vaibhav Chavan <<======<<======<<
2026-05-28 20:59:27.840 [main] INFO  testCases.greenLanes.GreenLanesTest.setup - --test execution started--
2026-05-28 20:59:32.941 [main] INFO  testCases.greenLanes.GreenLanesTest.log - setup - browser opened
2026-05-28 20:59:34.512 [main] INFO  testCases.greenLanes.GreenLanesTest.log - setup - cookies deleted
2026-05-28 20:59:34.650 [main] INFO  testCases.greenLanes.GreenLanesTest.log - setup - browser maximized
2026-05-28 20:59:34.678 [main] INFO  testCases.greenLanes.GreenLanesTest.log - setup - implicit wait applied for 10 seconds
2026-05-28 20:59:38.933 [main] INFO  testCases.greenLanes.GreenLanesTest.log - setup - provided app URL in browser
2026-05-28 20:59:41.808 [main] INFO  testCases.greenLanes.GreenLanesTest.log - setup - provided email
2026-05-28 20:59:42.070 [main] INFO  testCases.greenLanes.GreenLanesTest.log - setup - clicked on log in button
2026-05-28 20:59:44.813 [main] INFO  testCases.greenLanes.GreenLanesTest.log - openSidebar - Clicked on hamburger icon to open the sidebar
2026-05-28 20:59:44.814 [main] INFO  testCases.greenLanes.GreenLanesTest.log - prepareNavigation - Opened sidebar
2026-05-28 20:59:45.244 [main] INFO  testCases.greenLanes.GreenLanesTest.log - verifyGreenLaneCreation - Clicked on Green Lanes menu item
2026-05-28 20:59:48.654 [main] INFO  testCases.greenLanes.GreenLanesTest.log - verifyGreenLaneCreation - Clicked on Create Green Lane button
2026-05-28 20:59:51.947 [main] INFO  testCases.greenLanes.GreenLanesTest.log - verifyGreenLaneCreation - Clicked on Create Green Lane button
2026-05-28 20:59:53.448 [main] ERROR testCases.greenLanes.GreenLanesTest.verifyGreenLaneCreation - Test failed due to exception: 
org.openqa.selenium.ElementClickInterceptedException: element click intercepted: Element <input part="input" class="motif-base-input motif-input-size-ref motif-base-input--error" slot="input" inputmode="text" input-aria-label="Name *" type="text" name="motif-input-1ci8bzz" placeholder="" required="" maxlength="100" id="motif-input-1ci8bzz" tabindex="0" aria-label="Name *" aria-required="true"> is not clickable at point (732, 22). Other element would receive the click: <div _ngcontent-ng-c2227611059="" slot="toast-title">...</div>
  (Session info: chrome=148.0.7778.179)
Build info: version: '4.44.0', revision: 'da2039b'
System info: os.name: 'Windows 11', os.arch: 'amd64', os.version: '10.0', java.version: '22.0.2'
Driver info: org.openqa.selenium.chrome.ChromeDriver
Command: [f835b8d864af4e3a0471848d23800fc9, clickElement {id=f.645D802A253C69F9B4B751407A0512C8.d.1EC00A51DF89C13542F0B05074B7CD03.e.146}]
Capabilities {acceptInsecureCerts: false, browserName: chrome, browserVersion: 148.0.7778.179, chrome: {chromedriverVersion: 148.0.7778.178 (d096af1c9e9..., userDataDir: C:\Users\LZ172CV\AppData\Lo...}, fedcm:accounts: true, goog:chromeOptions: {debuggerAddress: localhost:64050}, goog:processID: 10580, networkConnectionEnabled: false, pageLoadStrategy: normal, platformName: windows, proxy: Proxy(), se:cdp: ws://localhost:64050/devtoo..., se:cdpVersion: 148.0.7778.179, setWindowRect: true, strictFileInteractability: false, timeouts: {implicit: 0, pageLoad: 300000, script: 30000}, unhandledPromptBehavior: dismiss and notify, webauthn:extension:credBlob: true, webauthn:extension:largeBlob: true, webauthn:extension:minPinLength: true, webauthn:extension:prf: true, webauthn:virtualAuthenticators: true}
Element: [[ChromeDriver: chrome on windows (f835b8d864af4e3a0471848d23800fc9)] -> css selector: input[aria-label='Name *']]
Session ID: f835b8d864af4e3a0471848d23800fc9
	at org.openqa.selenium.remote.ErrorCodec.decode(ErrorCodec.java:169)
	at org.openqa.selenium.remote.codec.w3c.W3CHttpResponseCodec.decode(W3CHttpResponseCodec.java:143)
	at org.openqa.selenium.remote.codec.w3c.W3CHttpResponseCodec.decode(W3CHttpResponseCodec.java:50)
	at org.openqa.selenium.remote.HttpCommandExecutor.execute(HttpCommandExecutor.java:224)
	at org.openqa.selenium.remote.service.DriverCommandExecutor.invokeExecute(DriverCommandExecutor.java:217)
	at org.openqa.selenium.remote.service.DriverCommandExecutor.execute(DriverCommandExecutor.java:175)
	at org.openqa.selenium.remote.RemoteWebDriver.execute(RemoteWebDriver.java:600)
	at org.openqa.selenium.remote.RemoteWebElement.execute(RemoteWebElement.java:225)
	at org.openqa.selenium.remote.RemoteWebElement.click(RemoteWebElement.java:79)
	at pageObjects.greenLanes.GreenLanesPage.provideName(GreenLanesPage.java:90)
	at testCases.greenLanes.GreenLanesTest.verifyGreenLaneCreation(GreenLanesTest.java:36)
	at java.base/jdk.internal.reflect.DirectMethodHandleAccessor.invoke(DirectMethodHandleAccessor.java:103)
	at java.base/java.lang.reflect.Method.invoke(Method.java:580)
	at org.testng.internal.invokers.MethodInvocationHelper.invokeMethod(MethodInvocationHelper.java:141)
	at org.testng.internal.invokers.TestInvoker.invokeMethod(TestInvoker.java:686)
	at org.testng.internal.invokers.TestInvoker.invokeTestMethod(TestInvoker.java:230)
	at org.testng.internal.invokers.MethodRunner.runInSequence(MethodRunner.java:63)
	at org.testng.internal.invokers.TestInvoker$MethodInvocationAgent.invoke(TestInvoker.java:992)
	at org.testng.internal.invokers.TestInvoker.invokeTestMethods(TestInvoker.java:203)
	at org.testng.internal.invokers.TestMethodWorker.invokeTestMethods(TestMethodWorker.java:154)
	at org.testng.internal.invokers.TestMethodWorker.run(TestMethodWorker.java:134)
	at java.base/java.util.ArrayList.forEach(ArrayList.java:1597)
	at org.testng.TestRunner.privateRun(TestRunner.java:739)
	at org.testng.TestRunner.run(TestRunner.java:614)
	at org.testng.SuiteRunner.runTest(SuiteRunner.java:421)
	at org.testng.SuiteRunner.runSequentially(SuiteRunner.java:413)
	at org.testng.SuiteRunner.privateRun(SuiteRunner.java:373)
	at org.testng.SuiteRunner.run(SuiteRunner.java:312)
	at org.testng.SuiteRunnerWorker.runSuite(SuiteRunnerWorker.java:52)
	at org.testng.SuiteRunnerWorker.run(SuiteRunnerWorker.java:95)
	at org.testng.TestNG.runSuitesSequentially(TestNG.java:1274)
	at org.testng.TestNG.runSuitesLocally(TestNG.java:1208)
	at org.testng.TestNG.runSuites(TestNG.java:1112)
	at org.testng.TestNG.run(TestNG.java:1079)
	at com.intellij.rt.testng.IDEARemoteTestNG.run(IDEARemoteTestNG.java:65)
	at com.intellij.rt.testng.RemoteTestNGStarter.main(RemoteTestNGStarter.java:109)
2026-05-28 20:59:54.154 [main] INFO  testCases.greenLanes.GreenLanesTest.log - openSidebar - Sidebar is already opend, no need to click on sidebar/logo icon
2026-05-28 20:59:54.156 [main] INFO  testCases.greenLanes.GreenLanesTest.log - prepareNavigation - Opened sidebar
2026-05-28 20:59:54.490 [main] INFO  testCases.greenLanes.GreenLanesTest.log - verifyGreenLaneCreation - Clicked on Green Lanes menu item
2026-05-28 20:59:57.598 [main] INFO  testCases.greenLanes.GreenLanesTest.log - verifyGreenLaneCreation - Clicked on Create Green Lane button
2026-05-28 21:00:00.660 [main] INFO  testCases.greenLanes.GreenLanesTest.log - verifyGreenLaneCreation - Clicked on Create Green Lane button
2026-05-28 21:00:01.754 [main] ERROR testCases.greenLanes.GreenLanesTest.verifyGreenLaneCreation - Test failed due to exception: 
org.openqa.selenium.ElementClickInterceptedException: element click intercepted: Element <input part="input" class="motif-base-input motif-input-size-ref motif-base-input--error" slot="input" inputmode="text" input-aria-label="Name *" type="text" name="motif-input-1ci8bzz" placeholder="" required="" maxlength="100" id="motif-input-1ci8bzz" tabindex="0" aria-label="Name *" aria-required="true"> is not clickable at point (732, 22). Other element would receive the click: <div _ngcontent-ng-c2227611059="" slot="toast-title">...</div>
  (Session info: chrome=148.0.7778.179)
Build info: version: '4.44.0', revision: 'da2039b'
System info: os.name: 'Windows 11', os.arch: 'amd64', os.version: '10.0', java.version: '22.0.2'
Driver info: org.openqa.selenium.chrome.ChromeDriver
Command: [f835b8d864af4e3a0471848d23800fc9, clickElement {id=f.645D802A253C69F9B4B751407A0512C8.d.1EC00A51DF89C13542F0B05074B7CD03.e.146}]
Capabilities {acceptInsecureCerts: false, browserName: chrome, browserVersion: 148.0.7778.179, chrome: {chromedriverVersion: 148.0.7778.178 (d096af1c9e9..., userDataDir: C:\Users\LZ172CV\AppData\Lo...}, fedcm:accounts: true, goog:chromeOptions: {debuggerAddress: localhost:64050}, goog:processID: 10580, networkConnectionEnabled: false, pageLoadStrategy: normal, platformName: windows, proxy: Proxy(), se:cdp: ws://localhost:64050/devtoo..., se:cdpVersion: 148.0.7778.179, setWindowRect: true, strictFileInteractability: false, timeouts: {implicit: 0, pageLoad: 300000, script: 30000}, unhandledPromptBehavior: dismiss and notify, webauthn:extension:credBlob: true, webauthn:extension:largeBlob: true, webauthn:extension:minPinLength: true, webauthn:extension:prf: true, webauthn:virtualAuthenticators: true}
Element: [[ChromeDriver: chrome on windows (f835b8d864af4e3a0471848d23800fc9)] -> css selector: input[aria-label='Name *']]
Session ID: f835b8d864af4e3a0471848d23800fc9
	at org.openqa.selenium.remote.ErrorCodec.decode(ErrorCodec.java:169)
	at org.openqa.selenium.remote.codec.w3c.W3CHttpResponseCodec.decode(W3CHttpResponseCodec.java:143)
	at org.openqa.selenium.remote.codec.w3c.W3CHttpResponseCodec.decode(W3CHttpResponseCodec.java:50)
	at org.openqa.selenium.remote.HttpCommandExecutor.execute(HttpCommandExecutor.java:224)
	at org.openqa.selenium.remote.service.DriverCommandExecutor.invokeExecute(DriverCommandExecutor.java:217)
	at org.openqa.selenium.remote.service.DriverCommandExecutor.execute(DriverCommandExecutor.java:175)
	at org.openqa.selenium.remote.RemoteWebDriver.execute(RemoteWebDriver.java:600)
	at org.openqa.selenium.remote.RemoteWebElement.execute(RemoteWebElement.java:225)
	at org.openqa.selenium.remote.RemoteWebElement.click(RemoteWebElement.java:79)
	at pageObjects.greenLanes.GreenLanesPage.provideName(GreenLanesPage.java:90)
	at testCases.greenLanes.GreenLanesTest.verifyGreenLaneCreation(GreenLanesTest.java:36)
	at java.base/jdk.internal.reflect.DirectMethodHandleAccessor.invoke(DirectMethodHandleAccessor.java:103)
	at java.base/java.lang.reflect.Method.invoke(Method.java:580)
	at org.testng.internal.invokers.MethodInvocationHelper.invokeMethod(MethodInvocationHelper.java:141)
	at org.testng.internal.invokers.TestInvoker.invokeMethod(TestInvoker.java:686)
	at org.testng.internal.invokers.TestInvoker.retryFailed(TestInvoker.java:269)
	at org.testng.internal.invokers.MethodRunner.runInSequence(MethodRunner.java:76)
	at org.testng.internal.invokers.TestInvoker$MethodInvocationAgent.invoke(TestInvoker.java:992)
	at org.testng.internal.invokers.TestInvoker.invokeTestMethods(TestInvoker.java:203)
	at org.testng.internal.invokers.TestMethodWorker.invokeTestMethods(TestMethodWorker.java:154)
	at org.testng.internal.invokers.TestMethodWorker.run(TestMethodWorker.java:134)
	at java.base/java.util.ArrayList.forEach(ArrayList.java:1597)
	at org.testng.TestRunner.privateRun(TestRunner.java:739)
	at org.testng.TestRunner.run(TestRunner.java:614)
	at org.testng.SuiteRunner.runTest(SuiteRunner.java:421)
	at org.testng.SuiteRunner.runSequentially(SuiteRunner.java:413)
	at org.testng.SuiteRunner.privateRun(SuiteRunner.java:373)
	at org.testng.SuiteRunner.run(SuiteRunner.java:312)
	at org.testng.SuiteRunnerWorker.runSuite(SuiteRunnerWorker.java:52)
	at org.testng.SuiteRunnerWorker.run(SuiteRunnerWorker.java:95)
	at org.testng.TestNG.runSuitesSequentially(TestNG.java:1274)
	at org.testng.TestNG.runSuitesLocally(TestNG.java:1208)
	at org.testng.TestNG.runSuites(TestNG.java:1112)
	at org.testng.TestNG.run(TestNG.java:1079)
	at com.intellij.rt.testng.IDEARemoteTestNG.run(IDEARemoteTestNG.java:65)
	at com.intellij.rt.testng.RemoteTestNGStarter.main(RemoteTestNGStarter.java:109)
2026-05-28 21:01:25.742 [main] INFO  org.testng.internal.Utils.info - [TestNG] Running:
  C:\Vaibhav\Automation\TDG_HybridFramework\testng-suites\NewTestCasesSuite.xml

2026-05-28 21:01:26.177 [main] INFO  testCases.greenLanes.GreenLanesTest.setup - >>======>>======>> Automation Engineer (SDET)- Vaibhav Chavan <<======<<======<<
2026-05-28 21:01:26.177 [main] INFO  testCases.greenLanes.GreenLanesTest.setup - --test execution started--
2026-05-28 21:01:31.419 [main] INFO  testCases.greenLanes.GreenLanesTest.log - setup - browser opened
2026-05-28 21:01:31.465 [main] INFO  testCases.greenLanes.GreenLanesTest.log - setup - cookies deleted
2026-05-28 21:01:31.622 [main] INFO  testCases.greenLanes.GreenLanesTest.log - setup - browser maximized
2026-05-28 21:01:31.681 [main] INFO  testCases.greenLanes.GreenLanesTest.log - setup - implicit wait applied for 10 seconds
2026-05-28 21:01:33.122 [main] INFO  testCases.greenLanes.GreenLanesTest.log - setup - provided app URL in browser
2026-05-28 21:01:38.872 [main] INFO  testCases.greenLanes.GreenLanesTest.log - setup - provided email
2026-05-28 21:01:39.155 [main] INFO  testCases.greenLanes.GreenLanesTest.log - setup - clicked on log in button
2026-05-28 21:01:41.905 [main] INFO  testCases.greenLanes.GreenLanesTest.log - openSidebar - Clicked on hamburger icon to open the sidebar
2026-05-28 21:01:41.905 [main] INFO  testCases.greenLanes.GreenLanesTest.log - prepareNavigation - Opened sidebar
2026-05-28 21:01:57.665 [main] INFO  testCases.greenLanes.GreenLanesTest.log - verifyGreenLaneCreation - Clicked on Green Lanes menu item
2026-05-28 21:02:07.307 [main] INFO  testCases.greenLanes.GreenLanesTest.log - verifyGreenLaneCreation - Clicked on Create Green Lane button
2026-05-28 21:03:20.698 [main] INFO  testCases.greenLanes.GreenLanesTest.log - verifyGreenLaneCreation - Clicked on Create Green Lane button
2026-05-28 21:03:32.038 [main] INFO  org.testng.internal.Utils.info - [TestNG] Running:
  C:\Vaibhav\Automation\TDG_HybridFramework\testng-suites\NewTestCasesSuite.xml

2026-05-28 21:03:32.689 [main] INFO  testCases.greenLanes.GreenLanesTest.setup - >>======>>======>> Automation Engineer (SDET)- Vaibhav Chavan <<======<<======<<
2026-05-28 21:03:32.689 [main] INFO  testCases.greenLanes.GreenLanesTest.setup - --test execution started--
2026-05-28 21:03:37.476 [main] INFO  testCases.greenLanes.GreenLanesTest.log - setup - browser opened
2026-05-28 21:03:37.961 [main] INFO  testCases.greenLanes.GreenLanesTest.log - setup - cookies deleted
2026-05-28 21:03:38.064 [main] INFO  testCases.greenLanes.GreenLanesTest.log - setup - browser maximized
2026-05-28 21:03:38.088 [main] INFO  testCases.greenLanes.GreenLanesTest.log - setup - implicit wait applied for 10 seconds
2026-05-28 21:03:43.262 [main] INFO  testCases.greenLanes.GreenLanesTest.log - setup - provided app URL in browser
2026-05-28 21:03:45.700 [main] INFO  testCases.greenLanes.GreenLanesTest.log - setup - provided email
2026-05-28 21:03:45.911 [main] INFO  testCases.greenLanes.GreenLanesTest.log - setup - clicked on log in button
2026-05-28 21:03:48.783 [main] INFO  testCases.greenLanes.GreenLanesTest.log - openSidebar - Clicked on hamburger icon to open the sidebar
2026-05-28 21:03:48.784 [main] INFO  testCases.greenLanes.GreenLanesTest.log - prepareNavigation - Opened sidebar
2026-05-28 21:04:13.045 [main] INFO  testCases.greenLanes.GreenLanesTest.log - verifyGreenLaneCreation - Clicked on Green Lanes menu item
2026-05-28 21:04:13.433 [main] INFO  testCases.greenLanes.GreenLanesTest.log - verifyGreenLaneCreation - Clicked on Create Green Lane button
2026-05-28 21:04:13.707 [main] INFO  testCases.greenLanes.GreenLanesTest.log - verifyGreenLaneCreation - Provided name for the new green lane
2026-05-28 21:04:14.142 [main] INFO  testCases.greenLanes.GreenLanesTest.log - verifyGreenLaneCreation - Provided name for the new green lane
2026-05-28 21:13:09.448 [main] INFO  org.testng.internal.Utils.info - [TestNG] Running:
  C:\Vaibhav\Automation\TDG_HybridFramework\testng-suites\NewTestCasesSuite.xml

2026-05-28 21:13:09.953 [main] INFO  testCases.greenLanes.GreenLanesTest.setup - >>======>>======>> Automation Engineer (SDET)- Vaibhav Chavan <<======<<======<<
2026-05-28 21:13:09.953 [main] INFO  testCases.greenLanes.GreenLanesTest.setup - --test execution started--
2026-05-28 21:13:15.161 [main] INFO  testCases.greenLanes.GreenLanesTest.log - setup - browser opened
2026-05-28 21:13:15.311 [main] INFO  testCases.greenLanes.GreenLanesTest.log - setup - cookies deleted
2026-05-28 21:13:15.468 [main] INFO  testCases.greenLanes.GreenLanesTest.log - setup - browser maximized
2026-05-28 21:13:15.487 [main] INFO  testCases.greenLanes.GreenLanesTest.log - setup - implicit wait applied for 10 seconds
2026-05-28 21:13:16.979 [main] INFO  testCases.greenLanes.GreenLanesTest.log - setup - provided app URL in browser
2026-05-28 21:13:22.869 [main] INFO  testCases.greenLanes.GreenLanesTest.log - setup - provided email
2026-05-28 21:13:23.133 [main] INFO  testCases.greenLanes.GreenLanesTest.log - setup - clicked on log in button
2026-05-28 21:13:26.004 [main] INFO  testCases.greenLanes.GreenLanesTest.log - openSidebar - Clicked on hamburger icon to open the sidebar
2026-05-28 21:13:26.005 [main] INFO  testCases.greenLanes.GreenLanesTest.log - prepareNavigation - Opened sidebar
2026-05-28 21:13:26.740 [main] INFO  testCases.greenLanes.GreenLanesTest.log - verifyGreenLaneCreation - Clicked on Green Lanes menu item
2026-05-28 21:13:27.327 [main] INFO  testCases.greenLanes.GreenLanesTest.log - verifyGreenLaneCreation - Clicked on Create Green Lane button
2026-05-28 21:13:28.172 [main] INFO  testCases.greenLanes.GreenLanesTest.log - verifyGreenLaneCreation - Provided name for the new green lane
2026-05-28 21:13:28.582 [main] INFO  testCases.greenLanes.GreenLanesTest.log - verifyGreenLaneCreation - Provided name for the new green lane
2026-05-31 03:58:06.008 [main] INFO  org.testng.internal.Utils.info - [TestNG] Running:
  D:\1. Projects\_Testing\AutomationTesting\CompanyProjects\Infosys\TDG_HybridFramework\testng-suites\NewTestCasesSuite.xml

2026-05-31 03:58:07.102 [main] INFO  testCases.greenLanes.GreenLanesTest.setup - >>======>>======>> Automation Engineer (SDET)- Vaibhav Chavan <<======<<======<<
2026-05-31 03:58:07.105 [main] INFO  testCases.greenLanes.GreenLanesTest.setup - --test execution started--
2026-05-31 03:58:18.195 [main] INFO  testCases.greenLanes.GreenLanesTest.log - setup - browser opened
2026-05-31 03:58:18.239 [main] INFO  testCases.greenLanes.GreenLanesTest.log - setup - cookies deleted
2026-05-31 03:58:18.377 [main] INFO  testCases.greenLanes.GreenLanesTest.log - setup - browser maximized
2026-05-31 03:58:18.397 [main] INFO  testCases.greenLanes.GreenLanesTest.log - setup - implicit wait applied for 10 seconds
2026-05-31 03:58:26.118 [main] INFO  testCases.greenLanes.GreenLanesTest.log - setup - provided app URL in browser
2026-05-31 03:58:28.816 [main] INFO  testCases.greenLanes.GreenLanesTest.log - setup - provided email
2026-05-31 03:58:29.166 [main] INFO  testCases.greenLanes.GreenLanesTest.log - setup - clicked on log in button
2026-05-31 03:58:42.739 [main] INFO  testCases.greenLanes.GreenLanesTest.log - openSidebar - Sidebar is already opend, no need to click on sidebar/logo icon
2026-05-31 03:58:46.337 [main] INFO  testCases.greenLanes.GreenLanesTest.log - prepareNavigation - Opened sidebar
2026-05-31 03:58:58.796 [main] INFO  testCases.greenLanes.GreenLanesTest.log - verifyGreenLaneCreation - Clicked on Green Lanes menu item
2026-05-31 03:59:00.434 [main] INFO  testCases.greenLanes.GreenLanesTest.log - verifyGreenLaneCreation - Clicked on Create Green Lane button
2026-05-31 03:59:01.334 [main] INFO  testCases.greenLanes.GreenLanesTest.log - verifyGreenLaneCreation - Provided name for the new green lane
2026-05-31 03:59:02.151 [main] INFO  testCases.greenLanes.GreenLanesTest.log - verifyGreenLaneCreation - Provided name for the new green lane
2026-05-31 04:00:13.231 [main] INFO  org.testng.internal.Utils.info - [TestNG] Running:
  D:\1. Projects\_Testing\AutomationTesting\CompanyProjects\Infosys\TDG_HybridFramework\testng-suites\NewTestCasesSuite.xml

2026-05-31 04:00:13.811 [main] INFO  testCases.greenLanes.GreenLanesTest.setup - >>======>>======>> Automation Engineer (SDET)- Vaibhav Chavan <<======<<======<<
2026-05-31 04:00:13.811 [main] INFO  testCases.greenLanes.GreenLanesTest.setup - --test execution started--
2026-05-31 04:00:16.962 [main] INFO  testCases.greenLanes.GreenLanesTest.log - setup - browser opened
2026-05-31 04:00:16.990 [main] INFO  testCases.greenLanes.GreenLanesTest.log - setup - cookies deleted
2026-05-31 04:00:17.049 [main] INFO  testCases.greenLanes.GreenLanesTest.log - setup - browser maximized
2026-05-31 04:00:17.062 [main] INFO  testCases.greenLanes.GreenLanesTest.log - setup - implicit wait applied for 10 seconds
2026-05-31 04:00:17.933 [main] INFO  testCases.greenLanes.GreenLanesTest.log - setup - provided app URL in browser
2026-05-31 04:00:25.244 [main] INFO  testCases.greenLanes.GreenLanesTest.log - setup - provided email
2026-05-31 04:00:25.426 [main] INFO  testCases.greenLanes.GreenLanesTest.log - setup - clicked on log in button
2026-05-31 04:00:28.502 [main] INFO  testCases.greenLanes.GreenLanesTest.log - openSidebar - Clicked on hamburger icon to open the sidebar
2026-05-31 04:00:28.502 [main] INFO  testCases.greenLanes.GreenLanesTest.log - prepareNavigation - Opened sidebar
2026-05-31 04:00:38.630 [main] ERROR testCases.greenLanes.GreenLanesTest.verifyGreenLaneCreation - Test failed due to exception: 
org.openqa.selenium.NoSuchElementException: no such element: Unable to locate element: {"method":"css selector","selector":"motif-panel-menu-item[label='Green Lanes']"}
  (Session info: chrome=149.0.7827.22)
For documentation on this error, please visit: https://www.selenium.dev/documentation/webdriver/troubleshooting/errors#nosuchelementexception
Build info: version: '4.44.0', revision: 'da2039b'
System info: os.name: 'Windows 11', os.arch: 'amd64', os.version: '10.0', java.version: '22'
Driver info: org.openqa.selenium.chrome.ChromeDriver
Command: [b0ec208d1a0c8d939add2abf8af9ac70, findElement {value=motif-panel-menu-item[label='Green Lanes'], using=css selector}]
Capabilities {acceptInsecureCerts: false, browserName: chrome, browserVersion: 149.0.7827.22, chrome: {chromedriverVersion: 149.0.7827.54 (42ce21f112d0..., userDataDir: C:\Users\Vaibhav\AppData\Lo...}, fedcm:accounts: true, goog:chromeOptions: {debuggerAddress: localhost:50137}, goog:processID: 7108, networkConnectionEnabled: false, pageLoadStrategy: normal, platformName: windows, proxy: Proxy(), se:cdp: ws://localhost:50137/devtoo..., se:cdpVersion: 149.0.7827.22, setWindowRect: true, strictFileInteractability: false, timeouts: {implicit: 0, pageLoad: 300000, script: 30000}, unhandledPromptBehavior: dismiss and notify, webauthn:extension:credBlob: true, webauthn:extension:largeBlob: true, webauthn:extension:minPinLength: true, webauthn:extension:prf: true, webauthn:virtualAuthenticators: true}
Session ID: b0ec208d1a0c8d939add2abf8af9ac70
	at org.openqa.selenium.remote.ErrorCodec.decode(ErrorCodec.java:169)
	at org.openqa.selenium.remote.codec.w3c.W3CHttpResponseCodec.decode(W3CHttpResponseCodec.java:143)
	at org.openqa.selenium.remote.codec.w3c.W3CHttpResponseCodec.decode(W3CHttpResponseCodec.java:50)
	at org.openqa.selenium.remote.HttpCommandExecutor.execute(HttpCommandExecutor.java:224)
	at org.openqa.selenium.remote.service.DriverCommandExecutor.invokeExecute(DriverCommandExecutor.java:217)
	at org.openqa.selenium.remote.service.DriverCommandExecutor.execute(DriverCommandExecutor.java:175)
	at org.openqa.selenium.remote.RemoteWebDriver.execute(RemoteWebDriver.java:600)
	at org.openqa.selenium.remote.ElementLocation$ElementFinder$2.findElement(ElementLocation.java:173)
	at org.openqa.selenium.remote.ElementLocation.findElement(ElementLocation.java:60)
	at org.openqa.selenium.remote.RemoteWebDriver.findElement(RemoteWebDriver.java:421)
	at org.openqa.selenium.remote.RemoteWebDriver.findElement(RemoteWebDriver.java:415)
	at utilities.ShadowDomUtils.getShadowRoot(ShadowDomUtils.java:20)
	at utilities.ShadowDomUtils.clickShadowElement(ShadowDomUtils.java:27)
	at pageObjects.greenLanes.GreenLanesPage.clickGreenLanes(GreenLanesPage.java:27)
	at testCases.greenLanes.GreenLanesTest.verifyGreenLaneCreation(GreenLanesTest.java:21)
	at java.base/jdk.internal.reflect.DirectMethodHandleAccessor.invoke(DirectMethodHandleAccessor.java:103)
	at java.base/java.lang.reflect.Method.invoke(Method.java:580)
	at org.testng.internal.invokers.MethodInvocationHelper.invokeMethod(MethodInvocationHelper.java:141)
	at org.testng.internal.invokers.TestInvoker.invokeMethod(TestInvoker.java:686)
	at org.testng.internal.invokers.TestInvoker.invokeTestMethod(TestInvoker.java:230)
	at org.testng.internal.invokers.MethodRunner.runInSequence(MethodRunner.java:63)
	at org.testng.internal.invokers.TestInvoker$MethodInvocationAgent.invoke(TestInvoker.java:992)
	at org.testng.internal.invokers.TestInvoker.invokeTestMethods(TestInvoker.java:203)
	at org.testng.internal.invokers.TestMethodWorker.invokeTestMethods(TestMethodWorker.java:154)
	at org.testng.internal.invokers.TestMethodWorker.run(TestMethodWorker.java:134)
	at java.base/java.util.ArrayList.forEach(ArrayList.java:1597)
	at org.testng.TestRunner.privateRun(TestRunner.java:739)
	at org.testng.TestRunner.run(TestRunner.java:614)
	at org.testng.SuiteRunner.runTest(SuiteRunner.java:421)
	at org.testng.SuiteRunner.runSequentially(SuiteRunner.java:413)
	at org.testng.SuiteRunner.privateRun(SuiteRunner.java:373)
	at org.testng.SuiteRunner.run(SuiteRunner.java:312)
	at org.testng.SuiteRunnerWorker.runSuite(SuiteRunnerWorker.java:52)
	at org.testng.SuiteRunnerWorker.run(SuiteRunnerWorker.java:95)
	at org.testng.TestNG.runSuitesSequentially(TestNG.java:1274)
	at org.testng.TestNG.runSuitesLocally(TestNG.java:1208)
	at org.testng.TestNG.runSuites(TestNG.java:1112)
	at org.testng.TestNG.run(TestNG.java:1079)
	at com.intellij.rt.testng.IDEARemoteTestNG.run(IDEARemoteTestNG.java:65)
	at com.intellij.rt.testng.RemoteTestNGStarter.main(RemoteTestNGStarter.java:105)
2026-05-31 04:01:08.072 [main] INFO  org.testng.internal.Utils.info - [TestNG] Running:
  D:\1. Projects\_Testing\AutomationTesting\CompanyProjects\Infosys\TDG_HybridFramework\testng-suites\NewTestCasesSuite.xml

2026-05-31 04:01:08.588 [main] INFO  testCases.greenLanes.GreenLanesTest.setup - >>======>>======>> Automation Engineer (SDET)- Vaibhav Chavan <<======<<======<<
2026-05-31 04:01:08.594 [main] INFO  testCases.greenLanes.GreenLanesTest.setup - --test execution started--
2026-05-31 04:01:11.397 [main] INFO  testCases.greenLanes.GreenLanesTest.log - setup - browser opened
2026-05-31 04:01:11.431 [main] INFO  testCases.greenLanes.GreenLanesTest.log - setup - cookies deleted
2026-05-31 04:01:11.486 [main] INFO  testCases.greenLanes.GreenLanesTest.log - setup - browser maximized
2026-05-31 04:01:11.496 [main] INFO  testCases.greenLanes.GreenLanesTest.log - setup - implicit wait applied for 10 seconds
2026-05-31 04:01:18.118 [main] INFO  testCases.greenLanes.GreenLanesTest.log - setup - provided app URL in browser
2026-05-31 04:01:20.667 [main] INFO  testCases.greenLanes.GreenLanesTest.log - setup - provided email
2026-05-31 04:01:20.848 [main] INFO  testCases.greenLanes.GreenLanesTest.log - setup - clicked on log in button
2026-05-31 04:01:23.912 [main] INFO  testCases.greenLanes.GreenLanesTest.log - openSidebar - Clicked on hamburger icon to open the sidebar
2026-05-31 04:01:23.913 [main] INFO  testCases.greenLanes.GreenLanesTest.log - prepareNavigation - Opened sidebar
2026-05-31 04:01:31.343 [main] INFO  testCases.greenLanes.GreenLanesTest.log - verifyGreenLaneCreation - Clicked on Green Lanes menu item
2026-05-31 04:01:31.855 [main] INFO  testCases.greenLanes.GreenLanesTest.log - verifyGreenLaneCreation - Clicked on Create Green Lane button
2026-05-31 04:01:32.350 [main] INFO  testCases.greenLanes.GreenLanesTest.log - verifyGreenLaneCreation - Provided name for the new green lane
2026-05-31 04:01:32.726 [main] INFO  testCases.greenLanes.GreenLanesTest.log - verifyGreenLaneCreation - Provided name for the new green lane
2026-05-31 04:04:38.301 [main] INFO  testCases.greenLanes.GreenLanesTest.log - verifyGreenLaneCreation - Provided date for the new green lane
2026-05-31 04:04:51.133 [main] INFO  org.testng.internal.Utils.info - [TestNG] Running:
  D:\1. Projects\_Testing\AutomationTesting\CompanyProjects\Infosys\TDG_HybridFramework\testng-suites\NewTestCasesSuite.xml

2026-05-31 04:04:51.554 [main] INFO  testCases.greenLanes.GreenLanesTest.setup - >>======>>======>> Automation Engineer (SDET)- Vaibhav Chavan <<======<<======<<
2026-05-31 04:04:51.557 [main] INFO  testCases.greenLanes.GreenLanesTest.setup - --test execution started--
2026-05-31 04:04:54.688 [main] INFO  testCases.greenLanes.GreenLanesTest.log - setup - browser opened
2026-05-31 04:04:54.723 [main] INFO  testCases.greenLanes.GreenLanesTest.log - setup - cookies deleted
2026-05-31 04:04:54.769 [main] INFO  testCases.greenLanes.GreenLanesTest.log - setup - browser maximized
2026-05-31 04:04:54.792 [main] INFO  testCases.greenLanes.GreenLanesTest.log - setup - implicit wait applied for 10 seconds
2026-05-31 04:05:00.716 [main] INFO  testCases.greenLanes.GreenLanesTest.log - setup - provided app URL in browser
2026-05-31 04:05:03.284 [main] INFO  testCases.greenLanes.GreenLanesTest.log - setup - provided email
2026-05-31 04:05:03.543 [main] INFO  testCases.greenLanes.GreenLanesTest.log - setup - clicked on log in button
2026-05-31 04:05:06.516 [main] INFO  testCases.greenLanes.GreenLanesTest.log - openSidebar - Clicked on hamburger icon to open the sidebar
2026-05-31 04:05:06.518 [main] INFO  testCases.greenLanes.GreenLanesTest.log - prepareNavigation - Opened sidebar
2026-05-31 04:05:08.682 [main] INFO  testCases.greenLanes.GreenLanesTest.log - verifyGreenLaneCreation - Clicked on Green Lanes menu item
2026-05-31 04:05:09.428 [main] INFO  testCases.greenLanes.GreenLanesTest.log - verifyGreenLaneCreation - Clicked on Create Green Lane button
2026-05-31 04:05:10.319 [main] INFO  testCases.greenLanes.GreenLanesTest.log - verifyGreenLaneCreation - Provided name for the new green lane
2026-05-31 04:05:10.810 [main] INFO  testCases.greenLanes.GreenLanesTest.log - verifyGreenLaneCreation - Provided name for the new green lane
2026-05-31 13:15:38.554 [main] INFO  org.testng.internal.Utils.info - [TestNG] Running:
  D:\1. Projects\_Testing\AutomationTesting\CompanyProjects\Infosys\TDG_HybridFramework\testng-suites\NewTestCasesSuite.xml

2026-05-31 13:15:39.515 [main] INFO  testCases.greenLanes.GreenLanesTest.setup - >>======>>======>> Automation Engineer (SDET)- Vaibhav Chavan <<======<<======<<
2026-05-31 13:15:39.516 [main] INFO  testCases.greenLanes.GreenLanesTest.setup - --test execution started--
2026-05-31 13:15:45.110 [main] INFO  testCases.greenLanes.GreenLanesTest.log - setup - browser opened
2026-05-31 13:15:45.140 [main] INFO  testCases.greenLanes.GreenLanesTest.log - setup - cookies deleted
2026-05-31 13:15:45.182 [main] INFO  testCases.greenLanes.GreenLanesTest.log - setup - browser maximized
2026-05-31 13:15:45.208 [main] INFO  testCases.greenLanes.GreenLanesTest.log - setup - implicit wait applied for 10 seconds
2026-05-31 13:15:49.611 [main] INFO  testCases.greenLanes.GreenLanesTest.log - setup - provided app URL in browser
2026-05-31 13:15:52.449 [main] INFO  testCases.greenLanes.GreenLanesTest.log - setup - provided email
2026-05-31 13:15:52.941 [main] INFO  testCases.greenLanes.GreenLanesTest.log - setup - clicked on log in button
2026-05-31 13:15:54.266 [main] INFO  testCases.greenLanes.GreenLanesTest.log - openSidebar - Sidebar is already opend, no need to click on sidebar/logo icon
2026-05-31 13:15:54.269 [main] INFO  testCases.greenLanes.GreenLanesTest.log - prepareNavigation - Opened sidebar
2026-05-31 13:16:17.042 [main] INFO  testCases.greenLanes.GreenLanesTest.log - verifyGreenLaneCreation - Clicked on Green Lanes menu item
2026-05-31 13:16:51.882 [main] INFO  org.testng.internal.Utils.info - [TestNG] Running:
  D:\1. Projects\_Testing\AutomationTesting\CompanyProjects\Infosys\TDG_HybridFramework\testng-suites\NewTestCasesSuite.xml

2026-05-31 13:16:52.516 [main] INFO  testCases.greenLanes.GreenLanesTest.setup - >>======>>======>> Automation Engineer (SDET)- Vaibhav Chavan <<======<<======<<
2026-05-31 13:16:52.517 [main] INFO  testCases.greenLanes.GreenLanesTest.setup - --test execution started--
2026-05-31 13:16:55.664 [main] INFO  testCases.greenLanes.GreenLanesTest.log - setup - browser opened
2026-05-31 13:16:55.801 [main] INFO  testCases.greenLanes.GreenLanesTest.log - setup - cookies deleted
2026-05-31 13:16:55.873 [main] INFO  testCases.greenLanes.GreenLanesTest.log - setup - browser maximized
2026-05-31 13:16:55.891 [main] INFO  testCases.greenLanes.GreenLanesTest.log - setup - implicit wait applied for 10 seconds
2026-05-31 13:17:04.263 [main] INFO  testCases.greenLanes.GreenLanesTest.log - setup - provided app URL in browser
2026-05-31 13:17:06.751 [main] INFO  testCases.greenLanes.GreenLanesTest.log - setup - provided email
2026-05-31 13:17:06.918 [main] INFO  testCases.greenLanes.GreenLanesTest.log - setup - clicked on log in button
2026-05-31 13:17:09.836 [main] INFO  testCases.greenLanes.GreenLanesTest.log - openSidebar - Clicked on hamburger icon to open the sidebar
2026-05-31 13:17:09.837 [main] INFO  testCases.greenLanes.GreenLanesTest.log - prepareNavigation - Opened sidebar
2026-05-31 13:17:19.967 [main] ERROR testCases.greenLanes.GreenLanesTest.verifyGreenLaneCreation - Test failed due to exception: 
org.openqa.selenium.NoSuchElementException: no such element: Unable to locate element: {"method":"css selector","selector":"motif-panel-menu-item[label='Green Lanes']"}
  (Session info: chrome=149.0.7827.54)
For documentation on this error, please visit: https://www.selenium.dev/documentation/webdriver/troubleshooting/errors#nosuchelementexception
Build info: version: '4.44.0', revision: 'da2039b'
System info: os.name: 'Windows 11', os.arch: 'amd64', os.version: '10.0', java.version: '22'
Driver info: org.openqa.selenium.chrome.ChromeDriver
Command: [5b51ebe1f33ad6bd2428d8cd69555c55, findElement {value=motif-panel-menu-item[label='Green Lanes'], using=css selector}]
Capabilities {acceptInsecureCerts: false, browserName: chrome, browserVersion: 149.0.7827.54, chrome: {chromedriverVersion: 149.0.7827.54 (42ce21f112d0..., userDataDir: C:\Users\Vaibhav\AppData\Lo...}, fedcm:accounts: true, goog:chromeOptions: {debuggerAddress: localhost:59318}, goog:processID: 31452, networkConnectionEnabled: false, pageLoadStrategy: normal, platformName: windows, proxy: Proxy(), se:cdp: ws://localhost:59318/devtoo..., se:cdpVersion: 149.0.7827.54, setWindowRect: true, strictFileInteractability: false, timeouts: {implicit: 0, pageLoad: 300000, script: 30000}, unhandledPromptBehavior: dismiss and notify, webauthn:extension:credBlob: true, webauthn:extension:largeBlob: true, webauthn:extension:minPinLength: true, webauthn:extension:prf: true, webauthn:virtualAuthenticators: true}
Session ID: 5b51ebe1f33ad6bd2428d8cd69555c55
	at org.openqa.selenium.remote.ErrorCodec.decode(ErrorCodec.java:169)
	at org.openqa.selenium.remote.codec.w3c.W3CHttpResponseCodec.decode(W3CHttpResponseCodec.java:143)
	at org.openqa.selenium.remote.codec.w3c.W3CHttpResponseCodec.decode(W3CHttpResponseCodec.java:50)
	at org.openqa.selenium.remote.HttpCommandExecutor.execute(HttpCommandExecutor.java:224)
	at org.openqa.selenium.remote.service.DriverCommandExecutor.invokeExecute(DriverCommandExecutor.java:217)
	at org.openqa.selenium.remote.service.DriverCommandExecutor.execute(DriverCommandExecutor.java:175)
	at org.openqa.selenium.remote.RemoteWebDriver.execute(RemoteWebDriver.java:600)
	at org.openqa.selenium.remote.ElementLocation$ElementFinder$2.findElement(ElementLocation.java:173)
	at org.openqa.selenium.remote.ElementLocation.findElement(ElementLocation.java:60)
	at org.openqa.selenium.remote.RemoteWebDriver.findElement(RemoteWebDriver.java:421)
	at org.openqa.selenium.remote.RemoteWebDriver.findElement(RemoteWebDriver.java:415)
	at utilities.ShadowDomUtils.getShadowRoot(ShadowDomUtils.java:20)
	at utilities.ShadowDomUtils.clickShadowElement(ShadowDomUtils.java:27)
	at pageObjects.greenLanes.GreenLanesPage.clickGreenLanes(GreenLanesPage.java:27)
	at testCases.greenLanes.GreenLanesTest.verifyGreenLaneCreation(GreenLanesTest.java:21)
	at java.base/jdk.internal.reflect.DirectMethodHandleAccessor.invoke(DirectMethodHandleAccessor.java:103)
	at java.base/java.lang.reflect.Method.invoke(Method.java:580)
	at org.testng.internal.invokers.MethodInvocationHelper.invokeMethod(MethodInvocationHelper.java:141)
	at org.testng.internal.invokers.TestInvoker.invokeMethod(TestInvoker.java:686)
	at org.testng.internal.invokers.TestInvoker.invokeTestMethod(TestInvoker.java:230)
	at org.testng.internal.invokers.MethodRunner.runInSequence(MethodRunner.java:63)
	at org.testng.internal.invokers.TestInvoker$MethodInvocationAgent.invoke(TestInvoker.java:992)
	at org.testng.internal.invokers.TestInvoker.invokeTestMethods(TestInvoker.java:203)
	at org.testng.internal.invokers.TestMethodWorker.invokeTestMethods(TestMethodWorker.java:154)
	at org.testng.internal.invokers.TestMethodWorker.run(TestMethodWorker.java:134)
	at java.base/java.util.ArrayList.forEach(ArrayList.java:1597)
	at org.testng.TestRunner.privateRun(TestRunner.java:739)
	at org.testng.TestRunner.run(TestRunner.java:614)
	at org.testng.SuiteRunner.runTest(SuiteRunner.java:421)
	at org.testng.SuiteRunner.runSequentially(SuiteRunner.java:413)
	at org.testng.SuiteRunner.privateRun(SuiteRunner.java:373)
	at org.testng.SuiteRunner.run(SuiteRunner.java:312)
	at org.testng.SuiteRunnerWorker.runSuite(SuiteRunnerWorker.java:52)
	at org.testng.SuiteRunnerWorker.run(SuiteRunnerWorker.java:95)
	at org.testng.TestNG.runSuitesSequentially(TestNG.java:1274)
	at org.testng.TestNG.runSuitesLocally(TestNG.java:1208)
	at org.testng.TestNG.runSuites(TestNG.java:1112)
	at org.testng.TestNG.run(TestNG.java:1079)
	at com.intellij.rt.testng.IDEARemoteTestNG.run(IDEARemoteTestNG.java:65)
	at com.intellij.rt.testng.RemoteTestNGStarter.main(RemoteTestNGStarter.java:105)
2026-05-31 13:17:40.117 [main] ERROR testCases.greenLanes.GreenLanesTest.verifyGreenLaneCreation - Test failed due to exception: 
org.openqa.selenium.NoSuchElementException: no such element: Unable to locate element: {"method":"css selector","selector":"motif-panel-menu-item[label='Green Lanes']"}
  (Session info: chrome=149.0.7827.54)
For documentation on this error, please visit: https://www.selenium.dev/documentation/webdriver/troubleshooting/errors#nosuchelementexception
Build info: version: '4.44.0', revision: 'da2039b'
System info: os.name: 'Windows 11', os.arch: 'amd64', os.version: '10.0', java.version: '22'
Driver info: org.openqa.selenium.chrome.ChromeDriver
Command: [5b51ebe1f33ad6bd2428d8cd69555c55, findElement {value=motif-panel-menu-item[label='Green Lanes'], using=css selector}]
Capabilities {acceptInsecureCerts: false, browserName: chrome, browserVersion: 149.0.7827.54, chrome: {chromedriverVersion: 149.0.7827.54 (42ce21f112d0..., userDataDir: C:\Users\Vaibhav\AppData\Lo...}, fedcm:accounts: true, goog:chromeOptions: {debuggerAddress: localhost:59318}, goog:processID: 31452, networkConnectionEnabled: false, pageLoadStrategy: normal, platformName: windows, proxy: Proxy(), se:cdp: ws://localhost:59318/devtoo..., se:cdpVersion: 149.0.7827.54, setWindowRect: true, strictFileInteractability: false, timeouts: {implicit: 0, pageLoad: 300000, script: 30000}, unhandledPromptBehavior: dismiss and notify, webauthn:extension:credBlob: true, webauthn:extension:largeBlob: true, webauthn:extension:minPinLength: true, webauthn:extension:prf: true, webauthn:virtualAuthenticators: true}
Session ID: 5b51ebe1f33ad6bd2428d8cd69555c55
	at org.openqa.selenium.remote.ErrorCodec.decode(ErrorCodec.java:169)
	at org.openqa.selenium.remote.codec.w3c.W3CHttpResponseCodec.decode(W3CHttpResponseCodec.java:143)
	at org.openqa.selenium.remote.codec.w3c.W3CHttpResponseCodec.decode(W3CHttpResponseCodec.java:50)
	at org.openqa.selenium.remote.HttpCommandExecutor.execute(HttpCommandExecutor.java:224)
	at org.openqa.selenium.remote.service.DriverCommandExecutor.invokeExecute(DriverCommandExecutor.java:217)
	at org.openqa.selenium.remote.service.DriverCommandExecutor.execute(DriverCommandExecutor.java:175)
	at org.openqa.selenium.remote.RemoteWebDriver.execute(RemoteWebDriver.java:600)
	at org.openqa.selenium.remote.ElementLocation$ElementFinder$2.findElement(ElementLocation.java:173)
	at org.openqa.selenium.remote.ElementLocation.findElement(ElementLocation.java:60)
	at org.openqa.selenium.remote.RemoteWebDriver.findElement(RemoteWebDriver.java:421)
	at org.openqa.selenium.remote.RemoteWebDriver.findElement(RemoteWebDriver.java:415)
	at utilities.ShadowDomUtils.getShadowRoot(ShadowDomUtils.java:20)
	at utilities.ShadowDomUtils.clickShadowElement(ShadowDomUtils.java:27)
	at pageObjects.greenLanes.GreenLanesPage.clickGreenLanes(GreenLanesPage.java:27)
	at testCases.greenLanes.GreenLanesTest.verifyGreenLaneCreation(GreenLanesTest.java:21)
	at java.base/jdk.internal.reflect.DirectMethodHandleAccessor.invoke(DirectMethodHandleAccessor.java:103)
	at java.base/java.lang.reflect.Method.invoke(Method.java:580)
	at org.testng.internal.invokers.MethodInvocationHelper.invokeMethod(MethodInvocationHelper.java:141)
	at org.testng.internal.invokers.TestInvoker.invokeMethod(TestInvoker.java:686)
	at org.testng.internal.invokers.TestInvoker.retryFailed(TestInvoker.java:269)
	at org.testng.internal.invokers.MethodRunner.runInSequence(MethodRunner.java:76)
	at org.testng.internal.invokers.TestInvoker$MethodInvocationAgent.invoke(TestInvoker.java:992)
	at org.testng.internal.invokers.TestInvoker.invokeTestMethods(TestInvoker.java:203)
	at org.testng.internal.invokers.TestMethodWorker.invokeTestMethods(TestMethodWorker.java:154)
	at org.testng.internal.invokers.TestMethodWorker.run(TestMethodWorker.java:134)
	at java.base/java.util.ArrayList.forEach(ArrayList.java:1597)
	at org.testng.TestRunner.privateRun(TestRunner.java:739)
	at org.testng.TestRunner.run(TestRunner.java:614)
	at org.testng.SuiteRunner.runTest(SuiteRunner.java:421)
	at org.testng.SuiteRunner.runSequentially(SuiteRunner.java:413)
	at org.testng.SuiteRunner.privateRun(SuiteRunner.java:373)
	at org.testng.SuiteRunner.run(SuiteRunner.java:312)
	at org.testng.SuiteRunnerWorker.runSuite(SuiteRunnerWorker.java:52)
	at org.testng.SuiteRunnerWorker.run(SuiteRunnerWorker.java:95)
	at org.testng.TestNG.runSuitesSequentially(TestNG.java:1274)
	at org.testng.TestNG.runSuitesLocally(TestNG.java:1208)
	at org.testng.TestNG.runSuites(TestNG.java:1112)
	at org.testng.TestNG.run(TestNG.java:1079)
	at com.intellij.rt.testng.IDEARemoteTestNG.run(IDEARemoteTestNG.java:65)
	at com.intellij.rt.testng.RemoteTestNGStarter.main(RemoteTestNGStarter.java:105)
2026-05-31 13:19:27.349 [main] INFO  org.testng.internal.Utils.info - [TestNG] Running:
  D:\1. Projects\_Testing\AutomationTesting\CompanyProjects\Infosys\TDG_HybridFramework\testng-suites\NewTestCasesSuite.xml

2026-05-31 13:19:27.904 [main] INFO  testCases.greenLanes.GreenLanesTest.setup - >>======>>======>> Automation Engineer (SDET)- Vaibhav Chavan <<======<<======<<
2026-05-31 13:19:27.904 [main] INFO  testCases.greenLanes.GreenLanesTest.setup - --test execution started--
2026-05-31 13:19:30.395 [main] INFO  testCases.greenLanes.GreenLanesTest.log - setup - browser opened
2026-05-31 13:19:30.424 [main] INFO  testCases.greenLanes.GreenLanesTest.log - setup - cookies deleted
2026-05-31 13:19:30.472 [main] INFO  testCases.greenLanes.GreenLanesTest.log - setup - browser maximized
2026-05-31 13:19:30.481 [main] INFO  testCases.greenLanes.GreenLanesTest.log - setup - implicit wait applied for 10 seconds
2026-05-31 13:19:34.180 [main] INFO  testCases.greenLanes.GreenLanesTest.log - setup - provided app URL in browser
2026-05-31 13:19:36.674 [main] INFO  testCases.greenLanes.GreenLanesTest.log - setup - provided email
2026-05-31 13:19:36.875 [main] INFO  testCases.greenLanes.GreenLanesTest.log - setup - clicked on log in button
2026-05-31 13:19:39.739 [main] INFO  testCases.greenLanes.GreenLanesTest.log - openSidebar - Clicked on hamburger icon to open the sidebar
2026-05-31 13:19:59.873 [main] INFO  testCases.greenLanes.GreenLanesTest.log - prepareNavigation - Opened sidebar
2026-05-31 13:20:14.816 [main] INFO  org.testng.internal.Utils.info - [TestNG] Running:
  D:\1. Projects\_Testing\AutomationTesting\CompanyProjects\Infosys\TDG_HybridFramework\testng-suites\NewTestCasesSuite.xml

2026-05-31 13:20:15.393 [main] INFO  testCases.greenLanes.GreenLanesTest.setup - >>======>>======>> Automation Engineer (SDET)- Vaibhav Chavan <<======<<======<<
2026-05-31 13:20:15.394 [main] INFO  testCases.greenLanes.GreenLanesTest.setup - --test execution started--
2026-05-31 13:20:17.857 [main] INFO  testCases.greenLanes.GreenLanesTest.log - setup - browser opened
2026-05-31 13:20:17.876 [main] INFO  testCases.greenLanes.GreenLanesTest.log - setup - cookies deleted
2026-05-31 13:20:17.912 [main] INFO  testCases.greenLanes.GreenLanesTest.log - setup - browser maximized
2026-05-31 13:20:17.920 [main] INFO  testCases.greenLanes.GreenLanesTest.log - setup - implicit wait applied for 10 seconds
2026-05-31 13:20:18.727 [main] INFO  testCases.greenLanes.GreenLanesTest.log - setup - provided app URL in browser
2026-05-31 13:20:27.517 [main] INFO  testCases.greenLanes.GreenLanesTest.log - setup - provided email
2026-05-31 13:20:27.703 [main] INFO  testCases.greenLanes.GreenLanesTest.log - setup - clicked on log in button
2026-05-31 13:21:32.019 [main] INFO  testCases.greenLanes.GreenLanesTest.log - openSidebar - Clicked on hamburger icon to open the sidebar
2026-05-31 13:21:32.032 [main] INFO  testCases.greenLanes.GreenLanesTest.log - prepareNavigation - Opened sidebar
2026-05-31 13:21:41.549 [main] INFO  org.testng.internal.Utils.info - [TestNG] Running:
  D:\1. Projects\_Testing\AutomationTesting\CompanyProjects\Infosys\TDG_HybridFramework\testng-suites\NewTestCasesSuite.xml

2026-05-31 13:21:42.036 [main] INFO  testCases.greenLanes.GreenLanesTest.setup - >>======>>======>> Automation Engineer (SDET)- Vaibhav Chavan <<======<<======<<
2026-05-31 13:21:42.036 [main] INFO  testCases.greenLanes.GreenLanesTest.setup - --test execution started--
2026-05-31 13:21:44.527 [main] INFO  testCases.greenLanes.GreenLanesTest.log - setup - browser opened
2026-05-31 13:21:44.556 [main] INFO  testCases.greenLanes.GreenLanesTest.log - setup - cookies deleted
2026-05-31 13:21:44.649 [main] INFO  testCases.greenLanes.GreenLanesTest.log - setup - browser maximized
2026-05-31 13:21:44.658 [main] INFO  testCases.greenLanes.GreenLanesTest.log - setup - implicit wait applied for 10 seconds
2026-05-31 13:21:53.553 [main] INFO  testCases.greenLanes.GreenLanesTest.log - setup - provided app URL in browser
2026-05-31 13:21:56.097 [main] INFO  testCases.greenLanes.GreenLanesTest.log - setup - provided email
2026-05-31 13:21:56.291 [main] INFO  testCases.greenLanes.GreenLanesTest.log - setup - clicked on log in button
2026-05-31 13:22:46.068 [main] INFO  testCases.greenLanes.GreenLanesTest.log - openSidebar - Sidebar is already opend, no need to click on sidebar/logo icon
2026-05-31 13:23:42.399 [main] INFO  testCases.greenLanes.GreenLanesTest.log - prepareNavigation - Opened sidebar
2026-05-31 13:24:10.589 [main] INFO  testCases.greenLanes.GreenLanesTest.log - verifyGreenLaneCreation - Clicked on Green Lanes menu item
2026-05-31 13:24:23.361 [main] INFO  org.testng.internal.Utils.info - [TestNG] Running:
  D:\1. Projects\_Testing\AutomationTesting\CompanyProjects\Infosys\TDG_HybridFramework\testng-suites\NewTestCasesSuite.xml

2026-05-31 13:24:23.852 [main] INFO  testCases.greenLanes.GreenLanesTest.setup - >>======>>======>> Automation Engineer (SDET)- Vaibhav Chavan <<======<<======<<
2026-05-31 13:24:23.853 [main] INFO  testCases.greenLanes.GreenLanesTest.setup - --test execution started--
2026-05-31 13:24:26.308 [main] INFO  testCases.greenLanes.GreenLanesTest.log - setup - browser opened
2026-05-31 13:24:26.333 [main] INFO  testCases.greenLanes.GreenLanesTest.log - setup - cookies deleted
2026-05-31 13:24:26.393 [main] INFO  testCases.greenLanes.GreenLanesTest.log - setup - browser maximized
2026-05-31 13:24:26.407 [main] INFO  testCases.greenLanes.GreenLanesTest.log - setup - implicit wait applied for 10 seconds
2026-05-31 13:24:32.902 [main] INFO  testCases.greenLanes.GreenLanesTest.log - setup - provided app URL in browser
2026-05-31 13:24:35.371 [main] INFO  testCases.greenLanes.GreenLanesTest.log - setup - provided email
2026-05-31 13:24:35.554 [main] INFO  testCases.greenLanes.GreenLanesTest.log - setup - clicked on log in button
2026-05-31 13:25:18.895 [main] INFO  testCases.greenLanes.GreenLanesTest.log - openSidebar - Sidebar is already opend, no need to click on sidebar/logo icon
2026-05-31 13:25:30.963 [main] INFO  org.testng.internal.Utils.info - [TestNG] Running:
  D:\1. Projects\_Testing\AutomationTesting\CompanyProjects\Infosys\TDG_HybridFramework\testng-suites\NewTestCasesSuite.xml

2026-05-31 13:25:31.424 [main] INFO  testCases.greenLanes.GreenLanesTest.setup - >>======>>======>> Automation Engineer (SDET)- Vaibhav Chavan <<======<<======<<
2026-05-31 13:25:31.425 [main] INFO  testCases.greenLanes.GreenLanesTest.setup - --test execution started--
2026-05-31 13:25:33.197 [main] INFO  testCases.greenLanes.GreenLanesTest.log - setup - browser opened
2026-05-31 13:25:33.233 [main] INFO  testCases.greenLanes.GreenLanesTest.log - setup - cookies deleted
2026-05-31 13:25:33.288 [main] INFO  testCases.greenLanes.GreenLanesTest.log - setup - browser maximized
2026-05-31 13:25:33.296 [main] INFO  testCases.greenLanes.GreenLanesTest.log - setup - implicit wait applied for 10 seconds
2026-05-31 13:25:37.976 [main] INFO  testCases.greenLanes.GreenLanesTest.log - setup - provided app URL in browser
2026-05-31 13:25:40.504 [main] INFO  testCases.greenLanes.GreenLanesTest.log - setup - provided email
2026-05-31 13:25:40.643 [main] INFO  testCases.greenLanes.GreenLanesTest.log - setup - clicked on log in button
2026-05-31 13:25:43.478 [main] INFO  testCases.greenLanes.GreenLanesTest.log - openSidebar - Clicked on hamburger icon to open the sidebar
2026-05-31 13:25:53.566 [main] ERROR testCases.greenLanes.GreenLanesTest.verifyGreenLaneCreation - Test failed due to exception: 
org.openqa.selenium.NoSuchElementException: no such element: Unable to locate element: {"method":"css selector","selector":"motif-panel-menu-item[label='Green Lanes']"}
  (Session info: chrome=149.0.7827.54)
For documentation on this error, please visit: https://www.selenium.dev/documentation/webdriver/troubleshooting/errors#nosuchelementexception
Build info: version: '4.44.0', revision: 'da2039b'
System info: os.name: 'Windows 11', os.arch: 'amd64', os.version: '10.0', java.version: '22'
Driver info: org.openqa.selenium.chrome.ChromeDriver
Command: [696f552654b3190829bf78c40e68a191, findElement {value=motif-panel-menu-item[label='Green Lanes'], using=css selector}]
Capabilities {acceptInsecureCerts: false, browserName: chrome, browserVersion: 149.0.7827.54, chrome: {chromedriverVersion: 149.0.7827.54 (42ce21f112d0..., userDataDir: C:\Users\Vaibhav\AppData\Lo...}, fedcm:accounts: true, goog:chromeOptions: {debuggerAddress: localhost:58352}, goog:processID: 24840, networkConnectionEnabled: false, pageLoadStrategy: normal, platformName: windows, proxy: Proxy(), se:cdp: ws://localhost:58352/devtoo..., se:cdpVersion: 149.0.7827.54, setWindowRect: true, strictFileInteractability: false, timeouts: {implicit: 0, pageLoad: 300000, script: 30000}, unhandledPromptBehavior: dismiss and notify, webauthn:extension:credBlob: true, webauthn:extension:largeBlob: true, webauthn:extension:minPinLength: true, webauthn:extension:prf: true, webauthn:virtualAuthenticators: true}
Session ID: 696f552654b3190829bf78c40e68a191
	at org.openqa.selenium.remote.ErrorCodec.decode(ErrorCodec.java:169)
	at org.openqa.selenium.remote.codec.w3c.W3CHttpResponseCodec.decode(W3CHttpResponseCodec.java:143)
	at org.openqa.selenium.remote.codec.w3c.W3CHttpResponseCodec.decode(W3CHttpResponseCodec.java:50)
	at org.openqa.selenium.remote.HttpCommandExecutor.execute(HttpCommandExecutor.java:224)
	at org.openqa.selenium.remote.service.DriverCommandExecutor.invokeExecute(DriverCommandExecutor.java:217)
	at org.openqa.selenium.remote.service.DriverCommandExecutor.execute(DriverCommandExecutor.java:175)
	at org.openqa.selenium.remote.RemoteWebDriver.execute(RemoteWebDriver.java:600)
	at org.openqa.selenium.remote.ElementLocation$ElementFinder$2.findElement(ElementLocation.java:173)
	at org.openqa.selenium.remote.ElementLocation.findElement(ElementLocation.java:60)
	at org.openqa.selenium.remote.RemoteWebDriver.findElement(RemoteWebDriver.java:421)
	at org.openqa.selenium.remote.RemoteWebDriver.findElement(RemoteWebDriver.java:415)
	at utilities.ShadowDomUtils.getShadowRoot(ShadowDomUtils.java:20)
	at utilities.ShadowDomUtils.clickShadowElement(ShadowDomUtils.java:27)
	at pageObjects.greenLanes.GreenLanesPage.clickGreenLanes(GreenLanesPage.java:27)
	at testCases.greenLanes.GreenLanesTest.verifyGreenLaneCreation(GreenLanesTest.java:21)
	at java.base/jdk.internal.reflect.DirectMethodHandleAccessor.invoke(DirectMethodHandleAccessor.java:103)
	at java.base/java.lang.reflect.Method.invoke(Method.java:580)
	at org.testng.internal.invokers.MethodInvocationHelper.invokeMethod(MethodInvocationHelper.java:141)
	at org.testng.internal.invokers.TestInvoker.invokeMethod(TestInvoker.java:686)
	at org.testng.internal.invokers.TestInvoker.invokeTestMethod(TestInvoker.java:230)
	at org.testng.internal.invokers.MethodRunner.runInSequence(MethodRunner.java:63)
	at org.testng.internal.invokers.TestInvoker$MethodInvocationAgent.invoke(TestInvoker.java:992)
	at org.testng.internal.invokers.TestInvoker.invokeTestMethods(TestInvoker.java:203)
	at org.testng.internal.invokers.TestMethodWorker.invokeTestMethods(TestMethodWorker.java:154)
	at org.testng.internal.invokers.TestMethodWorker.run(TestMethodWorker.java:134)
	at java.base/java.util.ArrayList.forEach(ArrayList.java:1597)
	at org.testng.TestRunner.privateRun(TestRunner.java:739)
	at org.testng.TestRunner.run(TestRunner.java:614)
	at org.testng.SuiteRunner.runTest(SuiteRunner.java:421)
	at org.testng.SuiteRunner.runSequentially(SuiteRunner.java:413)
	at org.testng.SuiteRunner.privateRun(SuiteRunner.java:373)
	at org.testng.SuiteRunner.run(SuiteRunner.java:312)
	at org.testng.SuiteRunnerWorker.runSuite(SuiteRunnerWorker.java:52)
	at org.testng.SuiteRunnerWorker.run(SuiteRunnerWorker.java:95)
	at org.testng.TestNG.runSuitesSequentially(TestNG.java:1274)
	at org.testng.TestNG.runSuitesLocally(TestNG.java:1208)
	at org.testng.TestNG.runSuites(TestNG.java:1112)
	at org.testng.TestNG.run(TestNG.java:1079)
	at com.intellij.rt.testng.IDEARemoteTestNG.run(IDEARemoteTestNG.java:65)
	at com.intellij.rt.testng.RemoteTestNGStarter.main(RemoteTestNGStarter.java:105)
2026-05-31 13:26:13.711 [main] ERROR testCases.greenLanes.GreenLanesTest.verifyGreenLaneCreation - Test failed due to exception: 
org.openqa.selenium.NoSuchElementException: no such element: Unable to locate element: {"method":"css selector","selector":"motif-panel-menu-item[label='Green Lanes']"}
  (Session info: chrome=149.0.7827.54)
For documentation on this error, please visit: https://www.selenium.dev/documentation/webdriver/troubleshooting/errors#nosuchelementexception
Build info: version: '4.44.0', revision: 'da2039b'
System info: os.name: 'Windows 11', os.arch: 'amd64', os.version: '10.0', java.version: '22'
Driver info: org.openqa.selenium.chrome.ChromeDriver
Command: [696f552654b3190829bf78c40e68a191, findElement {value=motif-panel-menu-item[label='Green Lanes'], using=css selector}]
Capabilities {acceptInsecureCerts: false, browserName: chrome, browserVersion: 149.0.7827.54, chrome: {chromedriverVersion: 149.0.7827.54 (42ce21f112d0..., userDataDir: C:\Users\Vaibhav\AppData\Lo...}, fedcm:accounts: true, goog:chromeOptions: {debuggerAddress: localhost:58352}, goog:processID: 24840, networkConnectionEnabled: false, pageLoadStrategy: normal, platformName: windows, proxy: Proxy(), se:cdp: ws://localhost:58352/devtoo..., se:cdpVersion: 149.0.7827.54, setWindowRect: true, strictFileInteractability: false, timeouts: {implicit: 0, pageLoad: 300000, script: 30000}, unhandledPromptBehavior: dismiss and notify, webauthn:extension:credBlob: true, webauthn:extension:largeBlob: true, webauthn:extension:minPinLength: true, webauthn:extension:prf: true, webauthn:virtualAuthenticators: true}
Session ID: 696f552654b3190829bf78c40e68a191
	at org.openqa.selenium.remote.ErrorCodec.decode(ErrorCodec.java:169)
	at org.openqa.selenium.remote.codec.w3c.W3CHttpResponseCodec.decode(W3CHttpResponseCodec.java:143)
	at org.openqa.selenium.remote.codec.w3c.W3CHttpResponseCodec.decode(W3CHttpResponseCodec.java:50)
	at org.openqa.selenium.remote.HttpCommandExecutor.execute(HttpCommandExecutor.java:224)
	at org.openqa.selenium.remote.service.DriverCommandExecutor.invokeExecute(DriverCommandExecutor.java:217)
	at org.openqa.selenium.remote.service.DriverCommandExecutor.execute(DriverCommandExecutor.java:175)
	at org.openqa.selenium.remote.RemoteWebDriver.execute(RemoteWebDriver.java:600)
	at org.openqa.selenium.remote.ElementLocation$ElementFinder$2.findElement(ElementLocation.java:173)
	at org.openqa.selenium.remote.ElementLocation.findElement(ElementLocation.java:60)
	at org.openqa.selenium.remote.RemoteWebDriver.findElement(RemoteWebDriver.java:421)
	at org.openqa.selenium.remote.RemoteWebDriver.findElement(RemoteWebDriver.java:415)
	at utilities.ShadowDomUtils.getShadowRoot(ShadowDomUtils.java:20)
	at utilities.ShadowDomUtils.clickShadowElement(ShadowDomUtils.java:27)
	at pageObjects.greenLanes.GreenLanesPage.clickGreenLanes(GreenLanesPage.java:27)
	at testCases.greenLanes.GreenLanesTest.verifyGreenLaneCreation(GreenLanesTest.java:21)
	at java.base/jdk.internal.reflect.DirectMethodHandleAccessor.invoke(DirectMethodHandleAccessor.java:103)
	at java.base/java.lang.reflect.Method.invoke(Method.java:580)
	at org.testng.internal.invokers.MethodInvocationHelper.invokeMethod(MethodInvocationHelper.java:141)
	at org.testng.internal.invokers.TestInvoker.invokeMethod(TestInvoker.java:686)
	at org.testng.internal.invokers.TestInvoker.retryFailed(TestInvoker.java:269)
	at org.testng.internal.invokers.MethodRunner.runInSequence(MethodRunner.java:76)
	at org.testng.internal.invokers.TestInvoker$MethodInvocationAgent.invoke(TestInvoker.java:992)
	at org.testng.internal.invokers.TestInvoker.invokeTestMethods(TestInvoker.java:203)
	at org.testng.internal.invokers.TestMethodWorker.invokeTestMethods(TestMethodWorker.java:154)
	at org.testng.internal.invokers.TestMethodWorker.run(TestMethodWorker.java:134)
	at java.base/java.util.ArrayList.forEach(ArrayList.java:1597)
	at org.testng.TestRunner.privateRun(TestRunner.java:739)
	at org.testng.TestRunner.run(TestRunner.java:614)
	at org.testng.SuiteRunner.runTest(SuiteRunner.java:421)
	at org.testng.SuiteRunner.runSequentially(SuiteRunner.java:413)
	at org.testng.SuiteRunner.privateRun(SuiteRunner.java:373)
	at org.testng.SuiteRunner.run(SuiteRunner.java:312)
	at org.testng.SuiteRunnerWorker.runSuite(SuiteRunnerWorker.java:52)
	at org.testng.SuiteRunnerWorker.run(SuiteRunnerWorker.java:95)
	at org.testng.TestNG.runSuitesSequentially(TestNG.java:1274)
	at org.testng.TestNG.runSuitesLocally(TestNG.java:1208)
	at org.testng.TestNG.runSuites(TestNG.java:1112)
	at org.testng.TestNG.run(TestNG.java:1079)
	at com.intellij.rt.testng.IDEARemoteTestNG.run(IDEARemoteTestNG.java:65)
	at com.intellij.rt.testng.RemoteTestNGStarter.main(RemoteTestNGStarter.java:105)
2026-05-31 13:38:22.418 [main] INFO  org.testng.internal.Utils.info - [TestNG] Running:
  D:\1. Projects\_Testing\AutomationTesting\CompanyProjects\Infosys\TDG_HybridFramework\testng-suites\NewTestCasesSuite.xml

2026-05-31 13:38:22.843 [main] INFO  testCases.greenLanes.GreenLanesTest.setup - >>======>>======>> Automation Engineer (SDET)- Vaibhav Chavan <<======<<======<<
2026-05-31 13:38:22.844 [main] INFO  testCases.greenLanes.GreenLanesTest.setup - --test execution started--
2026-05-31 13:38:25.048 [main] INFO  testCases.greenLanes.GreenLanesTest.log - setup - browser opened
2026-05-31 13:38:25.080 [main] INFO  testCases.greenLanes.GreenLanesTest.log - setup - cookies deleted
2026-05-31 13:38:25.127 [main] INFO  testCases.greenLanes.GreenLanesTest.log - setup - browser maximized
2026-05-31 13:38:25.138 [main] INFO  testCases.greenLanes.GreenLanesTest.log - setup - implicit wait applied for 10 seconds
2026-05-31 13:38:30.851 [main] INFO  testCases.greenLanes.GreenLanesTest.log - setup - provided app URL in browser
2026-05-31 13:38:33.316 [main] INFO  testCases.greenLanes.GreenLanesTest.log - setup - provided email
2026-05-31 13:38:33.479 [main] INFO  testCases.greenLanes.GreenLanesTest.log - setup - clicked on log in button
2026-05-31 13:38:35.555 [main] INFO  testCases.greenLanes.GreenLanesTest.log - openSidebar - Sidebar is already opend, no need to click on sidebar/logo icon
2026-05-31 13:38:35.950 [main] INFO  testCases.greenLanes.GreenLanesTest.log - verifyGreenLaneCreation - Clicked on Green Lanes menu item
2026-05-31 13:38:36.414 [main] INFO  testCases.greenLanes.GreenLanesTest.log - verifyGreenLaneCreation - Clicked on Create Green Lane button
2026-05-31 13:38:36.708 [main] INFO  testCases.greenLanes.GreenLanesTest.log - verifyGreenLaneCreation - Provided name for the new green lane
2026-05-31 13:38:37.145 [main] INFO  testCases.greenLanes.GreenLanesTest.log - verifyGreenLaneCreation - Provided name for the new green lane
2026-05-31 13:38:37.395 [main] INFO  testCases.greenLanes.GreenLanesTest.log - verifyGreenLaneCreation - Provided date for the new green lane
2026-05-31 13:38:43.101 [main] INFO  testCases.greenLanes.GreenLanesTest.log - verifyGreenLaneCreation - Selected ownership for the new green lane
2026-05-31 13:39:08.015 [main] INFO  testCases.greenLanes.GreenLanesTest.log - verifyGreenLaneCreation - Provided description for the new green lane
2026-05-31 13:40:37.322 [main] INFO  org.testng.internal.Utils.info - [TestNG] Running:
  D:\1. Projects\_Testing\AutomationTesting\CompanyProjects\Infosys\TDG_HybridFramework\testng-suites\NewTestCasesSuite.xml

2026-05-31 13:40:37.849 [main] INFO  testCases.greenLanes.GreenLanesTest.setup - >>======>>======>> Automation Engineer (SDET)- Vaibhav Chavan <<======<<======<<
2026-05-31 13:40:37.849 [main] INFO  testCases.greenLanes.GreenLanesTest.setup - --test execution started--
2026-05-31 13:40:40.154 [main] INFO  testCases.greenLanes.GreenLanesTest.log - setup - browser opened
2026-05-31 13:40:40.179 [main] INFO  testCases.greenLanes.GreenLanesTest.log - setup - cookies deleted
2026-05-31 13:40:40.221 [main] INFO  testCases.greenLanes.GreenLanesTest.log - setup - browser maximized
2026-05-31 13:40:40.228 [main] INFO  testCases.greenLanes.GreenLanesTest.log - setup - implicit wait applied for 10 seconds
2026-05-31 13:40:50.020 [main] INFO  testCases.greenLanes.GreenLanesTest.log - setup - provided app URL in browser
2026-05-31 13:40:52.455 [main] INFO  testCases.greenLanes.GreenLanesTest.log - setup - provided email
2026-05-31 13:40:52.625 [main] INFO  testCases.greenLanes.GreenLanesTest.log - setup - clicked on log in button
2026-05-31 15:53:45.032 [main] INFO  org.testng.internal.Utils.info - [TestNG] Running:
  D:\1. Projects\_Testing\AutomationTesting\CompanyProjects\Infosys\TDG_HybridFramework\testng-suites\NewTestCasesSuite.xml

2026-05-31 15:53:45.649 [main] INFO  testCases.greenLanes.GreenLanesTest.setup - >>======>>======>> Automation Engineer (SDET)- Vaibhav Chavan <<======<<======<<
2026-05-31 15:53:45.650 [main] INFO  testCases.greenLanes.GreenLanesTest.setup - --test execution started--
2026-05-31 15:53:49.256 [main] INFO  testCases.greenLanes.GreenLanesTest.log - setup - browser opened
2026-05-31 15:53:49.291 [main] INFO  testCases.greenLanes.GreenLanesTest.log - setup - cookies deleted
2026-05-31 15:53:49.335 [main] INFO  testCases.greenLanes.GreenLanesTest.log - setup - browser maximized
2026-05-31 15:53:49.346 [main] INFO  testCases.greenLanes.GreenLanesTest.log - setup - implicit wait applied for 10 seconds
2026-05-31 15:53:54.390 [main] INFO  testCases.greenLanes.GreenLanesTest.log - setup - provided app URL in browser
2026-05-31 15:53:57.003 [main] INFO  testCases.greenLanes.GreenLanesTest.log - setup - provided email
2026-05-31 15:53:57.190 [main] INFO  testCases.greenLanes.GreenLanesTest.log - setup - clicked on log in button
2026-05-31 15:54:09.335 [main] INFO  testCases.greenLanes.GreenLanesTest.log - openSidebar - Sidebar is already opend, no need to click on sidebar/logo icon
2026-05-31 15:54:09.779 [main] INFO  testCases.greenLanes.GreenLanesTest.log - verifyGreenLaneCreation - Clicked on Green Lanes menu item
2026-05-31 15:54:10.391 [main] INFO  testCases.greenLanes.GreenLanesTest.log - verifyGreenLaneCreation - Clicked on Create Green Lane button
2026-05-31 15:54:10.755 [main] INFO  testCases.greenLanes.GreenLanesTest.log - verifyGreenLaneCreation - Provided name for the new green lane
2026-05-31 15:54:11.091 [main] INFO  testCases.greenLanes.GreenLanesTest.log - verifyGreenLaneCreation - Provided name for the new green lane
2026-05-31 15:54:11.337 [main] INFO  testCases.greenLanes.GreenLanesTest.log - verifyGreenLaneCreation - Provided date for the new green lane
2026-05-31 15:54:16.826 [main] INFO  testCases.greenLanes.GreenLanesTest.log - verifyGreenLaneCreation - Selected ownership for the new green lane
2026-05-31 15:54:55.629 [main] INFO  testCases.greenLanes.GreenLanesTest.log - verifyGreenLaneCreation - Selected service line for the new green lane
2026-05-31 15:55:11.777 [main] INFO  org.testng.internal.Utils.info - [TestNG] Running:
  D:\1. Projects\_Testing\AutomationTesting\CompanyProjects\Infosys\TDG_HybridFramework\testng-suites\NewTestCasesSuite.xml

2026-05-31 15:55:12.269 [main] INFO  testCases.greenLanes.GreenLanesTest.setup - >>======>>======>> Automation Engineer (SDET)- Vaibhav Chavan <<======<<======<<
2026-05-31 15:55:12.270 [main] INFO  testCases.greenLanes.GreenLanesTest.setup - --test execution started--
2026-05-31 15:55:14.648 [main] INFO  testCases.greenLanes.GreenLanesTest.log - setup - browser opened
2026-05-31 15:55:14.675 [main] INFO  testCases.greenLanes.GreenLanesTest.log - setup - cookies deleted
2026-05-31 15:55:14.757 [main] INFO  testCases.greenLanes.GreenLanesTest.log - setup - browser maximized
2026-05-31 15:55:14.766 [main] INFO  testCases.greenLanes.GreenLanesTest.log - setup - implicit wait applied for 10 seconds
2026-05-31 15:55:20.235 [main] INFO  testCases.greenLanes.GreenLanesTest.log - setup - provided app URL in browser
2026-05-31 15:55:22.670 [main] INFO  testCases.greenLanes.GreenLanesTest.log - setup - provided email
2026-05-31 15:55:22.854 [main] INFO  testCases.greenLanes.GreenLanesTest.log - setup - clicked on log in button
2026-05-31 15:55:25.012 [main] INFO  testCases.greenLanes.GreenLanesTest.log - openSidebar - Sidebar is already opend, no need to click on sidebar/logo icon
2026-05-31 15:55:25.359 [main] INFO  testCases.greenLanes.GreenLanesTest.log - verifyGreenLaneCreation - Clicked on Green Lanes menu item
2026-05-31 15:55:25.786 [main] INFO  testCases.greenLanes.GreenLanesTest.log - verifyGreenLaneCreation - Clicked on Create Green Lane button
2026-05-31 15:55:26.267 [main] INFO  testCases.greenLanes.GreenLanesTest.log - verifyGreenLaneCreation - Provided name for the new green lane
2026-05-31 15:55:26.594 [main] INFO  testCases.greenLanes.GreenLanesTest.log - verifyGreenLaneCreation - Provided name for the new green lane
2026-05-31 15:55:26.988 [main] INFO  testCases.greenLanes.GreenLanesTest.log - verifyGreenLaneCreation - Provided date for the new green lane
2026-05-31 15:55:32.615 [main] INFO  testCases.greenLanes.GreenLanesTest.log - verifyGreenLaneCreation - Selected ownership for the new green lane
2026-05-31 15:58:36.311 [main] INFO  testCases.greenLanes.GreenLanesTest.log - verifyGreenLaneCreation - Selected service line for the new green lane
2026-05-31 15:58:55.800 [main] INFO  org.testng.internal.Utils.info - [TestNG] Running:
  D:\1. Projects\_Testing\AutomationTesting\CompanyProjects\Infosys\TDG_HybridFramework\testng-suites\NewTestCasesSuite.xml

2026-05-31 15:58:56.456 [main] INFO  testCases.greenLanes.GreenLanesTest.setup - >>======>>======>> Automation Engineer (SDET)- Vaibhav Chavan <<======<<======<<
2026-05-31 15:58:56.457 [main] INFO  testCases.greenLanes.GreenLanesTest.setup - --test execution started--
2026-05-31 15:58:59.390 [main] INFO  testCases.greenLanes.GreenLanesTest.log - setup - browser opened
2026-05-31 15:58:59.416 [main] INFO  testCases.greenLanes.GreenLanesTest.log - setup - cookies deleted
2026-05-31 15:58:59.458 [main] INFO  testCases.greenLanes.GreenLanesTest.log - setup - browser maximized
2026-05-31 15:58:59.468 [main] INFO  testCases.greenLanes.GreenLanesTest.log - setup - implicit wait applied for 10 seconds
2026-05-31 15:59:02.643 [main] INFO  testCases.greenLanes.GreenLanesTest.log - setup - provided app URL in browser
2026-05-31 15:59:05.242 [main] INFO  testCases.greenLanes.GreenLanesTest.log - setup - provided email
2026-05-31 15:59:05.476 [main] INFO  testCases.greenLanes.GreenLanesTest.log - setup - clicked on log in button
2026-05-31 15:59:07.615 [main] INFO  testCases.greenLanes.GreenLanesTest.log - openSidebar - Sidebar is already opend, no need to click on sidebar/logo icon
2026-05-31 15:59:08.126 [main] INFO  testCases.greenLanes.GreenLanesTest.log - verifyGreenLaneCreation - Clicked on Green Lanes menu item
2026-05-31 15:59:08.929 [main] INFO  testCases.greenLanes.GreenLanesTest.log - verifyGreenLaneCreation - Clicked on Create Green Lane button
2026-05-31 15:59:09.437 [main] INFO  testCases.greenLanes.GreenLanesTest.log - verifyGreenLaneCreation - Provided name for the new green lane
2026-05-31 15:59:10.096 [main] INFO  testCases.greenLanes.GreenLanesTest.log - verifyGreenLaneCreation - Provided name for the new green lane
2026-05-31 15:59:10.444 [main] INFO  testCases.greenLanes.GreenLanesTest.log - verifyGreenLaneCreation - Provided date for the new green lane
2026-05-31 15:59:16.521 [main] INFO  testCases.greenLanes.GreenLanesTest.log - verifyGreenLaneCreation - Selected ownership for the new green lane
2026-05-31 15:59:18.891 [main] INFO  testCases.greenLanes.GreenLanesTest.log - verifyGreenLaneCreation - Selected service line for the new green lane
2026-05-31 15:59:21.160 [main] INFO  testCases.greenLanes.GreenLanesTest.log - verifyGreenLaneCreation - Selected super region for the new green lane
2026-05-31 15:59:23.559 [main] INFO  testCases.greenLanes.GreenLanesTest.log - verifyGreenLaneCreation - Provided description for the new green lane
2026-05-31 16:02:32.094 [main] INFO  org.testng.internal.Utils.info - [TestNG] Running:
  D:\1. Projects\_Testing\AutomationTesting\CompanyProjects\Infosys\TDG_HybridFramework\testng-suites\NewTestCasesSuite.xml

2026-05-31 16:02:32.501 [main] INFO  testCases.greenLanes.GreenLanesTest.setup - >>======>>======>> Automation Engineer (SDET)- Vaibhav Chavan <<======<<======<<
2026-05-31 16:02:32.502 [main] INFO  testCases.greenLanes.GreenLanesTest.setup - --test execution started--
2026-05-31 16:02:34.711 [main] INFO  testCases.greenLanes.GreenLanesTest.log - setup - browser opened
2026-05-31 16:02:34.740 [main] INFO  testCases.greenLanes.GreenLanesTest.log - setup - cookies deleted
2026-05-31 16:02:34.776 [main] INFO  testCases.greenLanes.GreenLanesTest.log - setup - browser maximized
2026-05-31 16:02:34.804 [main] INFO  testCases.greenLanes.GreenLanesTest.log - setup - implicit wait applied for 10 seconds
2026-05-31 16:02:40.203 [main] INFO  testCases.greenLanes.GreenLanesTest.log - setup - provided app URL in browser
2026-05-31 16:02:42.644 [main] INFO  testCases.greenLanes.GreenLanesTest.log - setup - provided email
2026-05-31 16:02:42.839 [main] INFO  testCases.greenLanes.GreenLanesTest.log - setup - clicked on log in button
2026-05-31 16:02:44.951 [main] INFO  testCases.greenLanes.GreenLanesTest.log - openSidebar - Sidebar is already opend, no need to click on sidebar/logo icon
2026-05-31 16:02:45.299 [main] INFO  testCases.greenLanes.GreenLanesTest.log - verifyGreenLaneCreation - Clicked on Green Lanes menu item
2026-05-31 16:02:45.778 [main] INFO  testCases.greenLanes.GreenLanesTest.log - verifyGreenLaneCreation - Clicked on Create Green Lane button
2026-05-31 16:02:46.203 [main] INFO  testCases.greenLanes.GreenLanesTest.log - verifyGreenLaneCreation - Provided name for the new green lane
2026-05-31 16:02:46.555 [main] INFO  testCases.greenLanes.GreenLanesTest.log - verifyGreenLaneCreation - Provided name for the new green lane
2026-05-31 16:02:46.737 [main] INFO  testCases.greenLanes.GreenLanesTest.log - verifyGreenLaneCreation - Provided date for the new green lane
2026-05-31 16:02:52.394 [main] INFO  testCases.greenLanes.GreenLanesTest.log - verifyGreenLaneCreation - Selected ownership for the new green lane
2026-05-31 16:02:54.627 [main] INFO  testCases.greenLanes.GreenLanesTest.log - verifyGreenLaneCreation - Selected service line for the new green lane
2026-05-31 16:02:56.864 [main] INFO  testCases.greenLanes.GreenLanesTest.log - verifyGreenLaneCreation - Selected super region for the new green lane
2026-05-31 16:02:59.211 [main] INFO  testCases.greenLanes.GreenLanesTest.log - verifyGreenLaneCreation - Provided description for the new green lane
2026-05-31 16:37:52.789 [main] INFO  testCases.greenLanes.GreenLanesTest.log - verifyGreenLaneCreation - Clicked on Save and Next button to create the green lane
2026-05-31 16:38:01.212 [main] INFO  org.testng.internal.Utils.info - [TestNG] Running:
  D:\1. Projects\_Testing\AutomationTesting\CompanyProjects\Infosys\TDG_HybridFramework\testng-suites\NewTestCasesSuite.xml

2026-05-31 16:38:01.586 [main] INFO  testCases.greenLanes.GreenLanesTest.setup - >>======>>======>> Automation Engineer (SDET)- Vaibhav Chavan <<======<<======<<
2026-05-31 16:38:01.586 [main] INFO  testCases.greenLanes.GreenLanesTest.setup - --test execution started--
2026-05-31 16:38:03.355 [main] INFO  testCases.greenLanes.GreenLanesTest.log - setup - browser opened
2026-05-31 16:38:03.374 [main] INFO  testCases.greenLanes.GreenLanesTest.log - setup - cookies deleted
2026-05-31 16:38:03.406 [main] INFO  testCases.greenLanes.GreenLanesTest.log - setup - browser maximized
2026-05-31 16:38:03.412 [main] INFO  testCases.greenLanes.GreenLanesTest.log - setup - implicit wait applied for 10 seconds
2026-05-31 16:38:13.745 [main] INFO  testCases.greenLanes.GreenLanesTest.log - setup - provided app URL in browser
2026-05-31 16:38:16.112 [main] INFO  testCases.greenLanes.GreenLanesTest.log - setup - provided email
2026-05-31 16:38:16.265 [main] INFO  testCases.greenLanes.GreenLanesTest.log - setup - clicked on log in button
2026-05-31 16:38:18.392 [main] INFO  testCases.greenLanes.GreenLanesTest.log - openSidebar - Sidebar is already opend, no need to click on sidebar/logo icon
2026-05-31 16:38:18.740 [main] INFO  testCases.greenLanes.GreenLanesTest.log - verifyGreenLaneCreation - Clicked on Green Lanes menu item
2026-05-31 16:38:19.266 [main] INFO  testCases.greenLanes.GreenLanesTest.log - verifyGreenLaneCreation - Clicked on Create Green Lane button
2026-05-31 16:38:19.658 [main] INFO  testCases.greenLanes.GreenLanesTest.log - verifyGreenLaneCreation - Provided name for the new green lane
2026-05-31 16:38:19.923 [main] INFO  testCases.greenLanes.GreenLanesTest.log - verifyGreenLaneCreation - Provided name for the new green lane
2026-05-31 16:38:20.096 [main] INFO  testCases.greenLanes.GreenLanesTest.log - verifyGreenLaneCreation - Provided date for the new green lane
2026-05-31 16:38:25.531 [main] INFO  testCases.greenLanes.GreenLanesTest.log - verifyGreenLaneCreation - Selected ownership for the new green lane
2026-05-31 16:38:27.743 [main] INFO  testCases.greenLanes.GreenLanesTest.log - verifyGreenLaneCreation - Selected service line for the new green lane
2026-05-31 16:38:29.955 [main] INFO  testCases.greenLanes.GreenLanesTest.log - verifyGreenLaneCreation - Selected super region for the new green lane
2026-05-31 16:38:32.264 [main] INFO  testCases.greenLanes.GreenLanesTest.log - verifyGreenLaneCreation - Provided description for the new green lane
2026-05-31 16:38:32.392 [main] INFO  testCases.greenLanes.GreenLanesTest.log - verifyGreenLaneCreation - Clicked on Save and Next button to create the green lane
2026-05-31 18:47:17.245 [main] INFO  org.testng.internal.Utils.info - [TestNG] Running:
  D:\1. Projects\_Testing\AutomationTesting\CompanyProjects\Infosys\TDG_HybridFramework\testng-suites\NewTestCasesSuite.xml

2026-05-31 18:47:17.868 [main] INFO  testCases.greenLanes.GreenLanesTest.setup - >>======>>======>> Automation Engineer (SDET)- Vaibhav Chavan <<======<<======<<
2026-05-31 18:47:17.869 [main] INFO  testCases.greenLanes.GreenLanesTest.setup - --test execution started--
2026-05-31 18:47:22.365 [main] INFO  testCases.greenLanes.GreenLanesTest.log - setup - browser opened
2026-05-31 18:47:22.405 [main] INFO  testCases.greenLanes.GreenLanesTest.log - setup - cookies deleted
2026-05-31 18:47:22.461 [main] INFO  testCases.greenLanes.GreenLanesTest.log - setup - browser maximized
2026-05-31 18:47:22.472 [main] INFO  testCases.greenLanes.GreenLanesTest.log - setup - implicit wait applied for 10 seconds
2026-05-31 18:47:30.020 [main] INFO  testCases.greenLanes.GreenLanesTest.log - setup - provided app URL in browser
2026-05-31 18:47:32.569 [main] INFO  testCases.greenLanes.GreenLanesTest.log - setup - provided email
2026-05-31 18:47:32.720 [main] INFO  testCases.greenLanes.GreenLanesTest.log - setup - clicked on log in button
2026-05-31 18:47:34.855 [main] INFO  testCases.greenLanes.GreenLanesTest.log - openSidebar - Sidebar is already opend, no need to click on sidebar/logo icon
2026-05-31 18:47:35.391 [main] INFO  testCases.greenLanes.GreenLanesTest.log - verifyGreenLaneCreation - Clicked on Green Lanes menu item
2026-05-31 18:47:36.138 [main] INFO  testCases.greenLanes.GreenLanesTest.log - verifyGreenLaneCreation - Clicked on Create Green Lane button
2026-05-31 18:47:36.765 [main] INFO  testCases.greenLanes.GreenLanesTest.log - verifyGreenLaneCreation - Provided name for the new green lane
2026-05-31 18:47:37.172 [main] INFO  testCases.greenLanes.GreenLanesTest.log - verifyGreenLaneCreation - Provided date for the new green lane
2026-05-31 18:47:50.069 [main] INFO  testCases.greenLanes.GreenLanesTest.log - verifyGreenLaneCreation - Selected ownership for the new green lane
2026-05-31 18:47:52.299 [main] INFO  testCases.greenLanes.GreenLanesTest.log - verifyGreenLaneCreation - Selected service line for the new green lane
2026-05-31 18:47:54.506 [main] INFO  testCases.greenLanes.GreenLanesTest.log - verifyGreenLaneCreation - Selected super region for the new green lane
2026-05-31 18:47:56.931 [main] INFO  testCases.greenLanes.GreenLanesTest.log - verifyGreenLaneCreation - Provided description for the new green lane
2026-05-31 18:47:57.107 [main] INFO  testCases.greenLanes.GreenLanesTest.log - verifyGreenLaneCreation - Clicked on Save and Next button to create the green lane
2026-05-31 18:47:57.553 [main] INFO  testCases.greenLanes.GreenLanesTest.log - openSidebar - Sidebar is already opend, no need to click on sidebar/logo icon
2026-05-31 18:47:57.689 [main] INFO  testCases.greenLanes.GreenLanesTest.log - verifyGreenLaneCreation - Clicked on Green Lanes menu item
2026-05-31 18:47:57.760 [main] INFO  testCases.greenLanes.GreenLanesTest.log - verifyGreenLaneCreation - Clicked on Create Green Lane button
2026-05-31 18:47:58.364 [main] INFO  testCases.greenLanes.GreenLanesTest.log - verifyGreenLaneCreation - Provided name for the new green lane
2026-05-31 18:47:58.532 [main] INFO  testCases.greenLanes.GreenLanesTest.log - verifyGreenLaneCreation - Provided date for the new green lane
2026-05-31 18:48:04.064 [main] INFO  testCases.greenLanes.GreenLanesTest.log - verifyGreenLaneCreation - Selected ownership for the new green lane
2026-05-31 18:48:06.249 [main] INFO  testCases.greenLanes.GreenLanesTest.log - verifyGreenLaneCreation - Selected service line for the new green lane
2026-05-31 18:48:08.453 [main] INFO  testCases.greenLanes.GreenLanesTest.log - verifyGreenLaneCreation - Selected super region for the new green lane
2026-05-31 18:48:10.823 [main] INFO  testCases.greenLanes.GreenLanesTest.log - verifyGreenLaneCreation - Provided description for the new green lane
2026-05-31 18:48:10.967 [main] INFO  testCases.greenLanes.GreenLanesTest.log - verifyGreenLaneCreation - Clicked on Save and Next button to create the green lane
2026-05-31 18:51:13.731 [main] INFO  org.testng.internal.Utils.info - [TestNG] Running:
  D:\1. Projects\_Testing\AutomationTesting\CompanyProjects\Infosys\TDG_HybridFramework\testng-suites\NewTestCasesSuite.xml

2026-05-31 18:51:14.437 [main] INFO  testCases.greenLanes.GreenLanesTest.setup - >>======>>======>> Automation Engineer (SDET)- Vaibhav Chavan <<======<<======<<
2026-05-31 18:51:14.437 [main] INFO  testCases.greenLanes.GreenLanesTest.setup - --test execution started--
2026-05-31 18:51:18.035 [main] INFO  testCases.greenLanes.GreenLanesTest.log - setup - browser opened
2026-05-31 18:51:18.068 [main] INFO  testCases.greenLanes.GreenLanesTest.log - setup - cookies deleted
2026-05-31 18:51:18.108 [main] INFO  testCases.greenLanes.GreenLanesTest.log - setup - browser maximized
2026-05-31 18:51:18.123 [main] INFO  testCases.greenLanes.GreenLanesTest.log - setup - implicit wait applied for 10 seconds
2026-05-31 18:51:25.539 [main] INFO  testCases.greenLanes.GreenLanesTest.log - setup - provided app URL in browser
2026-05-31 18:51:28.050 [main] INFO  testCases.greenLanes.GreenLanesTest.log - setup - provided email
2026-05-31 18:51:28.225 [main] INFO  testCases.greenLanes.GreenLanesTest.log - setup - clicked on log in button
2026-05-31 18:51:30.407 [main] INFO  testCases.greenLanes.GreenLanesTest.log - openSidebar - Sidebar is already opend, no need to click on sidebar/logo icon
2026-05-31 18:51:30.998 [main] INFO  testCases.greenLanes.GreenLanesTest.log - verifyGreenLaneCreation - Clicked on Green Lanes menu item
2026-05-31 18:51:31.816 [main] INFO  testCases.greenLanes.GreenLanesTest.log - verifyGreenLaneCreation - Clicked on Create Green Lane button
2026-05-31 18:51:32.364 [main] INFO  testCases.greenLanes.GreenLanesTest.log - verifyGreenLaneCreation - Provided name for the new green lane
2026-05-31 18:51:32.750 [main] INFO  testCases.greenLanes.GreenLanesTest.log - verifyGreenLaneCreation - Provided date for the new green lane
2026-05-31 18:51:38.323 [main] INFO  testCases.greenLanes.GreenLanesTest.log - verifyGreenLaneCreation - Selected ownership for the new green lane
2026-05-31 18:51:40.595 [main] INFO  testCases.greenLanes.GreenLanesTest.log - verifyGreenLaneCreation - Selected service line for the new green lane
2026-05-31 18:51:42.809 [main] INFO  testCases.greenLanes.GreenLanesTest.log - verifyGreenLaneCreation - Selected super region for the new green lane
2026-05-31 18:51:45.130 [main] INFO  testCases.greenLanes.GreenLanesTest.log - verifyGreenLaneCreation - Provided description for the new green lane
2026-05-31 18:51:45.256 [main] INFO  testCases.greenLanes.GreenLanesTest.log - verifyGreenLaneCreation - Clicked on Save and Next button to create the green lane
2026-06-01 23:59:07.782 [main] INFO  org.testng.internal.Utils.info - [TestNG] Running:
  D:\1. Projects\_Testing\AutomationTesting\CompanyProjects\Infosys\TDG_HybridFramework\testng-suites\NewTestCasesSuite.xml

2026-06-01 23:59:08.173 [main] INFO  testCases.greenLanes.GreenLanesTest.setup - >>======>>======>> Automation Engineer (SDET)- Vaibhav Chavan <<======<<======<<
2026-06-01 23:59:08.173 [main] INFO  testCases.greenLanes.GreenLanesTest.setup - --test execution started--
2026-06-01 23:59:10.730 [main] INFO  testCases.greenLanes.GreenLanesTest.log - setup - browser opened
2026-06-01 23:59:10.751 [main] INFO  testCases.greenLanes.GreenLanesTest.log - setup - cookies deleted
2026-06-01 23:59:10.793 [main] INFO  testCases.greenLanes.GreenLanesTest.log - setup - browser maximized
2026-06-01 23:59:10.803 [main] INFO  testCases.greenLanes.GreenLanesTest.log - setup - implicit wait applied for 10 seconds
2026-06-01 23:59:13.498 [main] INFO  testCases.greenLanes.GreenLanesTest.log - setup - provided app URL in browser
2026-06-01 23:59:16.078 [main] INFO  testCases.greenLanes.GreenLanesTest.log - setup - provided email
2026-06-01 23:59:16.252 [main] INFO  testCases.greenLanes.GreenLanesTest.log - setup - clicked on log in button
2026-06-01 23:59:18.419 [main] INFO  testCases.greenLanes.GreenLanesTest.log - openSidebar - Sidebar is already opend, no need to click on sidebar/logo icon
2026-06-01 23:59:18.689 [main] INFO  testCases.greenLanes.GreenLanesTest.log - verifyGreenLaneCreation - Clicked on Green Lanes menu item
2026-06-01 23:59:18.936 [main] INFO  testCases.greenLanes.GreenLanesTest.log - verifyGreenLaneCreation - Clicked on Create Green Lane button
2026-06-01 23:59:19.223 [main] INFO  testCases.greenLanes.GreenLanesTest.log - verifyGreenLaneCreation - Provided name for the new green lane
2026-06-01 23:59:19.435 [main] INFO  testCases.greenLanes.GreenLanesTest.log - verifyGreenLaneCreation - Provided date for the new green lane
2026-06-01 23:59:25.015 [main] INFO  testCases.greenLanes.GreenLanesTest.log - verifyGreenLaneCreation - Selected ownership for the new green lane
2026-06-01 23:59:27.321 [main] INFO  testCases.greenLanes.GreenLanesTest.log - verifyGreenLaneCreation - Selected service line for the new green lane
2026-06-01 23:59:29.557 [main] INFO  testCases.greenLanes.GreenLanesTest.log - verifyGreenLaneCreation - Selected super region for the new green lane
2026-06-01 23:59:31.922 [main] INFO  testCases.greenLanes.GreenLanesTest.log - verifyGreenLaneCreation - Provided description for the new green lane
2026-06-01 23:59:32.071 [main] INFO  testCases.greenLanes.GreenLanesTest.log - verifyGreenLaneCreation - Clicked on Save and Next button to create the green lane
2026-06-01 23:59:32.569 [main] INFO  testCases.greenLanes.GreenLanesTest.log - openSidebar - Sidebar is already opend, no need to click on sidebar/logo icon
2026-06-01 23:59:32.718 [main] INFO  testCases.greenLanes.GreenLanesTest.log - verifyGreenLaneCreation - Clicked on Green Lanes menu item
2026-06-01 23:59:32.793 [main] INFO  testCases.greenLanes.GreenLanesTest.log - verifyGreenLaneCreation - Clicked on Create Green Lane button
2026-06-01 23:59:33.609 [main] INFO  testCases.greenLanes.GreenLanesTest.log - verifyGreenLaneCreation - Provided name for the new green lane
2026-06-01 23:59:33.721 [main] INFO  testCases.greenLanes.GreenLanesTest.log - verifyGreenLaneCreation - Provided date for the new green lane
2026-06-01 23:59:39.173 [main] INFO  testCases.greenLanes.GreenLanesTest.log - verifyGreenLaneCreation - Selected ownership for the new green lane
2026-06-01 23:59:41.442 [main] INFO  testCases.greenLanes.GreenLanesTest.log - verifyGreenLaneCreation - Selected service line for the new green lane
2026-06-01 23:59:43.637 [main] INFO  testCases.greenLanes.GreenLanesTest.log - verifyGreenLaneCreation - Selected super region for the new green lane
2026-06-01 23:59:45.996 [main] INFO  testCases.greenLanes.GreenLanesTest.log - verifyGreenLaneCreation - Provided description for the new green lane
2026-06-01 23:59:46.119 [main] INFO  testCases.greenLanes.GreenLanesTest.log - verifyGreenLaneCreation - Clicked on Save and Next button to create the green lane
2026-06-02 00:02:52.364 [main] INFO  org.testng.internal.Utils.info - [TestNG] Running:
  D:\1. Projects\_Testing\AutomationTesting\CompanyProjects\Infosys\TDG_HybridFramework\testng-suites\NewTestCasesSuite.xml

2026-06-02 00:02:52.620 [main] INFO  testCases.greenLanes.GreenLanesTest.setup - >>======>>======>> Automation Engineer (SDET)- Vaibhav Chavan <<======<<======<<
2026-06-02 00:02:52.621 [main] INFO  testCases.greenLanes.GreenLanesTest.setup - --test execution started--
2026-06-02 00:02:54.218 [main] INFO  testCases.greenLanes.GreenLanesTest.log - setup - browser opened
2026-06-02 00:02:54.220 [main] INFO  testCases.greenLanes.GreenLanesTest.log - setup - cookies deleted
2026-06-02 00:02:54.257 [main] INFO  testCases.greenLanes.GreenLanesTest.log - setup - browser maximized
2026-06-02 00:02:54.264 [main] INFO  testCases.greenLanes.GreenLanesTest.log - setup - implicit wait applied for 10 seconds
2026-06-02 00:02:57.107 [main] INFO  testCases.greenLanes.GreenLanesTest.log - setup - provided app URL in browser
2026-06-02 00:02:59.662 [main] INFO  testCases.greenLanes.GreenLanesTest.log - setup - provided email
2026-06-02 00:02:59.822 [main] INFO  testCases.greenLanes.GreenLanesTest.log - setup - clicked on log in button
2026-06-02 00:03:01.968 [main] INFO  testCases.greenLanes.GreenLanesTest.log - openSidebar - Sidebar is already opend, no need to click on sidebar/logo icon
2026-06-02 00:03:02.278 [main] INFO  testCases.greenLanes.GreenLanesTest.log - verifyGreenLaneCreation - Clicked on Green Lanes menu item
2026-06-02 00:03:02.546 [main] INFO  testCases.greenLanes.GreenLanesTest.log - verifyGreenLaneCreation - Clicked on Create Green Lane button
2026-06-02 00:03:02.980 [main] INFO  testCases.greenLanes.GreenLanesTest.log - verifyGreenLaneCreation - Provided name for the new green lane
2026-06-02 00:03:03.158 [main] INFO  testCases.greenLanes.GreenLanesTest.log - verifyGreenLaneCreation - Provided date for the new green lane
2026-06-02 00:03:08.696 [main] INFO  testCases.greenLanes.GreenLanesTest.log - verifyGreenLaneCreation - Selected ownership for the new green lane
2026-06-02 00:03:10.910 [main] INFO  testCases.greenLanes.GreenLanesTest.log - verifyGreenLaneCreation - Selected service line for the new green lane
2026-06-02 00:03:13.173 [main] INFO  testCases.greenLanes.GreenLanesTest.log - verifyGreenLaneCreation - Selected super region for the new green lane
2026-06-02 00:03:15.520 [main] INFO  testCases.greenLanes.GreenLanesTest.log - verifyGreenLaneCreation - Provided description for the new green lane
2026-06-02 00:03:15.671 [main] INFO  testCases.greenLanes.GreenLanesTest.log - verifyGreenLaneCreation - Clicked on Save and Next button to create the green lane
2026-06-02 00:03:30.715 [main] INFO  testCases.greenLanes.GreenLanesTest.log - verifyGreenLaneCreation - Service code provided
2026-06-02 00:04:23.743 [main] INFO  testCases.greenLanes.GreenLanesTest.log - verifyGreenLaneCreation - Data type selected
2026-06-02 00:05:00.797 [main] INFO  testCases.greenLanes.GreenLanesTest.log - verifyGreenLaneCreation - Business purpose selected
2026-06-02 00:05:23.089 [main] INFO  testCases.greenLanes.GreenLanesTest.log - verifyGreenLaneCreation - Origin country selected
2026-06-02 00:05:27.413 [main] INFO  testCases.greenLanes.GreenLanesTest.log - verifyGreenLaneCreation - Clicked on Save and Next button to save Scope and Purpose details
2026-06-02 00:12:14.062 [main] INFO  org.testng.internal.Utils.info - [TestNG] Running:
  D:\1. Projects\_Testing\AutomationTesting\CompanyProjects\Infosys\TDG_HybridFramework\testng-suites\NewTestCasesSuite.xml

2026-06-02 00:12:14.325 [main] INFO  testCases.greenLanes.GreenLanesTest.setup - >>======>>======>> Automation Engineer (SDET)- Vaibhav Chavan <<======<<======<<
2026-06-02 00:12:14.325 [main] INFO  testCases.greenLanes.GreenLanesTest.setup - --test execution started--
2026-06-02 00:12:15.969 [main] INFO  testCases.greenLanes.GreenLanesTest.log - setup - browser opened
2026-06-02 00:12:15.982 [main] INFO  testCases.greenLanes.GreenLanesTest.log - setup - cookies deleted
2026-06-02 00:12:16.013 [main] INFO  testCases.greenLanes.GreenLanesTest.log - setup - browser maximized
2026-06-02 00:12:16.025 [main] INFO  testCases.greenLanes.GreenLanesTest.log - setup - implicit wait applied for 10 seconds
2026-06-02 00:12:19.636 [main] INFO  testCases.greenLanes.GreenLanesTest.log - setup - provided app URL in browser
2026-06-02 00:12:22.290 [main] INFO  testCases.greenLanes.GreenLanesTest.log - setup - provided email
2026-06-02 00:12:22.520 [main] INFO  testCases.greenLanes.GreenLanesTest.log - setup - clicked on log in button
2026-06-02 00:12:24.635 [main] INFO  testCases.greenLanes.GreenLanesTest.log - openSidebar - Sidebar is already opend, no need to click on sidebar/logo icon
2026-06-02 00:12:24.907 [main] INFO  testCases.greenLanes.GreenLanesTest.log - verifyGreenLaneCreation - Clicked on Green Lanes menu item
2026-06-02 00:12:25.233 [main] INFO  testCases.greenLanes.GreenLanesTest.log - verifyGreenLaneCreation - Clicked on Create Green Lane button
2026-06-02 00:12:25.691 [main] INFO  testCases.greenLanes.GreenLanesTest.log - verifyGreenLaneCreation - Provided name for the new green lane
2026-06-02 00:12:25.887 [main] INFO  testCases.greenLanes.GreenLanesTest.log - verifyGreenLaneCreation - Provided date for the new green lane
2026-06-02 00:12:31.377 [main] INFO  testCases.greenLanes.GreenLanesTest.log - verifyGreenLaneCreation - Selected ownership for the new green lane
2026-06-02 00:12:33.652 [main] INFO  testCases.greenLanes.GreenLanesTest.log - verifyGreenLaneCreation - Selected service line for the new green lane
2026-06-02 00:12:35.904 [main] INFO  testCases.greenLanes.GreenLanesTest.log - verifyGreenLaneCreation - Selected super region for the new green lane
2026-06-02 00:12:38.333 [main] INFO  testCases.greenLanes.GreenLanesTest.log - verifyGreenLaneCreation - Provided description for the new green lane
2026-06-02 00:12:38.507 [main] INFO  testCases.greenLanes.GreenLanesTest.log - verifyGreenLaneCreation - Clicked on Save and Next button to create the green lane
2026-06-02 00:12:43.168 [main] INFO  testCases.greenLanes.GreenLanesTest.log - verifyGreenLaneCreation - Service code provided
2026-06-02 00:13:22.936 [main] INFO  testCases.greenLanes.GreenLanesTest.log - verifyGreenLaneCreation - Data type selected
2026-06-02 00:13:34.234 [main] INFO  org.testng.internal.Utils.info - [TestNG] Running:
  D:\1. Projects\_Testing\AutomationTesting\CompanyProjects\Infosys\TDG_HybridFramework\testng-suites\NewTestCasesSuite.xml

2026-06-02 00:13:34.476 [main] INFO  testCases.greenLanes.GreenLanesTest.setup - >>======>>======>> Automation Engineer (SDET)- Vaibhav Chavan <<======<<======<<
2026-06-02 00:13:34.477 [main] INFO  testCases.greenLanes.GreenLanesTest.setup - --test execution started--
2026-06-02 00:13:35.686 [main] INFO  testCases.greenLanes.GreenLanesTest.log - setup - browser opened
2026-06-02 00:13:35.703 [main] INFO  testCases.greenLanes.GreenLanesTest.log - setup - cookies deleted
2026-06-02 00:13:35.734 [main] INFO  testCases.greenLanes.GreenLanesTest.log - setup - browser maximized
2026-06-02 00:13:35.739 [main] INFO  testCases.greenLanes.GreenLanesTest.log - setup - implicit wait applied for 10 seconds
2026-06-02 00:13:38.978 [main] INFO  testCases.greenLanes.GreenLanesTest.log - setup - provided app URL in browser
2026-06-02 00:13:41.685 [main] INFO  testCases.greenLanes.GreenLanesTest.log - setup - provided email
2026-06-02 00:13:41.870 [main] INFO  testCases.greenLanes.GreenLanesTest.log - setup - clicked on log in button
2026-06-02 00:13:43.986 [main] INFO  testCases.greenLanes.GreenLanesTest.log - openSidebar - Sidebar is already opend, no need to click on sidebar/logo icon
2026-06-02 00:13:44.275 [main] INFO  testCases.greenLanes.GreenLanesTest.log - verifyGreenLaneCreation - Clicked on Green Lanes menu item
2026-06-02 00:13:44.547 [main] INFO  testCases.greenLanes.GreenLanesTest.log - verifyGreenLaneCreation - Clicked on Create Green Lane button
2026-06-02 00:13:45.041 [main] INFO  testCases.greenLanes.GreenLanesTest.log - verifyGreenLaneCreation - Provided name for the new green lane
2026-06-02 00:13:45.254 [main] INFO  testCases.greenLanes.GreenLanesTest.log - verifyGreenLaneCreation - Provided date for the new green lane
2026-06-02 00:13:50.718 [main] INFO  testCases.greenLanes.GreenLanesTest.log - verifyGreenLaneCreation - Selected ownership for the new green lane
2026-06-02 00:13:52.937 [main] INFO  testCases.greenLanes.GreenLanesTest.log - verifyGreenLaneCreation - Selected service line for the new green lane
2026-06-02 00:13:55.168 [main] INFO  testCases.greenLanes.GreenLanesTest.log - verifyGreenLaneCreation - Selected super region for the new green lane
2026-06-02 00:13:57.587 [main] INFO  testCases.greenLanes.GreenLanesTest.log - verifyGreenLaneCreation - Provided description for the new green lane
2026-06-02 00:13:57.736 [main] INFO  testCases.greenLanes.GreenLanesTest.log - verifyGreenLaneCreation - Clicked on Save and Next button to create the green lane
2026-06-02 00:14:00.440 [main] INFO  testCases.greenLanes.GreenLanesTest.log - verifyGreenLaneCreation - Service code provided
2026-06-02 00:14:02.616 [main] INFO  testCases.greenLanes.GreenLanesTest.log - verifyGreenLaneCreation - Data type selected
2026-06-02 00:14:04.878 [main] INFO  testCases.greenLanes.GreenLanesTest.log - verifyGreenLaneCreation - Business purpose selected
2026-06-02 00:14:10.342 [main] INFO  testCases.greenLanes.GreenLanesTest.log - verifyGreenLaneCreation - Origin country selected
2026-06-02 00:14:10.502 [main] INFO  testCases.greenLanes.GreenLanesTest.log - verifyGreenLaneCreation - Clicked on Save and Next button to save Scope and Purpose details
2026-06-02 16:58:15.422 [main] INFO  org.testng.internal.Utils.info - [TestNG] Running:
  C:\Vaibhav\Automation\TDG_HybridFramework\testng-suites\NewTestCasesSuite.xml

2026-06-02 16:58:16.018 [main] INFO  testCases.greenLanes.GreenLanesTest.setup - >>======>>======>> Automation Engineer (SDET)- Vaibhav Chavan <<======<<======<<
2026-06-02 16:58:16.019 [main] INFO  testCases.greenLanes.GreenLanesTest.setup - --test execution started--
2026-06-02 16:58:29.736 [main] INFO  testCases.greenLanes.GreenLanesTest.log - setup - browser opened
2026-06-02 16:58:29.871 [main] INFO  testCases.greenLanes.GreenLanesTest.log - setup - cookies deleted
2026-06-02 16:58:30.000 [main] INFO  testCases.greenLanes.GreenLanesTest.log - setup - browser maximized
2026-06-02 16:58:30.023 [main] INFO  testCases.greenLanes.GreenLanesTest.log - setup - implicit wait applied for 10 seconds
2026-06-02 16:58:35.491 [main] INFO  testCases.greenLanes.GreenLanesTest.log - setup - provided app URL in browser
2026-06-02 16:58:38.140 [main] INFO  testCases.greenLanes.GreenLanesTest.log - setup - provided email
2026-06-02 16:58:38.412 [main] INFO  testCases.greenLanes.GreenLanesTest.log - setup - clicked on log in button
2026-06-02 16:58:40.497 [main] INFO  testCases.greenLanes.GreenLanesTest.log - openSidebar - Sidebar is already opend, no need to click on sidebar/logo icon
2026-06-02 16:58:40.750 [main] INFO  testCases.greenLanes.GreenLanesTest.log - verifyGreenLaneCreation - Clicked on Green Lanes menu item
2026-06-02 16:58:41.092 [main] INFO  testCases.greenLanes.GreenLanesTest.log - verifyGreenLaneCreation - Clicked on Create Green Lane button
2026-06-02 16:58:41.563 [main] INFO  testCases.greenLanes.GreenLanesTest.log - verifyGreenLaneCreation - Provided name for the new green lane
2026-06-02 16:58:41.848 [main] INFO  testCases.greenLanes.GreenLanesTest.log - verifyGreenLaneCreation - Provided date for the new green lane
2026-06-02 16:58:47.740 [main] INFO  testCases.greenLanes.GreenLanesTest.log - verifyGreenLaneCreation - Selected ownership for the new green lane
2026-06-02 16:58:50.587 [main] INFO  testCases.greenLanes.GreenLanesTest.log - verifyGreenLaneCreation - Selected service line for the new green lane
2026-06-02 16:58:53.148 [main] INFO  testCases.greenLanes.GreenLanesTest.log - verifyGreenLaneCreation - Selected super region for the new green lane
2026-06-02 16:58:55.502 [main] INFO  testCases.greenLanes.GreenLanesTest.log - verifyGreenLaneCreation - Provided description for the new green lane
2026-06-02 16:58:55.657 [main] INFO  testCases.greenLanes.GreenLanesTest.log - verifyGreenLaneCreation - Clicked on Save and Next button to create the green lane
2026-06-02 16:58:58.526 [main] INFO  testCases.greenLanes.GreenLanesTest.log - verifyGreenLaneCreation - Service code provided
2026-06-02 16:59:00.783 [main] INFO  testCases.greenLanes.GreenLanesTest.log - verifyGreenLaneCreation - Data type selected
2026-06-02 16:59:02.944 [main] INFO  testCases.greenLanes.GreenLanesTest.log - verifyGreenLaneCreation - Business purpose selected
2026-06-02 16:59:08.172 [main] INFO  testCases.greenLanes.GreenLanesTest.log - verifyGreenLaneCreation - Origin country selected
2026-06-02 16:59:08.257 [main] INFO  testCases.greenLanes.GreenLanesTest.log - verifyGreenLaneCreation - Clicked on Save and Next button to save Scope and Purpose details
2026-06-02 17:00:03.090 [main] INFO  testCases.greenLanes.GreenLanesTest.log - verifyGreenLaneCreation - Additional control chosen
2026-06-02 17:00:44.663 [main] ERROR testCases.greenLanes.GreenLanesTest.verifyGreenLaneCreation - Test failed due to exception: 
org.openqa.selenium.TimeoutException: Expected condition failed: waiting for visibility of element found by By.cssSelector: motif-button[type='button'][class='hydrated'][variant='primary']
(tried for 10 seconds with 500 milliseconds interval)
Build info: version: '4.44.0', revision: 'da2039b'
System info: os.name: 'Windows 11', os.arch: 'amd64', os.version: '10.0', java.version: '22.0.2'
Driver info: org.openqa.selenium.chrome.ChromeDriver
Capabilities {acceptInsecureCerts: false, browserName: chrome, browserVersion: 148.0.7778.217, chrome: {chromedriverVersion: 148.0.7778.178 (d096af1c9e9..., userDataDir: C:\Users\LZ172CV\AppData\Lo...}, fedcm:accounts: true, goog:chromeOptions: {debuggerAddress: localhost:54685}, goog:processID: 28984, networkConnectionEnabled: false, pageLoadStrategy: normal, platformName: windows, proxy: Proxy(), se:cdp: ws://localhost:54685/devtoo..., se:cdpVersion: 148.0.7778.217, setWindowRect: true, strictFileInteractability: false, timeouts: {implicit: 0, pageLoad: 300000, script: 30000}, unhandledPromptBehavior: dismiss and notify, webauthn:extension:credBlob: true, webauthn:extension:largeBlob: true, webauthn:extension:minPinLength: true, webauthn:extension:prf: true, webauthn:virtualAuthenticators: true}
Session ID: 6f62a73d22d40ee2cfa284dbc7e4b6a9
	at org.openqa.selenium.support.ui.WebDriverWait.timeoutException(WebDriverWait.java:85)
	at org.openqa.selenium.support.ui.FluentWait.until(FluentWait.java:234)
	at utilities.ShadowDomUtils.clickShadowElement1(ShadowDomUtils.java:34)
	at base.BasePage.clickSaveAndNext(BasePage.java:420)
	at testCases.greenLanes.GreenLanesTest.verifyGreenLaneCreation(GreenLanesTest.java:80)
	at java.base/jdk.internal.reflect.DirectMethodHandleAccessor.invoke(DirectMethodHandleAccessor.java:103)
	at java.base/java.lang.reflect.Method.invoke(Method.java:580)
	at org.testng.internal.invokers.MethodInvocationHelper.invokeMethod(MethodInvocationHelper.java:141)
	at org.testng.internal.invokers.TestInvoker.invokeMethod(TestInvoker.java:686)
	at org.testng.internal.invokers.TestInvoker.invokeTestMethod(TestInvoker.java:230)
	at org.testng.internal.invokers.MethodRunner.runInSequence(MethodRunner.java:63)
	at org.testng.internal.invokers.TestInvoker$MethodInvocationAgent.invoke(TestInvoker.java:992)
	at org.testng.internal.invokers.TestInvoker.invokeTestMethods(TestInvoker.java:203)
	at org.testng.internal.invokers.TestMethodWorker.invokeTestMethods(TestMethodWorker.java:154)
	at org.testng.internal.invokers.TestMethodWorker.run(TestMethodWorker.java:134)
	at java.base/java.util.ArrayList.forEach(ArrayList.java:1597)
	at org.testng.TestRunner.privateRun(TestRunner.java:739)
	at org.testng.TestRunner.run(TestRunner.java:614)
	at org.testng.SuiteRunner.runTest(SuiteRunner.java:421)
	at org.testng.SuiteRunner.runSequentially(SuiteRunner.java:413)
	at org.testng.SuiteRunner.privateRun(SuiteRunner.java:373)
	at org.testng.SuiteRunner.run(SuiteRunner.java:312)
	at org.testng.SuiteRunnerWorker.runSuite(SuiteRunnerWorker.java:52)
	at org.testng.SuiteRunnerWorker.run(SuiteRunnerWorker.java:95)
	at org.testng.TestNG.runSuitesSequentially(TestNG.java:1274)
	at org.testng.TestNG.runSuitesLocally(TestNG.java:1208)
	at org.testng.TestNG.runSuites(TestNG.java:1112)
	at org.testng.TestNG.run(TestNG.java:1079)
	at com.intellij.rt.testng.IDEARemoteTestNG.run(IDEARemoteTestNG.java:65)
	at com.intellij.rt.testng.RemoteTestNGStarter.main(RemoteTestNGStarter.java:109)
2026-06-02 17:00:44.810 [main] INFO  testCases.greenLanes.GreenLanesTest.log - openSidebar - Sidebar is already opend, no need to click on sidebar/logo icon
2026-06-02 17:10:46.836 [main] INFO  org.testng.internal.Utils.info - [TestNG] Running:
  C:\Vaibhav\Automation\TDG_HybridFramework\testng-suites\NewTestCasesSuite.xml

2026-06-02 17:10:47.326 [main] INFO  testCases.greenLanes.GreenLanesTest.setup - >>======>>======>> Automation Engineer (SDET)- Vaibhav Chavan <<======<<======<<
2026-06-02 17:10:47.326 [main] INFO  testCases.greenLanes.GreenLanesTest.setup - --test execution started--
2026-06-02 17:10:52.209 [main] INFO  testCases.greenLanes.GreenLanesTest.log - setup - browser opened
2026-06-02 17:10:52.860 [main] INFO  testCases.greenLanes.GreenLanesTest.log - setup - cookies deleted
2026-06-02 17:10:52.923 [main] INFO  testCases.greenLanes.GreenLanesTest.log - setup - browser maximized
2026-06-02 17:10:52.942 [main] INFO  testCases.greenLanes.GreenLanesTest.log - setup - implicit wait applied for 10 seconds
2026-06-02 17:10:57.819 [main] INFO  testCases.greenLanes.GreenLanesTest.log - setup - provided app URL in browser
2026-06-02 17:11:00.973 [main] INFO  testCases.greenLanes.GreenLanesTest.log - setup - provided email
2026-06-02 17:11:01.206 [main] INFO  testCases.greenLanes.GreenLanesTest.log - setup - clicked on log in button
2026-06-02 17:11:03.394 [main] INFO  testCases.greenLanes.GreenLanesTest.log - openSidebar - Sidebar is already opend, no need to click on sidebar/logo icon
2026-06-02 17:11:03.829 [main] INFO  testCases.greenLanes.GreenLanesTest.log - verifyGreenLaneCreation - Clicked on Green Lanes menu item
2026-06-02 17:11:04.331 [main] INFO  testCases.greenLanes.GreenLanesTest.log - verifyGreenLaneCreation - Clicked on Create Green Lane button
2026-06-02 17:11:05.823 [main] INFO  testCases.greenLanes.GreenLanesTest.log - verifyGreenLaneCreation - Provided name for the new green lane
2026-06-02 17:11:06.234 [main] INFO  testCases.greenLanes.GreenLanesTest.log - verifyGreenLaneCreation - Provided date for the new green lane
2026-06-02 17:11:12.595 [main] INFO  testCases.greenLanes.GreenLanesTest.log - verifyGreenLaneCreation - Selected ownership for the new green lane
2026-06-02 17:11:16.067 [main] INFO  testCases.greenLanes.GreenLanesTest.log - verifyGreenLaneCreation - Selected service line for the new green lane
2026-06-02 17:11:19.333 [main] INFO  testCases.greenLanes.GreenLanesTest.log - verifyGreenLaneCreation - Selected super region for the new green lane
2026-06-02 17:11:21.971 [main] INFO  testCases.greenLanes.GreenLanesTest.log - verifyGreenLaneCreation - Provided description for the new green lane
2026-06-02 17:11:22.240 [main] INFO  testCases.greenLanes.GreenLanesTest.log - verifyGreenLaneCreation - Clicked on Save and Next button to create the green lane
2026-06-02 17:11:24.971 [main] INFO  testCases.greenLanes.GreenLanesTest.log - verifyGreenLaneCreation - Service code provided
2026-06-02 17:11:27.246 [main] INFO  testCases.greenLanes.GreenLanesTest.log - verifyGreenLaneCreation - Data type selected
2026-06-02 17:11:29.820 [main] INFO  testCases.greenLanes.GreenLanesTest.log - verifyGreenLaneCreation - Business purpose selected
2026-06-02 17:11:35.125 [main] INFO  testCases.greenLanes.GreenLanesTest.log - verifyGreenLaneCreation - Origin country selected
2026-06-02 17:11:35.236 [main] INFO  testCases.greenLanes.GreenLanesTest.log - verifyGreenLaneCreation - Clicked on Save and Next button to save Scope and Purpose details
2026-06-02 17:11:46.692 [main] INFO  testCases.greenLanes.GreenLanesTest.log - verifyGreenLaneCreation - Additional control chosen
2026-06-02 17:12:29.084 [main] ERROR testCases.greenLanes.GreenLanesTest.verifyGreenLaneCreation - Test failed due to exception: 
org.openqa.selenium.ElementNotInteractableException: element not interactable
  (Session info: chrome=148.0.7778.217)
Build info: version: '4.44.0', revision: 'da2039b'
System info: os.name: 'Windows 11', os.arch: 'amd64', os.version: '10.0', java.version: '22.0.2'
Driver info: org.openqa.selenium.chrome.ChromeDriver
Command: [ac4313fb17aea74ac4b3df11031b7c39, clickElement {id=f.BD2C28726BF78EA2CA0A0694E14C795E.d.85E66FEEFACB31ACDE1608AB37BA9EC6.e.551}]
Capabilities {acceptInsecureCerts: false, browserName: chrome, browserVersion: 148.0.7778.217, chrome: {chromedriverVersion: 148.0.7778.178 (d096af1c9e9..., userDataDir: C:\Users\LZ172CV\AppData\Lo...}, fedcm:accounts: true, goog:chromeOptions: {debuggerAddress: localhost:51218}, goog:processID: 22068, networkConnectionEnabled: false, pageLoadStrategy: normal, platformName: windows, proxy: Proxy(), se:cdp: ws://localhost:51218/devtoo..., se:cdpVersion: 148.0.7778.217, setWindowRect: true, strictFileInteractability: false, timeouts: {implicit: 0, pageLoad: 300000, script: 30000}, unhandledPromptBehavior: dismiss and notify, webauthn:extension:credBlob: true, webauthn:extension:largeBlob: true, webauthn:extension:minPinLength: true, webauthn:extension:prf: true, webauthn:virtualAuthenticators: true}
Element: [[org.openqa.selenium.remote.ShadowRoot@915031cd] -> css selector: .motif-button.motif-button--sm.motif-button--primary.motif-button--default]
Session ID: ac4313fb17aea74ac4b3df11031b7c39
	at org.openqa.selenium.remote.ErrorCodec.decode(ErrorCodec.java:169)
	at org.openqa.selenium.remote.codec.w3c.W3CHttpResponseCodec.decode(W3CHttpResponseCodec.java:143)
	at org.openqa.selenium.remote.codec.w3c.W3CHttpResponseCodec.decode(W3CHttpResponseCodec.java:50)
	at org.openqa.selenium.remote.HttpCommandExecutor.execute(HttpCommandExecutor.java:224)
	at org.openqa.selenium.remote.service.DriverCommandExecutor.invokeExecute(DriverCommandExecutor.java:217)
	at org.openqa.selenium.remote.service.DriverCommandExecutor.execute(DriverCommandExecutor.java:175)
	at org.openqa.selenium.remote.RemoteWebDriver.execute(RemoteWebDriver.java:600)
	at org.openqa.selenium.remote.RemoteWebElement.execute(RemoteWebElement.java:225)
	at org.openqa.selenium.remote.RemoteWebElement.click(RemoteWebElement.java:79)
	at utilities.ShadowDomUtils.clickShadowElement(ShadowDomUtils.java:28)
	at pageObjects.greenLanes.GreenLanesPage.clickSaveNext(GreenLanesPage.java:283)
	at testCases.greenLanes.GreenLanesTest.verifyGreenLaneCreation(GreenLanesTest.java:80)
	at java.base/jdk.internal.reflect.DirectMethodHandleAccessor.invoke(DirectMethodHandleAccessor.java:103)
	at java.base/java.lang.reflect.Method.invoke(Method.java:580)
	at org.testng.internal.invokers.MethodInvocationHelper.invokeMethod(MethodInvocationHelper.java:141)
	at org.testng.internal.invokers.TestInvoker.invokeMethod(TestInvoker.java:686)
	at org.testng.internal.invokers.TestInvoker.invokeTestMethod(TestInvoker.java:230)
	at org.testng.internal.invokers.MethodRunner.runInSequence(MethodRunner.java:63)
	at org.testng.internal.invokers.TestInvoker$MethodInvocationAgent.invoke(TestInvoker.java:992)
	at org.testng.internal.invokers.TestInvoker.invokeTestMethods(TestInvoker.java:203)
	at org.testng.internal.invokers.TestMethodWorker.invokeTestMethods(TestMethodWorker.java:154)
	at org.testng.internal.invokers.TestMethodWorker.run(TestMethodWorker.java:134)
	at java.base/java.util.ArrayList.forEach(ArrayList.java:1597)
	at org.testng.TestRunner.privateRun(TestRunner.java:739)
	at org.testng.TestRunner.run(TestRunner.java:614)
	at org.testng.SuiteRunner.runTest(SuiteRunner.java:421)
	at org.testng.SuiteRunner.runSequentially(SuiteRunner.java:413)
	at org.testng.SuiteRunner.privateRun(SuiteRunner.java:373)
	at org.testng.SuiteRunner.run(SuiteRunner.java:312)
	at org.testng.SuiteRunnerWorker.runSuite(SuiteRunnerWorker.java:52)
	at org.testng.SuiteRunnerWorker.run(SuiteRunnerWorker.java:95)
	at org.testng.TestNG.runSuitesSequentially(TestNG.java:1274)
	at org.testng.TestNG.runSuitesLocally(TestNG.java:1208)
	at org.testng.TestNG.runSuites(TestNG.java:1112)
	at org.testng.TestNG.run(TestNG.java:1079)
	at com.intellij.rt.testng.IDEARemoteTestNG.run(IDEARemoteTestNG.java:65)
	at com.intellij.rt.testng.RemoteTestNGStarter.main(RemoteTestNGStarter.java:109)
2026-06-02 17:12:29.313 [main] INFO  testCases.greenLanes.GreenLanesTest.log - openSidebar - Sidebar is already opend, no need to click on sidebar/logo icon
2026-06-02 17:12:49.509 [main] INFO  org.testng.internal.Utils.info - [TestNG] Running:
  C:\Vaibhav\Automation\TDG_HybridFramework\testng-suites\NewTestCasesSuite.xml

2026-06-02 17:12:49.971 [main] INFO  testCases.greenLanes.GreenLanesTest.setup - >>======>>======>> Automation Engineer (SDET)- Vaibhav Chavan <<======<<======<<
2026-06-02 17:12:49.972 [main] INFO  testCases.greenLanes.GreenLanesTest.setup - --test execution started--
2026-06-02 17:12:55.356 [main] INFO  testCases.greenLanes.GreenLanesTest.log - setup - browser opened
2026-06-02 17:12:55.381 [main] INFO  testCases.greenLanes.GreenLanesTest.log - setup - cookies deleted
2026-06-02 17:12:55.499 [main] INFO  testCases.greenLanes.GreenLanesTest.log - setup - browser maximized
2026-06-02 17:12:55.549 [main] INFO  testCases.greenLanes.GreenLanesTest.log - setup - implicit wait applied for 10 seconds
2026-06-02 17:12:57.018 [main] INFO  testCases.greenLanes.GreenLanesTest.log - setup - provided app URL in browser
2026-06-02 17:13:03.728 [main] INFO  testCases.greenLanes.GreenLanesTest.log - setup - provided email
2026-06-02 17:13:04.049 [main] INFO  testCases.greenLanes.GreenLanesTest.log - setup - clicked on log in button
2026-06-02 17:13:06.231 [main] INFO  testCases.greenLanes.GreenLanesTest.log - openSidebar - Sidebar is already opend, no need to click on sidebar/logo icon
2026-06-02 17:13:06.583 [main] INFO  testCases.greenLanes.GreenLanesTest.log - verifyGreenLaneCreation - Clicked on Green Lanes menu item
2026-06-02 17:13:06.952 [main] INFO  testCases.greenLanes.GreenLanesTest.log - verifyGreenLaneCreation - Clicked on Create Green Lane button
2026-06-02 17:13:07.667 [main] INFO  testCases.greenLanes.GreenLanesTest.log - verifyGreenLaneCreation - Provided name for the new green lane
2026-06-02 17:13:08.260 [main] INFO  testCases.greenLanes.GreenLanesTest.log - verifyGreenLaneCreation - Provided date for the new green lane
2026-06-02 17:13:14.450 [main] INFO  testCases.greenLanes.GreenLanesTest.log - verifyGreenLaneCreation - Selected ownership for the new green lane
2026-06-02 17:13:17.329 [main] INFO  testCases.greenLanes.GreenLanesTest.log - verifyGreenLaneCreation - Selected service line for the new green lane
2026-06-02 17:13:20.115 [main] INFO  testCases.greenLanes.GreenLanesTest.log - verifyGreenLaneCreation - Selected super region for the new green lane
2026-06-02 17:13:22.815 [main] INFO  testCases.greenLanes.GreenLanesTest.log - verifyGreenLaneCreation - Provided description for the new green lane
2026-06-02 17:13:23.004 [main] INFO  testCases.greenLanes.GreenLanesTest.log - verifyGreenLaneCreation - Clicked on Save and Next button to create the green lane
2026-06-02 17:13:26.078 [main] INFO  testCases.greenLanes.GreenLanesTest.log - verifyGreenLaneCreation - Service code provided
2026-06-02 17:13:28.276 [main] INFO  testCases.greenLanes.GreenLanesTest.log - verifyGreenLaneCreation - Data type selected
2026-06-02 17:13:30.472 [main] INFO  testCases.greenLanes.GreenLanesTest.log - verifyGreenLaneCreation - Business purpose selected
2026-06-02 17:13:35.885 [main] INFO  testCases.greenLanes.GreenLanesTest.log - verifyGreenLaneCreation - Origin country selected
2026-06-02 17:13:35.988 [main] INFO  testCases.greenLanes.GreenLanesTest.log - verifyGreenLaneCreation - Clicked on Save and Next button to save Scope and Purpose details
2026-06-02 17:13:43.389 [main] INFO  testCases.greenLanes.GreenLanesTest.log - verifyGreenLaneCreation - Additional control chosen
2026-06-02 17:24:12.167 [main] ERROR testCases.greenLanes.GreenLanesTest.verifyGreenLaneCreation - Test failed due to exception: 
org.openqa.selenium.TimeoutException: Expected condition failed: waiting for visibility of element found by By.cssSelector: motif-button[type='button'][class='hydrated'][variant='primary']
(tried for 10 seconds with 500 milliseconds interval)
Build info: version: '4.44.0', revision: 'da2039b'
System info: os.name: 'Windows 11', os.arch: 'amd64', os.version: '10.0', java.version: '22.0.2'
Driver info: org.openqa.selenium.chrome.ChromeDriver
Capabilities {acceptInsecureCerts: false, browserName: chrome, browserVersion: 148.0.7778.217, chrome: {chromedriverVersion: 148.0.7778.178 (d096af1c9e9..., userDataDir: C:\Users\LZ172CV\AppData\Lo...}, fedcm:accounts: true, goog:chromeOptions: {debuggerAddress: localhost:61214}, goog:processID: 27656, networkConnectionEnabled: false, pageLoadStrategy: normal, platformName: windows, proxy: Proxy(), se:cdp: ws://localhost:61214/devtoo..., se:cdpVersion: 148.0.7778.217, setWindowRect: true, strictFileInteractability: false, timeouts: {implicit: 0, pageLoad: 300000, script: 30000}, unhandledPromptBehavior: dismiss and notify, webauthn:extension:credBlob: true, webauthn:extension:largeBlob: true, webauthn:extension:minPinLength: true, webauthn:extension:prf: true, webauthn:virtualAuthenticators: true}
Session ID: 04525c26c10a994975e78a527558ef0e
	at org.openqa.selenium.support.ui.WebDriverWait.timeoutException(WebDriverWait.java:85)
	at org.openqa.selenium.support.ui.FluentWait.until(FluentWait.java:234)
	at utilities.ShadowDomUtils.clickShadowElement1(ShadowDomUtils.java:34)
	at pageObjects.greenLanes.GreenLanesPage.clickSaveNext(GreenLanesPage.java:283)
	at testCases.greenLanes.GreenLanesTest.verifyGreenLaneCreation(GreenLanesTest.java:80)
	at java.base/jdk.internal.reflect.DirectMethodHandleAccessor.invoke(DirectMethodHandleAccessor.java:103)
	at java.base/java.lang.reflect.Method.invoke(Method.java:580)
	at org.testng.internal.invokers.MethodInvocationHelper.invokeMethod(MethodInvocationHelper.java:141)
	at org.testng.internal.invokers.TestInvoker.invokeMethod(TestInvoker.java:686)
	at org.testng.internal.invokers.TestInvoker.invokeTestMethod(TestInvoker.java:230)
	at org.testng.internal.invokers.MethodRunner.runInSequence(MethodRunner.java:63)
	at org.testng.internal.invokers.TestInvoker$MethodInvocationAgent.invoke(TestInvoker.java:992)
	at org.testng.internal.invokers.TestInvoker.invokeTestMethods(TestInvoker.java:203)
	at org.testng.internal.invokers.TestMethodWorker.invokeTestMethods(TestMethodWorker.java:154)
	at org.testng.internal.invokers.TestMethodWorker.run(TestMethodWorker.java:134)
	at java.base/java.util.ArrayList.forEach(ArrayList.java:1597)
	at org.testng.TestRunner.privateRun(TestRunner.java:739)
	at org.testng.TestRunner.run(TestRunner.java:614)
	at org.testng.SuiteRunner.runTest(SuiteRunner.java:421)
	at org.testng.SuiteRunner.runSequentially(SuiteRunner.java:413)
	at org.testng.SuiteRunner.privateRun(SuiteRunner.java:373)
	at org.testng.SuiteRunner.run(SuiteRunner.java:312)
	at org.testng.SuiteRunnerWorker.runSuite(SuiteRunnerWorker.java:52)
	at org.testng.SuiteRunnerWorker.run(SuiteRunnerWorker.java:95)
	at org.testng.TestNG.runSuitesSequentially(TestNG.java:1274)
	at org.testng.TestNG.runSuitesLocally(TestNG.java:1208)
	at org.testng.TestNG.runSuites(TestNG.java:1112)
	at org.testng.TestNG.run(TestNG.java:1079)
	at com.intellij.rt.testng.IDEARemoteTestNG.run(IDEARemoteTestNG.java:65)
	at com.intellij.rt.testng.RemoteTestNGStarter.main(RemoteTestNGStarter.java:109)
2026-06-02 17:24:12.280 [main] INFO  testCases.greenLanes.GreenLanesTest.log - openSidebar - Sidebar is already opend, no need to click on sidebar/logo icon
2026-06-02 17:25:11.280 [main] INFO  org.testng.internal.Utils.info - [TestNG] Running:
  C:\Vaibhav\Automation\TDG_HybridFramework\testng-suites\NewTestCasesSuite.xml

2026-06-02 17:25:11.836 [main] INFO  testCases.greenLanes.GreenLanesTest.setup - >>======>>======>> Automation Engineer (SDET)- Vaibhav Chavan <<======<<======<<
2026-06-02 17:25:11.836 [main] INFO  testCases.greenLanes.GreenLanesTest.setup - --test execution started--
2026-06-02 17:25:16.897 [main] INFO  testCases.greenLanes.GreenLanesTest.log - setup - browser opened
2026-06-02 17:25:17.037 [main] INFO  testCases.greenLanes.GreenLanesTest.log - setup - cookies deleted
2026-06-02 17:25:17.134 [main] INFO  testCases.greenLanes.GreenLanesTest.log - setup - browser maximized
2026-06-02 17:25:17.162 [main] INFO  testCases.greenLanes.GreenLanesTest.log - setup - implicit wait applied for 10 seconds
2026-06-02 17:25:22.034 [main] INFO  testCases.greenLanes.GreenLanesTest.log - setup - provided app URL in browser
2026-06-02 17:25:24.644 [main] INFO  testCases.greenLanes.GreenLanesTest.log - setup - provided email
2026-06-02 17:25:24.914 [main] INFO  testCases.greenLanes.GreenLanesTest.log - setup - clicked on log in button
2026-06-02 17:25:26.989 [main] INFO  testCases.greenLanes.GreenLanesTest.log - openSidebar - Sidebar is already opend, no need to click on sidebar/logo icon
2026-06-02 17:25:27.269 [main] INFO  testCases.greenLanes.GreenLanesTest.log - verifyGreenLaneCreation - Clicked on Green Lanes menu item
2026-06-02 17:25:27.706 [main] INFO  testCases.greenLanes.GreenLanesTest.log - verifyGreenLaneCreation - Clicked on Create Green Lane button
2026-06-02 17:25:29.045 [main] INFO  testCases.greenLanes.GreenLanesTest.log - verifyGreenLaneCreation - Provided name for the new green lane
2026-06-02 17:25:29.314 [main] INFO  testCases.greenLanes.GreenLanesTest.log - verifyGreenLaneCreation - Provided date for the new green lane
2026-06-02 17:25:35.412 [main] INFO  testCases.greenLanes.GreenLanesTest.log - verifyGreenLaneCreation - Selected ownership for the new green lane
2026-06-02 17:25:37.819 [main] INFO  testCases.greenLanes.GreenLanesTest.log - verifyGreenLaneCreation - Selected service line for the new green lane
2026-06-02 17:25:40.831 [main] INFO  testCases.greenLanes.GreenLanesTest.log - verifyGreenLaneCreation - Selected super region for the new green lane
2026-06-02 17:25:43.294 [main] INFO  testCases.greenLanes.GreenLanesTest.log - verifyGreenLaneCreation - Provided description for the new green lane
2026-06-02 17:25:43.412 [main] INFO  testCases.greenLanes.GreenLanesTest.log - verifyGreenLaneCreation - Clicked on Save and Next button to create the green lane
2026-06-02 17:25:46.061 [main] INFO  testCases.greenLanes.GreenLanesTest.log - verifyGreenLaneCreation - Service code provided
2026-06-02 17:25:48.242 [main] INFO  testCases.greenLanes.GreenLanesTest.log - verifyGreenLaneCreation - Data type selected
2026-06-02 17:25:50.451 [main] INFO  testCases.greenLanes.GreenLanesTest.log - verifyGreenLaneCreation - Business purpose selected
2026-06-02 17:25:55.723 [main] INFO  testCases.greenLanes.GreenLanesTest.log - verifyGreenLaneCreation - Origin country selected
2026-06-02 17:25:55.820 [main] INFO  testCases.greenLanes.GreenLanesTest.log - verifyGreenLaneCreation - Clicked on Save and Next button to save Scope and Purpose details
2026-06-02 17:26:03.470 [main] INFO  testCases.greenLanes.GreenLanesTest.log - verifyGreenLaneCreation - Additional control chosen
2026-06-02 17:26:45.370 [main] ERROR testCases.greenLanes.GreenLanesTest.verifyGreenLaneCreation - Test failed due to exception: 
org.openqa.selenium.ElementNotInteractableException: element not interactable
  (Session info: chrome=148.0.7778.217)
Build info: version: '4.44.0', revision: 'da2039b'
System info: os.name: 'Windows 11', os.arch: 'amd64', os.version: '10.0', java.version: '22.0.2'
Driver info: org.openqa.selenium.chrome.ChromeDriver
Command: [a513e53bcf8124c210a6e38e60be1fba, clickElement {id=f.0BC4AE4E575460FD91A81D3DAF927199.d.5DE49E7F396F17275550D9783D9EE008.e.563}]
Capabilities {acceptInsecureCerts: false, browserName: chrome, browserVersion: 148.0.7778.217, chrome: {chromedriverVersion: 148.0.7778.178 (d096af1c9e9..., userDataDir: C:\Users\LZ172CV\AppData\Lo...}, fedcm:accounts: true, goog:chromeOptions: {debuggerAddress: localhost:55776}, goog:processID: 13912, networkConnectionEnabled: false, pageLoadStrategy: normal, platformName: windows, proxy: Proxy(), se:cdp: ws://localhost:55776/devtoo..., se:cdpVersion: 148.0.7778.217, setWindowRect: true, strictFileInteractability: false, timeouts: {implicit: 0, pageLoad: 300000, script: 30000}, unhandledPromptBehavior: dismiss and notify, webauthn:extension:credBlob: true, webauthn:extension:largeBlob: true, webauthn:extension:minPinLength: true, webauthn:extension:prf: true, webauthn:virtualAuthenticators: true}
Element: [[org.openqa.selenium.remote.ShadowRoot@7c1f0a5a] -> css selector: .motif-button.motif-button--primary]
Session ID: a513e53bcf8124c210a6e38e60be1fba
	at org.openqa.selenium.remote.ErrorCodec.decode(ErrorCodec.java:169)
	at org.openqa.selenium.remote.codec.w3c.W3CHttpResponseCodec.decode(W3CHttpResponseCodec.java:143)
	at org.openqa.selenium.remote.codec.w3c.W3CHttpResponseCodec.decode(W3CHttpResponseCodec.java:50)
	at org.openqa.selenium.remote.HttpCommandExecutor.execute(HttpCommandExecutor.java:224)
	at org.openqa.selenium.remote.service.DriverCommandExecutor.invokeExecute(DriverCommandExecutor.java:217)
	at org.openqa.selenium.remote.service.DriverCommandExecutor.execute(DriverCommandExecutor.java:175)
	at org.openqa.selenium.remote.RemoteWebDriver.execute(RemoteWebDriver.java:600)
	at org.openqa.selenium.remote.RemoteWebElement.execute(RemoteWebElement.java:225)
	at org.openqa.selenium.remote.RemoteWebElement.click(RemoteWebElement.java:79)
	at pageObjects.greenLanes.GreenLanesPage.clickSaveNext(GreenLanesPage.java:294)
	at testCases.greenLanes.GreenLanesTest.verifyGreenLaneCreation(GreenLanesTest.java:80)
	at java.base/jdk.internal.reflect.DirectMethodHandleAccessor.invoke(DirectMethodHandleAccessor.java:103)
	at java.base/java.lang.reflect.Method.invoke(Method.java:580)
	at org.testng.internal.invokers.MethodInvocationHelper.invokeMethod(MethodInvocationHelper.java:141)
	at org.testng.internal.invokers.TestInvoker.invokeMethod(TestInvoker.java:686)
	at org.testng.internal.invokers.TestInvoker.invokeTestMethod(TestInvoker.java:230)
	at org.testng.internal.invokers.MethodRunner.runInSequence(MethodRunner.java:63)
	at org.testng.internal.invokers.TestInvoker$MethodInvocationAgent.invoke(TestInvoker.java:992)
	at org.testng.internal.invokers.TestInvoker.invokeTestMethods(TestInvoker.java:203)
	at org.testng.internal.invokers.TestMethodWorker.invokeTestMethods(TestMethodWorker.java:154)
	at org.testng.internal.invokers.TestMethodWorker.run(TestMethodWorker.java:134)
	at java.base/java.util.ArrayList.forEach(ArrayList.java:1597)
	at org.testng.TestRunner.privateRun(TestRunner.java:739)
	at org.testng.TestRunner.run(TestRunner.java:614)
	at org.testng.SuiteRunner.runTest(SuiteRunner.java:421)
	at org.testng.SuiteRunner.runSequentially(SuiteRunner.java:413)
	at org.testng.SuiteRunner.privateRun(SuiteRunner.java:373)
	at org.testng.SuiteRunner.run(SuiteRunner.java:312)
	at org.testng.SuiteRunnerWorker.runSuite(SuiteRunnerWorker.java:52)
	at org.testng.SuiteRunnerWorker.run(SuiteRunnerWorker.java:95)
	at org.testng.TestNG.runSuitesSequentially(TestNG.java:1274)
	at org.testng.TestNG.runSuitesLocally(TestNG.java:1208)
	at org.testng.TestNG.runSuites(TestNG.java:1112)
	at org.testng.TestNG.run(TestNG.java:1079)
	at com.intellij.rt.testng.IDEARemoteTestNG.run(IDEARemoteTestNG.java:65)
	at com.intellij.rt.testng.RemoteTestNGStarter.main(RemoteTestNGStarter.java:109)
2026-06-02 17:36:17.001 [main] INFO  org.testng.internal.Utils.info - [TestNG] Running:
  C:\Vaibhav\Automation\TDG_HybridFramework\testng-suites\NewTestCasesSuite.xml

2026-06-02 17:36:17.520 [main] INFO  testCases.greenLanes.GreenLanesTest.setup - >>======>>======>> Automation Engineer (SDET)- Vaibhav Chavan <<======<<======<<
2026-06-02 17:36:17.521 [main] INFO  testCases.greenLanes.GreenLanesTest.setup - --test execution started--
2026-06-02 17:36:22.804 [main] INFO  testCases.greenLanes.GreenLanesTest.log - setup - browser opened
2026-06-02 17:36:22.844 [main] INFO  testCases.greenLanes.GreenLanesTest.log - setup - cookies deleted
2026-06-02 17:36:22.907 [main] INFO  testCases.greenLanes.GreenLanesTest.log - setup - browser maximized
2026-06-02 17:36:22.918 [main] INFO  testCases.greenLanes.GreenLanesTest.log - setup - implicit wait applied for 10 seconds
2026-06-02 17:36:24.284 [main] INFO  testCases.greenLanes.GreenLanesTest.log - setup - provided app URL in browser
2026-06-02 17:36:30.444 [main] INFO  testCases.greenLanes.GreenLanesTest.log - setup - provided email
2026-06-02 17:36:30.812 [main] INFO  testCases.greenLanes.GreenLanesTest.log - setup - clicked on log in button
2026-06-02 17:36:32.883 [main] INFO  testCases.greenLanes.GreenLanesTest.log - openSidebar - Sidebar is already opend, no need to click on sidebar/logo icon
2026-06-02 17:36:33.170 [main] INFO  testCases.greenLanes.GreenLanesTest.log - verifyGreenLaneCreation - Clicked on Green Lanes menu item
2026-06-02 17:36:33.555 [main] INFO  testCases.greenLanes.GreenLanesTest.log - verifyGreenLaneCreation - Clicked on Create Green Lane button
2026-06-02 17:36:34.772 [main] INFO  testCases.greenLanes.GreenLanesTest.log - verifyGreenLaneCreation - Provided name for the new green lane
2026-06-02 17:36:35.024 [main] INFO  testCases.greenLanes.GreenLanesTest.log - verifyGreenLaneCreation - Provided date for the new green lane
2026-06-02 17:36:40.946 [main] INFO  testCases.greenLanes.GreenLanesTest.log - verifyGreenLaneCreation - Selected ownership for the new green lane
2026-06-02 17:36:43.471 [main] INFO  testCases.greenLanes.GreenLanesTest.log - verifyGreenLaneCreation - Selected service line for the new green lane
2026-06-02 17:36:46.277 [main] INFO  testCases.greenLanes.GreenLanesTest.log - verifyGreenLaneCreation - Selected super region for the new green lane
2026-06-02 17:36:48.670 [main] INFO  testCases.greenLanes.GreenLanesTest.log - verifyGreenLaneCreation - Provided description for the new green lane
2026-06-02 17:36:48.802 [main] INFO  testCases.greenLanes.GreenLanesTest.log - verifyGreenLaneCreation - Clicked on Save and Next button to create the green lane
2026-06-02 17:36:51.725 [main] INFO  testCases.greenLanes.GreenLanesTest.log - verifyGreenLaneCreation - Service code provided
2026-06-02 17:36:53.960 [main] INFO  testCases.greenLanes.GreenLanesTest.log - verifyGreenLaneCreation - Data type selected
2026-06-02 17:36:56.113 [main] INFO  testCases.greenLanes.GreenLanesTest.log - verifyGreenLaneCreation - Business purpose selected
2026-06-02 17:37:01.356 [main] INFO  testCases.greenLanes.GreenLanesTest.log - verifyGreenLaneCreation - Origin country selected
2026-06-02 17:37:01.435 [main] INFO  testCases.greenLanes.GreenLanesTest.log - verifyGreenLaneCreation - Clicked on Save and Next button to save Scope and Purpose details
2026-06-02 17:37:07.976 [main] INFO  testCases.greenLanes.GreenLanesTest.log - verifyGreenLaneCreation - Additional control chosen
2026-06-02 17:52:02.446 [main] ERROR testCases.greenLanes.GreenLanesTest.verifyGreenLaneCreation - Test failed due to exception: 
org.openqa.selenium.ElementNotInteractableException: element not interactable
  (Session info: chrome=148.0.7778.217)
Build info: version: '4.44.0', revision: 'da2039b'
System info: os.name: 'Windows 11', os.arch: 'amd64', os.version: '10.0', java.version: '22.0.2'
Driver info: org.openqa.selenium.chrome.ChromeDriver
Command: [1e54c1e4444a2c8ccff5b3caa09eb43e, clickElement {id=f.3F4CAC52F386EB4C4AD2EE4C23816B20.d.F33E959B36CCBAC45FE2D5D6673705D7.e.574}]
Capabilities {acceptInsecureCerts: false, browserName: chrome, browserVersion: 148.0.7778.217, chrome: {chromedriverVersion: 148.0.7778.178 (d096af1c9e9..., userDataDir: C:\Users\LZ172CV\AppData\Lo...}, fedcm:accounts: true, goog:chromeOptions: {debuggerAddress: localhost:56261}, goog:processID: 21968, networkConnectionEnabled: false, pageLoadStrategy: normal, platformName: windows, proxy: Proxy(), se:cdp: ws://localhost:56261/devtoo..., se:cdpVersion: 148.0.7778.217, setWindowRect: true, strictFileInteractability: false, timeouts: {implicit: 0, pageLoad: 300000, script: 30000}, unhandledPromptBehavior: dismiss and notify, webauthn:extension:credBlob: true, webauthn:extension:largeBlob: true, webauthn:extension:minPinLength: true, webauthn:extension:prf: true, webauthn:virtualAuthenticators: true}
Element: [[org.openqa.selenium.remote.ShadowRoot@de13b40d] -> css selector: .motif-button.motif-button--sm.motif-button--primary.motif-button--default]
Session ID: 1e54c1e4444a2c8ccff5b3caa09eb43e
	at org.openqa.selenium.remote.ErrorCodec.decode(ErrorCodec.java:169)
	at org.openqa.selenium.remote.codec.w3c.W3CHttpResponseCodec.decode(W3CHttpResponseCodec.java:143)
	at org.openqa.selenium.remote.codec.w3c.W3CHttpResponseCodec.decode(W3CHttpResponseCodec.java:50)
	at org.openqa.selenium.remote.HttpCommandExecutor.execute(HttpCommandExecutor.java:224)
	at org.openqa.selenium.remote.service.DriverCommandExecutor.invokeExecute(DriverCommandExecutor.java:217)
	at org.openqa.selenium.remote.service.DriverCommandExecutor.execute(DriverCommandExecutor.java:175)
	at org.openqa.selenium.remote.RemoteWebDriver.execute(RemoteWebDriver.java:600)
	at org.openqa.selenium.remote.RemoteWebElement.execute(RemoteWebElement.java:225)
	at org.openqa.selenium.remote.RemoteWebElement.click(RemoteWebElement.java:79)
	at pageObjects.greenLanes.GreenLanesPage.clickSaveNext(GreenLanesPage.java:301)
	at testCases.greenLanes.GreenLanesTest.verifyGreenLaneCreation(GreenLanesTest.java:80)
	at java.base/jdk.internal.reflect.DirectMethodHandleAccessor.invoke(DirectMethodHandleAccessor.java:103)
	at java.base/java.lang.reflect.Method.invoke(Method.java:580)
	at org.testng.internal.invokers.MethodInvocationHelper.invokeMethod(MethodInvocationHelper.java:141)
	at org.testng.internal.invokers.TestInvoker.invokeMethod(TestInvoker.java:686)
	at org.testng.internal.invokers.TestInvoker.invokeTestMethod(TestInvoker.java:230)
	at org.testng.internal.invokers.MethodRunner.runInSequence(MethodRunner.java:63)
	at org.testng.internal.invokers.TestInvoker$MethodInvocationAgent.invoke(TestInvoker.java:992)
	at org.testng.internal.invokers.TestInvoker.invokeTestMethods(TestInvoker.java:203)
	at org.testng.internal.invokers.TestMethodWorker.invokeTestMethods(TestMethodWorker.java:154)
	at org.testng.internal.invokers.TestMethodWorker.run(TestMethodWorker.java:134)
	at java.base/java.util.ArrayList.forEach(ArrayList.java:1597)
	at org.testng.TestRunner.privateRun(TestRunner.java:739)
	at org.testng.TestRunner.run(TestRunner.java:614)
	at org.testng.SuiteRunner.runTest(SuiteRunner.java:421)
	at org.testng.SuiteRunner.runSequentially(SuiteRunner.java:413)
	at org.testng.SuiteRunner.privateRun(SuiteRunner.java:373)
	at org.testng.SuiteRunner.run(SuiteRunner.java:312)
	at org.testng.SuiteRunnerWorker.runSuite(SuiteRunnerWorker.java:52)
	at org.testng.SuiteRunnerWorker.run(SuiteRunnerWorker.java:95)
	at org.testng.TestNG.runSuitesSequentially(TestNG.java:1274)
	at org.testng.TestNG.runSuitesLocally(TestNG.java:1208)
	at org.testng.TestNG.runSuites(TestNG.java:1112)
	at org.testng.TestNG.run(TestNG.java:1079)
	at com.intellij.rt.testng.IDEARemoteTestNG.run(IDEARemoteTestNG.java:65)
	at com.intellij.rt.testng.RemoteTestNGStarter.main(RemoteTestNGStarter.java:109)
2026-06-02 17:52:16.149 [main] INFO  org.testng.internal.Utils.info - [TestNG] Running:
  C:\Vaibhav\Automation\TDG_HybridFramework\testng-suites\NewTestCasesSuite.xml

2026-06-02 17:52:16.597 [main] INFO  testCases.greenLanes.GreenLanesTest.setup - >>======>>======>> Automation Engineer (SDET)- Vaibhav Chavan <<======<<======<<
2026-06-02 17:52:16.597 [main] INFO  testCases.greenLanes.GreenLanesTest.setup - --test execution started--
2026-06-02 17:52:20.989 [main] INFO  testCases.greenLanes.GreenLanesTest.log - setup - browser opened
2026-06-02 17:52:21.607 [main] INFO  testCases.greenLanes.GreenLanesTest.log - setup - cookies deleted
2026-06-02 17:52:21.696 [main] INFO  testCases.greenLanes.GreenLanesTest.log - setup - browser maximized
2026-06-02 17:52:21.719 [main] INFO  testCases.greenLanes.GreenLanesTest.log - setup - implicit wait applied for 10 seconds
2026-06-02 17:52:26.446 [main] INFO  testCases.greenLanes.GreenLanesTest.log - setup - provided app URL in browser
2026-06-02 17:52:28.936 [main] INFO  testCases.greenLanes.GreenLanesTest.log - setup - provided email
2026-06-02 17:52:29.148 [main] INFO  testCases.greenLanes.GreenLanesTest.log - setup - clicked on log in button
2026-06-02 17:52:31.217 [main] INFO  testCases.greenLanes.GreenLanesTest.log - openSidebar - Sidebar is already opend, no need to click on sidebar/logo icon
2026-06-02 17:52:31.485 [main] INFO  testCases.greenLanes.GreenLanesTest.log - verifyGreenLaneCreation - Clicked on Green Lanes menu item
2026-06-02 17:52:31.844 [main] INFO  testCases.greenLanes.GreenLanesTest.log - verifyGreenLaneCreation - Clicked on Create Green Lane button
2026-06-02 17:52:32.483 [main] INFO  testCases.greenLanes.GreenLanesTest.log - verifyGreenLaneCreation - Provided name for the new green lane
2026-06-02 17:52:32.988 [main] INFO  testCases.greenLanes.GreenLanesTest.log - verifyGreenLaneCreation - Provided date for the new green lane
2026-06-02 17:52:38.854 [main] INFO  testCases.greenLanes.GreenLanesTest.log - verifyGreenLaneCreation - Selected ownership for the new green lane
2026-06-02 17:52:42.931 [main] INFO  testCases.greenLanes.GreenLanesTest.log - verifyGreenLaneCreation - Selected service line for the new green lane
2026-06-02 17:52:45.389 [main] INFO  testCases.greenLanes.GreenLanesTest.log - verifyGreenLaneCreation - Selected super region for the new green lane
2026-06-02 17:52:47.669 [main] INFO  testCases.greenLanes.GreenLanesTest.log - verifyGreenLaneCreation - Provided description for the new green lane
2026-06-02 17:52:47.835 [main] INFO  testCases.greenLanes.GreenLanesTest.log - verifyGreenLaneCreation - Clicked on Save and Next button to create the green lane
2026-06-02 17:52:50.737 [main] INFO  testCases.greenLanes.GreenLanesTest.log - verifyGreenLaneCreation - Service code provided
2026-06-02 17:52:52.973 [main] INFO  testCases.greenLanes.GreenLanesTest.log - verifyGreenLaneCreation - Data type selected
2026-06-02 17:52:55.191 [main] INFO  testCases.greenLanes.GreenLanesTest.log - verifyGreenLaneCreation - Business purpose selected
2026-06-02 17:53:00.410 [main] INFO  testCases.greenLanes.GreenLanesTest.log - verifyGreenLaneCreation - Origin country selected
2026-06-02 17:53:00.512 [main] INFO  testCases.greenLanes.GreenLanesTest.log - verifyGreenLaneCreation - Clicked on Save and Next button to save Scope and Purpose details
2026-06-02 17:53:15.341 [main] INFO  testCases.greenLanes.GreenLanesTest.log - verifyGreenLaneCreation - Additional control chosen
2026-06-02 17:53:15.343 [main] INFO  testCases.greenLanes.GreenLanesTest.log - verifyGreenLaneCreation - Clicked on Save and Next button to save Control Categories and Controls details
2026-06-02 17:53:49.109 [main] INFO  org.testng.internal.Utils.info - [TestNG] Running:
  C:\Vaibhav\Automation\TDG_HybridFramework\testng-suites\NewTestCasesSuite.xml

2026-06-02 17:53:50.073 [main] INFO  testCases.greenLanes.GreenLanesTest.setup - >>======>>======>> Automation Engineer (SDET)- Vaibhav Chavan <<======<<======<<
2026-06-02 17:53:50.074 [main] INFO  testCases.greenLanes.GreenLanesTest.setup - --test execution started--
2026-06-02 17:53:55.606 [main] INFO  testCases.greenLanes.GreenLanesTest.log - setup - browser opened
2026-06-02 17:53:55.649 [main] INFO  testCases.greenLanes.GreenLanesTest.log - setup - cookies deleted
2026-06-02 17:53:55.707 [main] INFO  testCases.greenLanes.GreenLanesTest.log - setup - browser maximized
2026-06-02 17:53:55.717 [main] INFO  testCases.greenLanes.GreenLanesTest.log - setup - implicit wait applied for 10 seconds
2026-06-02 17:53:57.325 [main] INFO  testCases.greenLanes.GreenLanesTest.log - setup - provided app URL in browser
2026-06-02 17:54:02.916 [main] INFO  testCases.greenLanes.GreenLanesTest.log - setup - provided email
2026-06-02 17:54:03.096 [main] INFO  testCases.greenLanes.GreenLanesTest.log - setup - clicked on log in button
2026-06-02 17:54:05.299 [main] INFO  testCases.greenLanes.GreenLanesTest.log - openSidebar - Sidebar is already opend, no need to click on sidebar/logo icon
2026-06-02 17:54:05.670 [main] INFO  testCases.greenLanes.GreenLanesTest.log - verifyGreenLaneCreation - Clicked on Green Lanes menu item
2026-06-02 17:54:06.080 [main] INFO  testCases.greenLanes.GreenLanesTest.log - verifyGreenLaneCreation - Clicked on Create Green Lane button
2026-06-02 17:54:07.051 [main] INFO  testCases.greenLanes.GreenLanesTest.log - verifyGreenLaneCreation - Provided name for the new green lane
2026-06-02 17:54:07.229 [main] INFO  testCases.greenLanes.GreenLanesTest.log - verifyGreenLaneCreation - Provided date for the new green lane
2026-06-02 17:54:12.869 [main] INFO  testCases.greenLanes.GreenLanesTest.log - verifyGreenLaneCreation - Selected ownership for the new green lane
2026-06-02 17:54:15.605 [main] INFO  testCases.greenLanes.GreenLanesTest.log - verifyGreenLaneCreation - Selected service line for the new green lane
2026-06-02 17:54:18.213 [main] INFO  testCases.greenLanes.GreenLanesTest.log - verifyGreenLaneCreation - Selected super region for the new green lane
2026-06-02 17:54:21.342 [main] INFO  testCases.greenLanes.GreenLanesTest.log - verifyGreenLaneCreation - Provided description for the new green lane
2026-06-02 17:54:21.552 [main] INFO  testCases.greenLanes.GreenLanesTest.log - verifyGreenLaneCreation - Clicked on Save and Next button to create the green lane
2026-06-02 17:54:24.543 [main] INFO  testCases.greenLanes.GreenLanesTest.log - verifyGreenLaneCreation - Service code provided
2026-06-02 17:54:26.781 [main] INFO  testCases.greenLanes.GreenLanesTest.log - verifyGreenLaneCreation - Data type selected
2026-06-02 17:54:29.044 [main] INFO  testCases.greenLanes.GreenLanesTest.log - verifyGreenLaneCreation - Business purpose selected
2026-06-02 17:54:34.339 [main] INFO  testCases.greenLanes.GreenLanesTest.log - verifyGreenLaneCreation - Origin country selected
2026-06-02 17:54:34.447 [main] INFO  testCases.greenLanes.GreenLanesTest.log - verifyGreenLaneCreation - Clicked on Save and Next button to save Scope and Purpose details
2026-06-02 17:54:46.951 [main] INFO  testCases.greenLanes.GreenLanesTest.log - verifyGreenLaneCreation - Additional control chosen
2026-06-02 17:55:33.493 [main] INFO  testCases.greenLanes.GreenLanesTest.log - verifyGreenLaneCreation - Clicked on Save and Next button to save Control Categories and Controls details
2026-06-02 17:56:07.779 [main] INFO  org.testng.internal.Utils.info - [TestNG] Running:
  C:\Vaibhav\Automation\TDG_HybridFramework\testng-suites\NewTestCasesSuite.xml

2026-06-02 17:56:08.434 [main] INFO  testCases.greenLanes.GreenLanesTest.setup - >>======>>======>> Automation Engineer (SDET)- Vaibhav Chavan <<======<<======<<
2026-06-02 17:56:08.435 [main] INFO  testCases.greenLanes.GreenLanesTest.setup - --test execution started--
2026-06-02 17:56:14.337 [main] INFO  testCases.greenLanes.GreenLanesTest.log - setup - browser opened
2026-06-02 17:56:14.366 [main] INFO  testCases.greenLanes.GreenLanesTest.log - setup - cookies deleted
2026-06-02 17:56:14.429 [main] INFO  testCases.greenLanes.GreenLanesTest.log - setup - browser maximized
2026-06-02 17:56:14.449 [main] INFO  testCases.greenLanes.GreenLanesTest.log - setup - implicit wait applied for 10 seconds
2026-06-02 17:56:16.839 [main] INFO  testCases.greenLanes.GreenLanesTest.log - setup - provided app URL in browser
2026-06-02 17:56:23.047 [main] INFO  testCases.greenLanes.GreenLanesTest.log - setup - provided email
2026-06-02 17:56:23.353 [main] INFO  testCases.greenLanes.GreenLanesTest.log - setup - clicked on log in button
2026-06-02 17:56:25.728 [main] INFO  testCases.greenLanes.GreenLanesTest.log - openSidebar - Sidebar is already opend, no need to click on sidebar/logo icon
2026-06-02 17:56:26.383 [main] INFO  testCases.greenLanes.GreenLanesTest.log - verifyGreenLaneCreation - Clicked on Green Lanes menu item
2026-06-02 17:56:26.948 [main] INFO  testCases.greenLanes.GreenLanesTest.log - verifyGreenLaneCreation - Clicked on Create Green Lane button
2026-06-02 17:56:28.921 [main] INFO  testCases.greenLanes.GreenLanesTest.log - verifyGreenLaneCreation - Provided name for the new green lane
2026-06-02 17:56:29.176 [main] INFO  testCases.greenLanes.GreenLanesTest.log - verifyGreenLaneCreation - Provided date for the new green lane
2026-06-02 17:56:35.696 [main] INFO  testCases.greenLanes.GreenLanesTest.log - verifyGreenLaneCreation - Selected ownership for the new green lane
2026-06-02 17:56:38.541 [main] INFO  testCases.greenLanes.GreenLanesTest.log - verifyGreenLaneCreation - Selected service line for the new green lane
2026-06-02 17:56:40.833 [main] INFO  testCases.greenLanes.GreenLanesTest.log - verifyGreenLaneCreation - Selected super region for the new green lane
2026-06-02 17:56:43.636 [main] INFO  testCases.greenLanes.GreenLanesTest.log - verifyGreenLaneCreation - Provided description for the new green lane
2026-06-02 17:56:43.961 [main] INFO  testCases.greenLanes.GreenLanesTest.log - verifyGreenLaneCreation - Clicked on Save and Next button to create the green lane
2026-06-02 17:56:47.157 [main] INFO  testCases.greenLanes.GreenLanesTest.log - verifyGreenLaneCreation - Service code provided
2026-06-02 17:56:49.353 [main] INFO  testCases.greenLanes.GreenLanesTest.log - verifyGreenLaneCreation - Data type selected
2026-06-02 17:56:51.548 [main] INFO  testCases.greenLanes.GreenLanesTest.log - verifyGreenLaneCreation - Business purpose selected
2026-06-02 17:56:56.841 [main] INFO  testCases.greenLanes.GreenLanesTest.log - verifyGreenLaneCreation - Origin country selected
2026-06-02 17:56:56.946 [main] INFO  testCases.greenLanes.GreenLanesTest.log - verifyGreenLaneCreation - Clicked on Save and Next button to save Scope and Purpose details
2026-06-02 17:57:06.232 [main] INFO  testCases.greenLanes.GreenLanesTest.log - verifyGreenLaneCreation - Additional control chosen
2026-06-02 17:58:56.767 [main] ERROR testCases.greenLanes.GreenLanesTest.verifyGreenLaneCreation - Test failed due to exception: 
org.openqa.selenium.JavascriptException: javascript error: arguments[0].scrollIntoView is not a function
  (Session info: chrome=148.0.7778.217)
Build info: version: '4.44.0', revision: 'da2039b'
System info: os.name: 'Windows 11', os.arch: 'amd64', os.version: '10.0', java.version: '22.0.2'
Driver info: org.openqa.selenium.chrome.ChromeDriver
Command: [706efb5bb23d03822fb39973e1fae1b2, executeScript {script=arguments[0].scrollIntoView();, args=[true]}]
Capabilities {acceptInsecureCerts: false, browserName: chrome, browserVersion: 148.0.7778.217, chrome: {chromedriverVersion: 148.0.7778.178 (d096af1c9e9..., userDataDir: C:\Users\LZ172CV\AppData\Lo...}, fedcm:accounts: true, goog:chromeOptions: {debuggerAddress: localhost:62659}, goog:processID: 29640, networkConnectionEnabled: false, pageLoadStrategy: normal, platformName: windows, proxy: Proxy(), se:cdp: ws://localhost:62659/devtoo..., se:cdpVersion: 148.0.7778.217, setWindowRect: true, strictFileInteractability: false, timeouts: {implicit: 0, pageLoad: 300000, script: 30000}, unhandledPromptBehavior: dismiss and notify, webauthn:extension:credBlob: true, webauthn:extension:largeBlob: true, webauthn:extension:minPinLength: true, webauthn:extension:prf: true, webauthn:virtualAuthenticators: true}
Session ID: 706efb5bb23d03822fb39973e1fae1b2
	at org.openqa.selenium.remote.ErrorCodec.decode(ErrorCodec.java:169)
	at org.openqa.selenium.remote.codec.w3c.W3CHttpResponseCodec.decode(W3CHttpResponseCodec.java:143)
	at org.openqa.selenium.remote.codec.w3c.W3CHttpResponseCodec.decode(W3CHttpResponseCodec.java:50)
	at org.openqa.selenium.remote.HttpCommandExecutor.execute(HttpCommandExecutor.java:224)
	at org.openqa.selenium.remote.service.DriverCommandExecutor.invokeExecute(DriverCommandExecutor.java:217)
	at org.openqa.selenium.remote.service.DriverCommandExecutor.execute(DriverCommandExecutor.java:175)
	at org.openqa.selenium.remote.RemoteWebDriver.execute(RemoteWebDriver.java:600)
	at org.openqa.selenium.remote.RemoteWebDriver.executeScript(RemoteWebDriver.java:529)
	at utilities.ShadowDomUtils.clickShadowElement2(ShadowDomUtils.java:73)
	at pageObjects.greenLanes.GreenLanesPage.clickSaveNext(GreenLanesPage.java:283)
	at testCases.greenLanes.GreenLanesTest.verifyGreenLaneCreation(GreenLanesTest.java:80)
	at java.base/jdk.internal.reflect.DirectMethodHandleAccessor.invoke(DirectMethodHandleAccessor.java:103)
	at java.base/java.lang.reflect.Method.invoke(Method.java:580)
	at org.testng.internal.invokers.MethodInvocationHelper.invokeMethod(MethodInvocationHelper.java:141)
	at org.testng.internal.invokers.TestInvoker.invokeMethod(TestInvoker.java:686)
	at org.testng.internal.invokers.TestInvoker.invokeTestMethod(TestInvoker.java:230)
	at org.testng.internal.invokers.MethodRunner.runInSequence(MethodRunner.java:63)
	at org.testng.internal.invokers.TestInvoker$MethodInvocationAgent.invoke(TestInvoker.java:992)
	at org.testng.internal.invokers.TestInvoker.invokeTestMethods(TestInvoker.java:203)
	at org.testng.internal.invokers.TestMethodWorker.invokeTestMethods(TestMethodWorker.java:154)
	at org.testng.internal.invokers.TestMethodWorker.run(TestMethodWorker.java:134)
	at java.base/java.util.ArrayList.forEach(ArrayList.java:1597)
	at org.testng.TestRunner.privateRun(TestRunner.java:739)
	at org.testng.TestRunner.run(TestRunner.java:614)
	at org.testng.SuiteRunner.runTest(SuiteRunner.java:421)
	at org.testng.SuiteRunner.runSequentially(SuiteRunner.java:413)
	at org.testng.SuiteRunner.privateRun(SuiteRunner.java:373)
	at org.testng.SuiteRunner.run(SuiteRunner.java:312)
	at org.testng.SuiteRunnerWorker.runSuite(SuiteRunnerWorker.java:52)
	at org.testng.SuiteRunnerWorker.run(SuiteRunnerWorker.java:95)
	at org.testng.TestNG.runSuitesSequentially(TestNG.java:1274)
	at org.testng.TestNG.runSuitesLocally(TestNG.java:1208)
	at org.testng.TestNG.runSuites(TestNG.java:1112)
	at org.testng.TestNG.run(TestNG.java:1079)
	at com.intellij.rt.testng.IDEARemoteTestNG.run(IDEARemoteTestNG.java:65)
	at com.intellij.rt.testng.RemoteTestNGStarter.main(RemoteTestNGStarter.java:109)
2026-06-02 17:58:56.865 [main] INFO  testCases.greenLanes.GreenLanesTest.log - openSidebar - Sidebar is already opend, no need to click on sidebar/logo icon
2026-06-02 17:58:56.965 [main] INFO  testCases.greenLanes.GreenLanesTest.log - verifyGreenLaneCreation - Clicked on Green Lanes menu item
2026-06-02 17:58:57.008 [main] INFO  testCases.greenLanes.GreenLanesTest.log - verifyGreenLaneCreation - Clicked on Create Green Lane button
2026-06-02 17:59:38.015 [main] INFO  org.testng.internal.Utils.info - [TestNG] Running:
  C:\Vaibhav\Automation\TDG_HybridFramework\testng-suites\NewTestCasesSuite.xml

2026-06-02 17:59:38.477 [main] INFO  testCases.greenLanes.GreenLanesTest.setup - >>======>>======>> Automation Engineer (SDET)- Vaibhav Chavan <<======<<======<<
2026-06-02 17:59:38.478 [main] INFO  testCases.greenLanes.GreenLanesTest.setup - --test execution started--
2026-06-02 17:59:44.514 [main] INFO  testCases.greenLanes.GreenLanesTest.log - setup - browser opened
2026-06-02 17:59:45.826 [main] INFO  testCases.greenLanes.GreenLanesTest.log - setup - cookies deleted
2026-06-02 17:59:45.896 [main] INFO  testCases.greenLanes.GreenLanesTest.log - setup - browser maximized
2026-06-02 17:59:45.958 [main] INFO  testCases.greenLanes.GreenLanesTest.log - setup - implicit wait applied for 10 seconds
2026-06-02 17:59:51.881 [main] INFO  testCases.greenLanes.GreenLanesTest.log - setup - provided app URL in browser
2026-06-02 17:59:54.466 [main] INFO  testCases.greenLanes.GreenLanesTest.log - setup - provided email
2026-06-02 17:59:54.652 [main] INFO  testCases.greenLanes.GreenLanesTest.log - setup - clicked on log in button
2026-06-02 17:59:56.858 [main] INFO  testCases.greenLanes.GreenLanesTest.log - openSidebar - Sidebar is already opend, no need to click on sidebar/logo icon
2026-06-02 17:59:57.424 [main] INFO  testCases.greenLanes.GreenLanesTest.log - verifyGreenLaneCreation - Clicked on Green Lanes menu item
2026-06-02 17:59:57.940 [main] INFO  testCases.greenLanes.GreenLanesTest.log - verifyGreenLaneCreation - Clicked on Create Green Lane button
2026-06-02 17:59:59.636 [main] INFO  testCases.greenLanes.GreenLanesTest.log - verifyGreenLaneCreation - Provided name for the new green lane
2026-06-02 17:59:59.869 [main] INFO  testCases.greenLanes.GreenLanesTest.log - verifyGreenLaneCreation - Provided date for the new green lane
2026-06-02 18:00:06.740 [main] INFO  testCases.greenLanes.GreenLanesTest.log - verifyGreenLaneCreation - Selected ownership for the new green lane
2026-06-02 18:00:10.321 [main] INFO  testCases.greenLanes.GreenLanesTest.log - verifyGreenLaneCreation - Selected service line for the new green lane
2026-06-02 18:00:12.982 [main] INFO  testCases.greenLanes.GreenLanesTest.log - verifyGreenLaneCreation - Selected super region for the new green lane
2026-06-02 18:00:15.354 [main] INFO  testCases.greenLanes.GreenLanesTest.log - verifyGreenLaneCreation - Provided description for the new green lane
2026-06-02 18:00:15.537 [main] INFO  testCases.greenLanes.GreenLanesTest.log - verifyGreenLaneCreation - Clicked on Save and Next button to create the green lane
2026-06-02 18:00:18.457 [main] INFO  testCases.greenLanes.GreenLanesTest.log - verifyGreenLaneCreation - Service code provided
2026-06-02 18:00:20.606 [main] INFO  testCases.greenLanes.GreenLanesTest.log - verifyGreenLaneCreation - Data type selected
2026-06-02 18:00:22.817 [main] INFO  testCases.greenLanes.GreenLanesTest.log - verifyGreenLaneCreation - Business purpose selected
2026-06-02 18:00:28.059 [main] INFO  testCases.greenLanes.GreenLanesTest.log - verifyGreenLaneCreation - Origin country selected
2026-06-02 18:00:28.139 [main] INFO  testCases.greenLanes.GreenLanesTest.log - verifyGreenLaneCreation - Clicked on Save and Next button to save Scope and Purpose details
2026-06-02 18:00:33.692 [main] INFO  testCases.greenLanes.GreenLanesTest.log - verifyGreenLaneCreation - Additional control chosen
2026-06-02 18:01:03.756 [main] ERROR testCases.greenLanes.GreenLanesTest.verifyGreenLaneCreation - Test failed due to exception: 
org.openqa.selenium.TimeoutException: Expected condition failed: waiting for visibility of element found by By.cssSelector: motif-button[type='button'][class='hydrated'][variant='primary']
(tried for 10 seconds with 500 milliseconds interval)
Build info: version: '4.44.0', revision: 'da2039b'
System info: os.name: 'Windows 11', os.arch: 'amd64', os.version: '10.0', java.version: '22.0.2'
Driver info: org.openqa.selenium.chrome.ChromeDriver
Capabilities {acceptInsecureCerts: false, browserName: chrome, browserVersion: 148.0.7778.217, chrome: {chromedriverVersion: 148.0.7778.178 (d096af1c9e9..., userDataDir: C:\Users\LZ172CV\AppData\Lo...}, fedcm:accounts: true, goog:chromeOptions: {debuggerAddress: localhost:64956}, goog:processID: 29740, networkConnectionEnabled: false, pageLoadStrategy: normal, platformName: windows, proxy: Proxy(), se:cdp: ws://localhost:64956/devtoo..., se:cdpVersion: 148.0.7778.217, setWindowRect: true, strictFileInteractability: false, timeouts: {implicit: 0, pageLoad: 300000, script: 30000}, unhandledPromptBehavior: dismiss and notify, webauthn:extension:credBlob: true, webauthn:extension:largeBlob: true, webauthn:extension:minPinLength: true, webauthn:extension:prf: true, webauthn:virtualAuthenticators: true}
Session ID: 0c3ce621024b704b0aca74a61805d640
	at org.openqa.selenium.support.ui.WebDriverWait.timeoutException(WebDriverWait.java:85)
	at org.openqa.selenium.support.ui.FluentWait.until(FluentWait.java:234)
	at utilities.ShadowDomUtils.clickShadowElement1(ShadowDomUtils.java:34)
	at base.BasePage.clickSaveAndNext(BasePage.java:420)
	at pageObjects.greenLanes.GreenLanesPage.clickSaveNext(GreenLanesPage.java:284)
	at testCases.greenLanes.GreenLanesTest.verifyGreenLaneCreation(GreenLanesTest.java:80)
	at java.base/jdk.internal.reflect.DirectMethodHandleAccessor.invoke(DirectMethodHandleAccessor.java:103)
	at java.base/java.lang.reflect.Method.invoke(Method.java:580)
	at org.testng.internal.invokers.MethodInvocationHelper.invokeMethod(MethodInvocationHelper.java:141)
	at org.testng.internal.invokers.TestInvoker.invokeMethod(TestInvoker.java:686)
	at org.testng.internal.invokers.TestInvoker.invokeTestMethod(TestInvoker.java:230)
	at org.testng.internal.invokers.MethodRunner.runInSequence(MethodRunner.java:63)
	at org.testng.internal.invokers.TestInvoker$MethodInvocationAgent.invoke(TestInvoker.java:992)
	at org.testng.internal.invokers.TestInvoker.invokeTestMethods(TestInvoker.java:203)
	at org.testng.internal.invokers.TestMethodWorker.invokeTestMethods(TestMethodWorker.java:154)
	at org.testng.internal.invokers.TestMethodWorker.run(TestMethodWorker.java:134)
	at java.base/java.util.ArrayList.forEach(ArrayList.java:1597)
	at org.testng.TestRunner.privateRun(TestRunner.java:739)
	at org.testng.TestRunner.run(TestRunner.java:614)
	at org.testng.SuiteRunner.runTest(SuiteRunner.java:421)
	at org.testng.SuiteRunner.runSequentially(SuiteRunner.java:413)
	at org.testng.SuiteRunner.privateRun(SuiteRunner.java:373)
	at org.testng.SuiteRunner.run(SuiteRunner.java:312)
	at org.testng.SuiteRunnerWorker.runSuite(SuiteRunnerWorker.java:52)
	at org.testng.SuiteRunnerWorker.run(SuiteRunnerWorker.java:95)
	at org.testng.TestNG.runSuitesSequentially(TestNG.java:1274)
	at org.testng.TestNG.runSuitesLocally(TestNG.java:1208)
	at org.testng.TestNG.runSuites(TestNG.java:1112)
	at org.testng.TestNG.run(TestNG.java:1079)
	at com.intellij.rt.testng.IDEARemoteTestNG.run(IDEARemoteTestNG.java:65)
	at com.intellij.rt.testng.RemoteTestNGStarter.main(RemoteTestNGStarter.java:109)
2026-06-02 18:01:03.901 [main] INFO  testCases.greenLanes.GreenLanesTest.log - openSidebar - Sidebar is already opend, no need to click on sidebar/logo icon
2026-06-02 18:01:04.068 [main] INFO  testCases.greenLanes.GreenLanesTest.log - verifyGreenLaneCreation - Clicked on Green Lanes menu item
2026-06-02 18:01:04.134 [main] INFO  testCases.greenLanes.GreenLanesTest.log - verifyGreenLaneCreation - Clicked on Create Green Lane button
2026-06-02 18:01:14.166 [main] ERROR testCases.greenLanes.GreenLanesTest.verifyGreenLaneCreation - Test failed due to exception: 
org.openqa.selenium.NoSuchElementException: no such element: Unable to locate element: {"method":"css selector","selector":"input[aria-label='Name *']"}
  (Session info: chrome=148.0.7778.217)
For documentation on this error, please visit: https://www.selenium.dev/documentation/webdriver/troubleshooting/errors#nosuchelementexception
Build info: version: '4.44.0', revision: 'da2039b'
System info: os.name: 'Windows 11', os.arch: 'amd64', os.version: '10.0', java.version: '22.0.2'
Driver info: org.openqa.selenium.chrome.ChromeDriver
Command: [0c3ce621024b704b0aca74a61805d640, findElement {value=input[aria-label='Name *'], using=css selector}]
Capabilities {acceptInsecureCerts: false, browserName: chrome, browserVersion: 148.0.7778.217, chrome: {chromedriverVersion: 148.0.7778.178 (d096af1c9e9..., userDataDir: C:\Users\LZ172CV\AppData\Lo...}, fedcm:accounts: true, goog:chromeOptions: {debuggerAddress: localhost:64956}, goog:processID: 29740, networkConnectionEnabled: false, pageLoadStrategy: normal, platformName: windows, proxy: Proxy(), se:cdp: ws://localhost:64956/devtoo..., se:cdpVersion: 148.0.7778.217, setWindowRect: true, strictFileInteractability: false, timeouts: {implicit: 0, pageLoad: 300000, script: 30000}, unhandledPromptBehavior: dismiss and notify, webauthn:extension:credBlob: true, webauthn:extension:largeBlob: true, webauthn:extension:minPinLength: true, webauthn:extension:prf: true, webauthn:virtualAuthenticators: true}
Session ID: 0c3ce621024b704b0aca74a61805d640
	at org.openqa.selenium.remote.ErrorCodec.decode(ErrorCodec.java:169)
	at org.openqa.selenium.remote.codec.w3c.W3CHttpResponseCodec.decode(W3CHttpResponseCodec.java:143)
	at org.openqa.selenium.remote.codec.w3c.W3CHttpResponseCodec.decode(W3CHttpResponseCodec.java:50)
	at org.openqa.selenium.remote.HttpCommandExecutor.execute(HttpCommandExecutor.java:224)
	at org.openqa.selenium.remote.service.DriverCommandExecutor.invokeExecute(DriverCommandExecutor.java:217)
	at org.openqa.selenium.remote.service.DriverCommandExecutor.execute(DriverCommandExecutor.java:175)
	at org.openqa.selenium.remote.RemoteWebDriver.execute(RemoteWebDriver.java:600)
	at org.openqa.selenium.remote.ElementLocation$ElementFinder$2.findElement(ElementLocation.java:173)
	at org.openqa.selenium.remote.ElementLocation.findElement(ElementLocation.java:60)
	at org.openqa.selenium.remote.RemoteWebDriver.findElement(RemoteWebDriver.java:421)
	at org.openqa.selenium.remote.RemoteWebDriver.findElement(RemoteWebDriver.java:415)
	at pageObjects.greenLanes.GreenLanesPage.provideName(GreenLanesPage.java:100)
	at testCases.greenLanes.GreenLanesTest.verifyGreenLaneCreation(GreenLanesTest.java:30)
	at java.base/jdk.internal.reflect.DirectMethodHandleAccessor.invoke(DirectMethodHandleAccessor.java:103)
	at java.base/java.lang.reflect.Method.invoke(Method.java:580)
	at org.testng.internal.invokers.MethodInvocationHelper.invokeMethod(MethodInvocationHelper.java:141)
	at org.testng.internal.invokers.TestInvoker.invokeMethod(TestInvoker.java:686)
	at org.testng.internal.invokers.TestInvoker.retryFailed(TestInvoker.java:269)
	at org.testng.internal.invokers.MethodRunner.runInSequence(MethodRunner.java:76)
	at org.testng.internal.invokers.TestInvoker$MethodInvocationAgent.invoke(TestInvoker.java:992)
	at org.testng.internal.invokers.TestInvoker.invokeTestMethods(TestInvoker.java:203)
	at org.testng.internal.invokers.TestMethodWorker.invokeTestMethods(TestMethodWorker.java:154)
	at org.testng.internal.invokers.TestMethodWorker.run(TestMethodWorker.java:134)
	at java.base/java.util.ArrayList.forEach(ArrayList.java:1597)
	at org.testng.TestRunner.privateRun(TestRunner.java:739)
	at org.testng.TestRunner.run(TestRunner.java:614)
	at org.testng.SuiteRunner.runTest(SuiteRunner.java:421)
	at org.testng.SuiteRunner.runSequentially(SuiteRunner.java:413)
	at org.testng.SuiteRunner.privateRun(SuiteRunner.java:373)
	at org.testng.SuiteRunner.run(SuiteRunner.java:312)
	at org.testng.SuiteRunnerWorker.runSuite(SuiteRunnerWorker.java:52)
	at org.testng.SuiteRunnerWorker.run(SuiteRunnerWorker.java:95)
	at org.testng.TestNG.runSuitesSequentially(TestNG.java:1274)
	at org.testng.TestNG.runSuitesLocally(TestNG.java:1208)
	at org.testng.TestNG.runSuites(TestNG.java:1112)
	at org.testng.TestNG.run(TestNG.java:1079)
	at com.intellij.rt.testng.IDEARemoteTestNG.run(IDEARemoteTestNG.java:65)
	at com.intellij.rt.testng.RemoteTestNGStarter.main(RemoteTestNGStarter.java:109)
2026-06-02 18:03:33.729 [main] INFO  org.testng.internal.Utils.info - [TestNG] Running:
  C:\Vaibhav\Automation\TDG_HybridFramework\testng-suites\NewTestCasesSuite.xml

2026-06-02 18:03:34.260 [main] INFO  testCases.greenLanes.GreenLanesTest.setup - >>======>>======>> Automation Engineer (SDET)- Vaibhav Chavan <<======<<======<<
2026-06-02 18:03:34.261 [main] INFO  testCases.greenLanes.GreenLanesTest.setup - --test execution started--
2026-06-02 18:03:39.276 [main] INFO  testCases.greenLanes.GreenLanesTest.log - setup - browser opened
2026-06-02 18:03:39.302 [main] INFO  testCases.greenLanes.GreenLanesTest.log - setup - cookies deleted
2026-06-02 18:03:39.373 [main] INFO  testCases.greenLanes.GreenLanesTest.log - setup - browser maximized
2026-06-02 18:03:39.391 [main] INFO  testCases.greenLanes.GreenLanesTest.log - setup - implicit wait applied for 10 seconds
2026-06-02 18:03:44.588 [main] INFO  testCases.greenLanes.GreenLanesTest.log - setup - provided app URL in browser
2026-06-02 18:03:47.198 [main] INFO  testCases.greenLanes.GreenLanesTest.log - setup - provided email
2026-06-02 18:03:47.618 [main] INFO  testCases.greenLanes.GreenLanesTest.log - setup - clicked on log in button
2026-06-02 18:03:49.698 [main] INFO  testCases.greenLanes.GreenLanesTest.log - openSidebar - Sidebar is already opend, no need to click on sidebar/logo icon
2026-06-02 18:03:49.975 [main] INFO  testCases.greenLanes.GreenLanesTest.log - verifyGreenLaneCreation - Clicked on Green Lanes menu item
2026-06-02 18:03:50.384 [main] INFO  testCases.greenLanes.GreenLanesTest.log - verifyGreenLaneCreation - Clicked on Create Green Lane button
2026-06-02 18:03:50.893 [main] INFO  testCases.greenLanes.GreenLanesTest.log - verifyGreenLaneCreation - Provided name for the new green lane
2026-06-02 18:03:51.058 [main] INFO  testCases.greenLanes.GreenLanesTest.log - verifyGreenLaneCreation - Provided date for the new green lane
2026-06-02 18:03:56.704 [main] INFO  testCases.greenLanes.GreenLanesTest.log - verifyGreenLaneCreation - Selected ownership for the new green lane
2026-06-02 18:04:00.083 [main] INFO  testCases.greenLanes.GreenLanesTest.log - verifyGreenLaneCreation - Selected service line for the new green lane
2026-06-02 18:04:03.229 [main] INFO  testCases.greenLanes.GreenLanesTest.log - verifyGreenLaneCreation - Selected super region for the new green lane
2026-06-02 18:04:05.875 [main] INFO  testCases.greenLanes.GreenLanesTest.log - verifyGreenLaneCreation - Provided description for the new green lane
2026-06-02 18:04:06.054 [main] INFO  testCases.greenLanes.GreenLanesTest.log - verifyGreenLaneCreation - Clicked on Save and Next button to create the green lane
2026-06-02 18:04:08.804 [main] INFO  testCases.greenLanes.GreenLanesTest.log - verifyGreenLaneCreation - Service code provided
2026-06-02 18:04:11.028 [main] INFO  testCases.greenLanes.GreenLanesTest.log - verifyGreenLaneCreation - Data type selected
2026-06-02 18:04:13.236 [main] INFO  testCases.greenLanes.GreenLanesTest.log - verifyGreenLaneCreation - Business purpose selected
2026-06-02 18:04:18.611 [main] INFO  testCases.greenLanes.GreenLanesTest.log - verifyGreenLaneCreation - Origin country selected
2026-06-02 18:04:18.932 [main] INFO  testCases.greenLanes.GreenLanesTest.log - verifyGreenLaneCreation - Clicked on Save and Next button to save Scope and Purpose details
2026-06-02 18:04:20.873 [main] INFO  testCases.greenLanes.GreenLanesTest.log - verifyGreenLaneCreation - Additional control chosen
2026-06-02 18:04:51.950 [main] ERROR testCases.greenLanes.GreenLanesTest.verifyGreenLaneCreation - Test failed due to exception: 
org.openqa.selenium.TimeoutException: Expected condition failed: waiting for visibility of element found by By.cssSelector: motif-button[type='button'][class='hydrated'][variant='primary']
(tried for 10 seconds with 500 milliseconds interval)
Build info: version: '4.44.0', revision: 'da2039b'
System info: os.name: 'Windows 11', os.arch: 'amd64', os.version: '10.0', java.version: '22.0.2'
Driver info: org.openqa.selenium.chrome.ChromeDriver
Capabilities {acceptInsecureCerts: false, browserName: chrome, browserVersion: 148.0.7778.217, chrome: {chromedriverVersion: 148.0.7778.178 (d096af1c9e9..., userDataDir: C:\Users\LZ172CV\AppData\Lo...}, fedcm:accounts: true, goog:chromeOptions: {debuggerAddress: localhost:60408}, goog:processID: 35640, networkConnectionEnabled: false, pageLoadStrategy: normal, platformName: windows, proxy: Proxy(), se:cdp: ws://localhost:60408/devtoo..., se:cdpVersion: 148.0.7778.217, setWindowRect: true, strictFileInteractability: false, timeouts: {implicit: 0, pageLoad: 300000, script: 30000}, unhandledPromptBehavior: dismiss and notify, webauthn:extension:credBlob: true, webauthn:extension:largeBlob: true, webauthn:extension:minPinLength: true, webauthn:extension:prf: true, webauthn:virtualAuthenticators: true}
Session ID: 39db99993b7ae4d5a6fe5d4c0a76afdb
	at org.openqa.selenium.support.ui.WebDriverWait.timeoutException(WebDriverWait.java:85)
	at org.openqa.selenium.support.ui.FluentWait.until(FluentWait.java:234)
	at utilities.ShadowDomUtils.clickShadowElement1(ShadowDomUtils.java:34)
	at pageObjects.greenLanes.GreenLanesPage.clickSaveNext(GreenLanesPage.java:284)
	at testCases.greenLanes.GreenLanesTest.verifyGreenLaneCreation(GreenLanesTest.java:80)
	at java.base/jdk.internal.reflect.DirectMethodHandleAccessor.invoke(DirectMethodHandleAccessor.java:103)
	at java.base/java.lang.reflect.Method.invoke(Method.java:580)
	at org.testng.internal.invokers.MethodInvocationHelper.invokeMethod(MethodInvocationHelper.java:141)
	at org.testng.internal.invokers.TestInvoker.invokeMethod(TestInvoker.java:686)
	at org.testng.internal.invokers.TestInvoker.invokeTestMethod(TestInvoker.java:230)
	at org.testng.internal.invokers.MethodRunner.runInSequence(MethodRunner.java:63)
	at org.testng.internal.invokers.TestInvoker$MethodInvocationAgent.invoke(TestInvoker.java:992)
	at org.testng.internal.invokers.TestInvoker.invokeTestMethods(TestInvoker.java:203)
	at org.testng.internal.invokers.TestMethodWorker.invokeTestMethods(TestMethodWorker.java:154)
	at org.testng.internal.invokers.TestMethodWorker.run(TestMethodWorker.java:134)
	at java.base/java.util.ArrayList.forEach(ArrayList.java:1597)
	at org.testng.TestRunner.privateRun(TestRunner.java:739)
	at org.testng.TestRunner.run(TestRunner.java:614)
	at org.testng.SuiteRunner.runTest(SuiteRunner.java:421)
	at org.testng.SuiteRunner.runSequentially(SuiteRunner.java:413)
	at org.testng.SuiteRunner.privateRun(SuiteRunner.java:373)
	at org.testng.SuiteRunner.run(SuiteRunner.java:312)
	at org.testng.SuiteRunnerWorker.runSuite(SuiteRunnerWorker.java:52)
	at org.testng.SuiteRunnerWorker.run(SuiteRunnerWorker.java:95)
	at org.testng.TestNG.runSuitesSequentially(TestNG.java:1274)
	at org.testng.TestNG.runSuitesLocally(TestNG.java:1208)
	at org.testng.TestNG.runSuites(TestNG.java:1112)
	at org.testng.TestNG.run(TestNG.java:1079)
	at com.intellij.rt.testng.IDEARemoteTestNG.run(IDEARemoteTestNG.java:65)
	at com.intellij.rt.testng.RemoteTestNGStarter.main(RemoteTestNGStarter.java:109)
2026-06-02 18:04:52.092 [main] INFO  testCases.greenLanes.GreenLanesTest.log - openSidebar - Sidebar is already opend, no need to click on sidebar/logo icon
2026-06-02 18:04:52.282 [main] INFO  testCases.greenLanes.GreenLanesTest.log - verifyGreenLaneCreation - Clicked on Green Lanes menu item
2026-06-02 18:04:52.356 [main] INFO  testCases.greenLanes.GreenLanesTest.log - verifyGreenLaneCreation - Clicked on Create Green Lane button
2026-06-02 18:05:02.397 [main] ERROR testCases.greenLanes.GreenLanesTest.verifyGreenLaneCreation - Test failed due to exception: 
org.openqa.selenium.NoSuchElementException: no such element: Unable to locate element: {"method":"css selector","selector":"input[aria-label='Name *']"}
  (Session info: chrome=148.0.7778.217)
For documentation on this error, please visit: https://www.selenium.dev/documentation/webdriver/troubleshooting/errors#nosuchelementexception
Build info: version: '4.44.0', revision: 'da2039b'
System info: os.name: 'Windows 11', os.arch: 'amd64', os.version: '10.0', java.version: '22.0.2'
Driver info: org.openqa.selenium.chrome.ChromeDriver
Command: [39db99993b7ae4d5a6fe5d4c0a76afdb, findElement {value=input[aria-label='Name *'], using=css selector}]
Capabilities {acceptInsecureCerts: false, browserName: chrome, browserVersion: 148.0.7778.217, chrome: {chromedriverVersion: 148.0.7778.178 (d096af1c9e9..., userDataDir: C:\Users\LZ172CV\AppData\Lo...}, fedcm:accounts: true, goog:chromeOptions: {debuggerAddress: localhost:60408}, goog:processID: 35640, networkConnectionEnabled: false, pageLoadStrategy: normal, platformName: windows, proxy: Proxy(), se:cdp: ws://localhost:60408/devtoo..., se:cdpVersion: 148.0.7778.217, setWindowRect: true, strictFileInteractability: false, timeouts: {implicit: 0, pageLoad: 300000, script: 30000}, unhandledPromptBehavior: dismiss and notify, webauthn:extension:credBlob: true, webauthn:extension:largeBlob: true, webauthn:extension:minPinLength: true, webauthn:extension:prf: true, webauthn:virtualAuthenticators: true}
Session ID: 39db99993b7ae4d5a6fe5d4c0a76afdb
	at org.openqa.selenium.remote.ErrorCodec.decode(ErrorCodec.java:169)
	at org.openqa.selenium.remote.codec.w3c.W3CHttpResponseCodec.decode(W3CHttpResponseCodec.java:143)
	at org.openqa.selenium.remote.codec.w3c.W3CHttpResponseCodec.decode(W3CHttpResponseCodec.java:50)
	at org.openqa.selenium.remote.HttpCommandExecutor.execute(HttpCommandExecutor.java:224)
	at org.openqa.selenium.remote.service.DriverCommandExecutor.invokeExecute(DriverCommandExecutor.java:217)
	at org.openqa.selenium.remote.service.DriverCommandExecutor.execute(DriverCommandExecutor.java:175)
	at org.openqa.selenium.remote.RemoteWebDriver.execute(RemoteWebDriver.java:600)
	at org.openqa.selenium.remote.ElementLocation$ElementFinder$2.findElement(ElementLocation.java:173)
	at org.openqa.selenium.remote.ElementLocation.findElement(ElementLocation.java:60)
	at org.openqa.selenium.remote.RemoteWebDriver.findElement(RemoteWebDriver.java:421)
	at org.openqa.selenium.remote.RemoteWebDriver.findElement(RemoteWebDriver.java:415)
	at pageObjects.greenLanes.GreenLanesPage.provideName(GreenLanesPage.java:100)
	at testCases.greenLanes.GreenLanesTest.verifyGreenLaneCreation(GreenLanesTest.java:30)
	at java.base/jdk.internal.reflect.DirectMethodHandleAccessor.invoke(DirectMethodHandleAccessor.java:103)
	at java.base/java.lang.reflect.Method.invoke(Method.java:580)
	at org.testng.internal.invokers.MethodInvocationHelper.invokeMethod(MethodInvocationHelper.java:141)
	at org.testng.internal.invokers.TestInvoker.invokeMethod(TestInvoker.java:686)
	at org.testng.internal.invokers.TestInvoker.retryFailed(TestInvoker.java:269)
	at org.testng.internal.invokers.MethodRunner.runInSequence(MethodRunner.java:76)
	at org.testng.internal.invokers.TestInvoker$MethodInvocationAgent.invoke(TestInvoker.java:992)
	at org.testng.internal.invokers.TestInvoker.invokeTestMethods(TestInvoker.java:203)
	at org.testng.internal.invokers.TestMethodWorker.invokeTestMethods(TestMethodWorker.java:154)
	at org.testng.internal.invokers.TestMethodWorker.run(TestMethodWorker.java:134)
	at java.base/java.util.ArrayList.forEach(ArrayList.java:1597)
	at org.testng.TestRunner.privateRun(TestRunner.java:739)
	at org.testng.TestRunner.run(TestRunner.java:614)
	at org.testng.SuiteRunner.runTest(SuiteRunner.java:421)
	at org.testng.SuiteRunner.runSequentially(SuiteRunner.java:413)
	at org.testng.SuiteRunner.privateRun(SuiteRunner.java:373)
	at org.testng.SuiteRunner.run(SuiteRunner.java:312)
	at org.testng.SuiteRunnerWorker.runSuite(SuiteRunnerWorker.java:52)
	at org.testng.SuiteRunnerWorker.run(SuiteRunnerWorker.java:95)
	at org.testng.TestNG.runSuitesSequentially(TestNG.java:1274)
	at org.testng.TestNG.runSuitesLocally(TestNG.java:1208)
	at org.testng.TestNG.runSuites(TestNG.java:1112)
	at org.testng.TestNG.run(TestNG.java:1079)
	at com.intellij.rt.testng.IDEARemoteTestNG.run(IDEARemoteTestNG.java:65)
	at com.intellij.rt.testng.RemoteTestNGStarter.main(RemoteTestNGStarter.java:109)
2026-06-02 18:09:43.545 [main] INFO  org.testng.internal.Utils.info - [TestNG] Running:
  C:\Vaibhav\Automation\TDG_HybridFramework\testng-suites\NewTestCasesSuite.xml

2026-06-02 18:09:43.941 [main] INFO  testCases.greenLanes.GreenLanesTest.setup - >>======>>======>> Automation Engineer (SDET)- Vaibhav Chavan <<======<<======<<
2026-06-02 18:09:43.942 [main] INFO  testCases.greenLanes.GreenLanesTest.setup - --test execution started--
2026-06-02 18:09:49.040 [main] INFO  testCases.greenLanes.GreenLanesTest.log - setup - browser opened
2026-06-02 18:09:49.075 [main] INFO  testCases.greenLanes.GreenLanesTest.log - setup - cookies deleted
2026-06-02 18:09:49.244 [main] INFO  testCases.greenLanes.GreenLanesTest.log - setup - browser maximized
2026-06-02 18:09:49.251 [main] INFO  testCases.greenLanes.GreenLanesTest.log - setup - implicit wait applied for 10 seconds
2026-06-02 18:09:50.570 [main] INFO  testCases.greenLanes.GreenLanesTest.log - setup - provided app URL in browser
2026-06-02 18:09:56.696 [main] INFO  testCases.greenLanes.GreenLanesTest.log - setup - provided email
2026-06-02 18:09:56.855 [main] INFO  testCases.greenLanes.GreenLanesTest.log - setup - clicked on log in button
2026-06-02 18:09:58.925 [main] INFO  testCases.greenLanes.GreenLanesTest.log - openSidebar - Sidebar is already opend, no need to click on sidebar/logo icon
2026-06-02 18:09:59.173 [main] INFO  testCases.greenLanes.GreenLanesTest.log - verifyGreenLaneCreation - Clicked on Green Lanes menu item
2026-06-02 18:09:59.594 [main] INFO  testCases.greenLanes.GreenLanesTest.log - verifyGreenLaneCreation - Clicked on Create Green Lane button
2026-06-02 18:10:00.707 [main] INFO  testCases.greenLanes.GreenLanesTest.log - verifyGreenLaneCreation - Provided name for the new green lane
2026-06-02 18:10:00.963 [main] INFO  testCases.greenLanes.GreenLanesTest.log - verifyGreenLaneCreation - Provided date for the new green lane
2026-06-02 18:10:07.375 [main] INFO  testCases.greenLanes.GreenLanesTest.log - verifyGreenLaneCreation - Selected ownership for the new green lane
2026-06-02 18:10:11.082 [main] INFO  testCases.greenLanes.GreenLanesTest.log - verifyGreenLaneCreation - Selected service line for the new green lane
2026-06-02 18:10:13.469 [main] INFO  testCases.greenLanes.GreenLanesTest.log - verifyGreenLaneCreation - Selected super region for the new green lane
2026-06-02 18:10:15.826 [main] INFO  testCases.greenLanes.GreenLanesTest.log - verifyGreenLaneCreation - Provided description for the new green lane
2026-06-02 18:10:15.993 [main] INFO  testCases.greenLanes.GreenLanesTest.log - verifyGreenLaneCreation - Clicked on Save and Next button to create the green lane
2026-06-02 18:10:18.800 [main] INFO  testCases.greenLanes.GreenLanesTest.log - verifyGreenLaneCreation - Service code provided
2026-06-02 18:10:20.949 [main] INFO  testCases.greenLanes.GreenLanesTest.log - verifyGreenLaneCreation - Data type selected
2026-06-02 18:10:23.144 [main] INFO  testCases.greenLanes.GreenLanesTest.log - verifyGreenLaneCreation - Business purpose selected
2026-06-02 18:10:28.380 [main] INFO  testCases.greenLanes.GreenLanesTest.log - verifyGreenLaneCreation - Origin country selected
2026-06-02 18:10:28.473 [main] INFO  testCases.greenLanes.GreenLanesTest.log - verifyGreenLaneCreation - Clicked on Save and Next button to save Scope and Purpose details
2026-06-02 18:10:29.899 [main] INFO  testCases.greenLanes.GreenLanesTest.log - verifyGreenLaneCreation - Additional control chosen
2026-06-02 18:10:44.642 [main] ERROR testCases.greenLanes.GreenLanesTest.verifyGreenLaneCreation - Test failed due to exception: 
java.lang.ClassCastException: class org.openqa.selenium.remote.ShadowRoot cannot be cast to class org.openqa.selenium.WebElement (org.openqa.selenium.remote.ShadowRoot and org.openqa.selenium.WebElement are in unnamed module of loader 'app')
	at pageObjects.greenLanes.GreenLanesPage.clickSaveNext(GreenLanesPage.java:290)
	at testCases.greenLanes.GreenLanesTest.verifyGreenLaneCreation(GreenLanesTest.java:80)
	at java.base/jdk.internal.reflect.DirectMethodHandleAccessor.invoke(DirectMethodHandleAccessor.java:103)
	at java.base/java.lang.reflect.Method.invoke(Method.java:580)
	at org.testng.internal.invokers.MethodInvocationHelper.invokeMethod(MethodInvocationHelper.java:141)
	at org.testng.internal.invokers.TestInvoker.invokeMethod(TestInvoker.java:686)
	at org.testng.internal.invokers.TestInvoker.invokeTestMethod(TestInvoker.java:230)
	at org.testng.internal.invokers.MethodRunner.runInSequence(MethodRunner.java:63)
	at org.testng.internal.invokers.TestInvoker$MethodInvocationAgent.invoke(TestInvoker.java:992)
	at org.testng.internal.invokers.TestInvoker.invokeTestMethods(TestInvoker.java:203)
	at org.testng.internal.invokers.TestMethodWorker.invokeTestMethods(TestMethodWorker.java:154)
	at org.testng.internal.invokers.TestMethodWorker.run(TestMethodWorker.java:134)
	at java.base/java.util.ArrayList.forEach(ArrayList.java:1597)
	at org.testng.TestRunner.privateRun(TestRunner.java:739)
	at org.testng.TestRunner.run(TestRunner.java:614)
	at org.testng.SuiteRunner.runTest(SuiteRunner.java:421)
	at org.testng.SuiteRunner.runSequentially(SuiteRunner.java:413)
	at org.testng.SuiteRunner.privateRun(SuiteRunner.java:373)
	at org.testng.SuiteRunner.run(SuiteRunner.java:312)
	at org.testng.SuiteRunnerWorker.runSuite(SuiteRunnerWorker.java:52)
	at org.testng.SuiteRunnerWorker.run(SuiteRunnerWorker.java:95)
	at org.testng.TestNG.runSuitesSequentially(TestNG.java:1274)
	at org.testng.TestNG.runSuitesLocally(TestNG.java:1208)
	at org.testng.TestNG.runSuites(TestNG.java:1112)
	at org.testng.TestNG.run(TestNG.java:1079)
	at com.intellij.rt.testng.IDEARemoteTestNG.run(IDEARemoteTestNG.java:65)
	at com.intellij.rt.testng.RemoteTestNGStarter.main(RemoteTestNGStarter.java:109)
2026-06-02 18:10:44.721 [main] INFO  testCases.greenLanes.GreenLanesTest.log - openSidebar - Sidebar is already opend, no need to click on sidebar/logo icon
2026-06-02 18:10:44.828 [main] INFO  testCases.greenLanes.GreenLanesTest.log - verifyGreenLaneCreation - Clicked on Green Lanes menu item
2026-06-02 18:10:44.891 [main] INFO  testCases.greenLanes.GreenLanesTest.log - verifyGreenLaneCreation - Clicked on Create Green Lane button
2026-06-02 18:10:54.951 [main] ERROR testCases.greenLanes.GreenLanesTest.verifyGreenLaneCreation - Test failed due to exception: 
org.openqa.selenium.NoSuchElementException: no such element: Unable to locate element: {"method":"css selector","selector":"input[aria-label='Name *']"}
  (Session info: chrome=148.0.7778.217)
For documentation on this error, please visit: https://www.selenium.dev/documentation/webdriver/troubleshooting/errors#nosuchelementexception
Build info: version: '4.44.0', revision: 'da2039b'
System info: os.name: 'Windows 11', os.arch: 'amd64', os.version: '10.0', java.version: '22.0.2'
Driver info: org.openqa.selenium.chrome.ChromeDriver
Command: [7fc170fd40ede9b230182d4639876880, findElement {using=css selector, value=input[aria-label='Name *']}]
Capabilities {acceptInsecureCerts: false, browserName: chrome, browserVersion: 148.0.7778.217, chrome: {chromedriverVersion: 148.0.7778.178 (d096af1c9e9..., userDataDir: C:\Users\LZ172CV\AppData\Lo...}, fedcm:accounts: true, goog:chromeOptions: {debuggerAddress: localhost:54193}, goog:processID: 34380, networkConnectionEnabled: false, pageLoadStrategy: normal, platformName: windows, proxy: Proxy(), se:cdp: ws://localhost:54193/devtoo..., se:cdpVersion: 148.0.7778.217, setWindowRect: true, strictFileInteractability: false, timeouts: {implicit: 0, pageLoad: 300000, script: 30000}, unhandledPromptBehavior: dismiss and notify, webauthn:extension:credBlob: true, webauthn:extension:largeBlob: true, webauthn:extension:minPinLength: true, webauthn:extension:prf: true, webauthn:virtualAuthenticators: true}
Session ID: 7fc170fd40ede9b230182d4639876880
	at org.openqa.selenium.remote.ErrorCodec.decode(ErrorCodec.java:169)
	at org.openqa.selenium.remote.codec.w3c.W3CHttpResponseCodec.decode(W3CHttpResponseCodec.java:143)
	at org.openqa.selenium.remote.codec.w3c.W3CHttpResponseCodec.decode(W3CHttpResponseCodec.java:50)
	at org.openqa.selenium.remote.HttpCommandExecutor.execute(HttpCommandExecutor.java:224)
	at org.openqa.selenium.remote.service.DriverCommandExecutor.invokeExecute(DriverCommandExecutor.java:217)
	at org.openqa.selenium.remote.service.DriverCommandExecutor.execute(DriverCommandExecutor.java:175)
	at org.openqa.selenium.remote.RemoteWebDriver.execute(RemoteWebDriver.java:600)
	at org.openqa.selenium.remote.ElementLocation$ElementFinder$2.findElement(ElementLocation.java:173)
	at org.openqa.selenium.remote.ElementLocation.findElement(ElementLocation.java:60)
	at org.openqa.selenium.remote.RemoteWebDriver.findElement(RemoteWebDriver.java:421)
	at org.openqa.selenium.remote.RemoteWebDriver.findElement(RemoteWebDriver.java:415)
	at pageObjects.greenLanes.GreenLanesPage.provideName(GreenLanesPage.java:100)
	at testCases.greenLanes.GreenLanesTest.verifyGreenLaneCreation(GreenLanesTest.java:30)
	at java.base/jdk.internal.reflect.DirectMethodHandleAccessor.invoke(DirectMethodHandleAccessor.java:103)
	at java.base/java.lang.reflect.Method.invoke(Method.java:580)
	at org.testng.internal.invokers.MethodInvocationHelper.invokeMethod(MethodInvocationHelper.java:141)
	at org.testng.internal.invokers.TestInvoker.invokeMethod(TestInvoker.java:686)
	at org.testng.internal.invokers.TestInvoker.retryFailed(TestInvoker.java:269)
	at org.testng.internal.invokers.MethodRunner.runInSequence(MethodRunner.java:76)
	at org.testng.internal.invokers.TestInvoker$MethodInvocationAgent.invoke(TestInvoker.java:992)
	at org.testng.internal.invokers.TestInvoker.invokeTestMethods(TestInvoker.java:203)
	at org.testng.internal.invokers.TestMethodWorker.invokeTestMethods(TestMethodWorker.java:154)
	at org.testng.internal.invokers.TestMethodWorker.run(TestMethodWorker.java:134)
	at java.base/java.util.ArrayList.forEach(ArrayList.java:1597)
	at org.testng.TestRunner.privateRun(TestRunner.java:739)
	at org.testng.TestRunner.run(TestRunner.java:614)
	at org.testng.SuiteRunner.runTest(SuiteRunner.java:421)
	at org.testng.SuiteRunner.runSequentially(SuiteRunner.java:413)
	at org.testng.SuiteRunner.privateRun(SuiteRunner.java:373)
	at org.testng.SuiteRunner.run(SuiteRunner.java:312)
	at org.testng.SuiteRunnerWorker.runSuite(SuiteRunnerWorker.java:52)
	at org.testng.SuiteRunnerWorker.run(SuiteRunnerWorker.java:95)
	at org.testng.TestNG.runSuitesSequentially(TestNG.java:1274)
	at org.testng.TestNG.runSuitesLocally(TestNG.java:1208)
	at org.testng.TestNG.runSuites(TestNG.java:1112)
	at org.testng.TestNG.run(TestNG.java:1079)
	at com.intellij.rt.testng.IDEARemoteTestNG.run(IDEARemoteTestNG.java:65)
	at com.intellij.rt.testng.RemoteTestNGStarter.main(RemoteTestNGStarter.java:109)
2026-06-02 18:17:42.245 [main] INFO  org.testng.internal.Utils.info - [TestNG] Running:
  C:\Vaibhav\Automation\TDG_HybridFramework\testng-suites\NewTestCasesSuite.xml

2026-06-02 18:17:42.795 [main] INFO  testCases.greenLanes.GreenLanesTest.setup - >>======>>======>> Automation Engineer (SDET)- Vaibhav Chavan <<======<<======<<
2026-06-02 18:17:42.796 [main] INFO  testCases.greenLanes.GreenLanesTest.setup - --test execution started--
2026-06-02 18:17:48.126 [main] INFO  testCases.greenLanes.GreenLanesTest.log - setup - browser opened
2026-06-02 18:17:48.187 [main] INFO  testCases.greenLanes.GreenLanesTest.log - setup - cookies deleted
2026-06-02 18:17:48.266 [main] INFO  testCases.greenLanes.GreenLanesTest.log - setup - browser maximized
2026-06-02 18:17:48.300 [main] INFO  testCases.greenLanes.GreenLanesTest.log - setup - implicit wait applied for 10 seconds
2026-06-02 18:17:49.739 [main] INFO  testCases.greenLanes.GreenLanesTest.log - setup - provided app URL in browser
2026-06-02 18:17:55.724 [main] INFO  testCases.greenLanes.GreenLanesTest.log - setup - provided email
2026-06-02 18:17:55.983 [main] INFO  testCases.greenLanes.GreenLanesTest.log - setup - clicked on log in button
2026-06-02 18:17:58.066 [main] INFO  testCases.greenLanes.GreenLanesTest.log - openSidebar - Sidebar is already opend, no need to click on sidebar/logo icon
2026-06-02 18:17:58.358 [main] INFO  testCases.greenLanes.GreenLanesTest.log - verifyGreenLaneCreation - Clicked on Green Lanes menu item
2026-06-02 18:17:58.845 [main] INFO  testCases.greenLanes.GreenLanesTest.log - verifyGreenLaneCreation - Clicked on Create Green Lane button
2026-06-02 18:17:59.989 [main] INFO  testCases.greenLanes.GreenLanesTest.log - verifyGreenLaneCreation - Provided name for the new green lane
2026-06-02 18:18:00.275 [main] INFO  testCases.greenLanes.GreenLanesTest.log - verifyGreenLaneCreation - Provided date for the new green lane
2026-06-02 18:18:06.054 [main] INFO  testCases.greenLanes.GreenLanesTest.log - verifyGreenLaneCreation - Selected ownership for the new green lane
2026-06-02 18:18:09.587 [main] INFO  testCases.greenLanes.GreenLanesTest.log - verifyGreenLaneCreation - Selected service line for the new green lane
2026-06-02 18:18:12.376 [main] INFO  testCases.greenLanes.GreenLanesTest.log - verifyGreenLaneCreation - Selected super region for the new green lane
2026-06-02 18:18:14.709 [main] INFO  testCases.greenLanes.GreenLanesTest.log - verifyGreenLaneCreation - Provided description for the new green lane
2026-06-02 18:18:14.878 [main] INFO  testCases.greenLanes.GreenLanesTest.log - verifyGreenLaneCreation - Clicked on Save and Next button to create the green lane
2026-06-02 18:18:17.681 [main] INFO  testCases.greenLanes.GreenLanesTest.log - verifyGreenLaneCreation - Service code provided
2026-06-02 18:18:19.832 [main] INFO  testCases.greenLanes.GreenLanesTest.log - verifyGreenLaneCreation - Data type selected
2026-06-02 18:18:21.995 [main] INFO  testCases.greenLanes.GreenLanesTest.log - verifyGreenLaneCreation - Business purpose selected
2026-06-02 18:18:27.260 [main] INFO  testCases.greenLanes.GreenLanesTest.log - verifyGreenLaneCreation - Origin country selected
2026-06-02 18:18:27.343 [main] INFO  testCases.greenLanes.GreenLanesTest.log - verifyGreenLaneCreation - Clicked on Save and Next button to save Scope and Purpose details
2026-06-02 18:18:28.890 [main] INFO  testCases.greenLanes.GreenLanesTest.log - verifyGreenLaneCreation - Additional control chosen
2026-06-02 18:23:45.002 [main] INFO  testCases.greenLanes.GreenLanesTest.log - verifyGreenLaneCreation - Clicked on Save and Next button to save Control Categories and Controls details
2026-06-02 18:24:58.690 [main] INFO  org.testng.internal.Utils.info - [TestNG] Running:
  C:\Vaibhav\Automation\TDG_HybridFramework\testng-suites\NewTestCasesSuite.xml

2026-06-02 18:24:59.312 [main] INFO  testCases.greenLanes.GreenLanesTest.setup - >>======>>======>> Automation Engineer (SDET)- Vaibhav Chavan <<======<<======<<
2026-06-02 18:24:59.313 [main] INFO  testCases.greenLanes.GreenLanesTest.setup - --test execution started--
2026-06-02 18:25:04.649 [main] INFO  testCases.greenLanes.GreenLanesTest.log - setup - browser opened
2026-06-02 18:25:04.710 [main] INFO  testCases.greenLanes.GreenLanesTest.log - setup - cookies deleted
2026-06-02 18:25:04.805 [main] INFO  testCases.greenLanes.GreenLanesTest.log - setup - browser maximized
2026-06-02 18:25:04.832 [main] INFO  testCases.greenLanes.GreenLanesTest.log - setup - implicit wait applied for 10 seconds
2026-06-02 18:25:09.969 [main] INFO  testCases.greenLanes.GreenLanesTest.log - setup - provided app URL in browser
2026-06-02 18:25:12.610 [main] INFO  testCases.greenLanes.GreenLanesTest.log - setup - provided email
2026-06-02 18:25:12.760 [main] INFO  testCases.greenLanes.GreenLanesTest.log - setup - clicked on log in button
2026-06-02 18:25:14.847 [main] INFO  testCases.greenLanes.GreenLanesTest.log - openSidebar - Sidebar is already opend, no need to click on sidebar/logo icon
2026-06-02 18:25:15.108 [main] INFO  testCases.greenLanes.GreenLanesTest.log - verifyGreenLaneCreation - Clicked on Green Lanes menu item
2026-06-02 18:25:15.614 [main] INFO  testCases.greenLanes.GreenLanesTest.log - verifyGreenLaneCreation - Clicked on Create Green Lane button
2026-06-02 18:25:16.257 [main] INFO  testCases.greenLanes.GreenLanesTest.log - verifyGreenLaneCreation - Provided name for the new green lane
2026-06-02 18:25:16.508 [main] INFO  testCases.greenLanes.GreenLanesTest.log - verifyGreenLaneCreation - Provided date for the new green lane
2026-06-02 18:25:22.430 [main] INFO  testCases.greenLanes.GreenLanesTest.log - verifyGreenLaneCreation - Selected ownership for the new green lane
2026-06-02 18:25:25.449 [main] INFO  testCases.greenLanes.GreenLanesTest.log - verifyGreenLaneCreation - Selected service line for the new green lane
2026-06-02 18:25:27.936 [main] INFO  testCases.greenLanes.GreenLanesTest.log - verifyGreenLaneCreation - Selected super region for the new green lane
2026-06-02 18:25:30.255 [main] INFO  testCases.greenLanes.GreenLanesTest.log - verifyGreenLaneCreation - Provided description for the new green lane
2026-06-02 18:25:30.383 [main] INFO  testCases.greenLanes.GreenLanesTest.log - verifyGreenLaneCreation - Clicked on Save and Next button to create the green lane
2026-06-02 18:25:33.168 [main] INFO  testCases.greenLanes.GreenLanesTest.log - verifyGreenLaneCreation - Service code provided
2026-06-02 18:25:35.405 [main] INFO  testCases.greenLanes.GreenLanesTest.log - verifyGreenLaneCreation - Data type selected
2026-06-02 18:25:37.984 [main] INFO  testCases.greenLanes.GreenLanesTest.log - verifyGreenLaneCreation - Business purpose selected
2026-06-02 18:25:43.203 [main] INFO  testCases.greenLanes.GreenLanesTest.log - verifyGreenLaneCreation - Origin country selected
2026-06-02 18:25:43.295 [main] INFO  testCases.greenLanes.GreenLanesTest.log - verifyGreenLaneCreation - Clicked on Save and Next button to save Scope and Purpose details
2026-06-02 18:25:45.608 [main] ERROR testCases.greenLanes.GreenLanesTest.verifyGreenLaneCreation - Test failed due to exception: 
org.openqa.selenium.ElementClickInterceptedException: element click intercepted: Element <span part="content" class="motif-truncate motif-truncate-lines">...</span> is not clickable at point (1059, 653). Other element would receive the click: <motif-accordion-content _ngcontent-ng-c1648262701="" data-state="open" class="hydrated" variant="functional" role="region" aria-labelledby="accordion-ris0tj-trigger-baseline-controls" id="accordion-ris0tj-content-baseline-controls" style="display: block;">...</motif-accordion-content>
  (Session info: chrome=148.0.7778.217)
Build info: version: '4.44.0', revision: 'da2039b'
System info: os.name: 'Windows 11', os.arch: 'amd64', os.version: '10.0', java.version: '22.0.2'
Driver info: org.openqa.selenium.chrome.ChromeDriver
Command: [19877dc06f1d1d76ff54f8741fe12437, clickElement {id=f.42B7E7B3F06234442365FC49AE0C73AA.d.D102A28B6B941F4489B4D1332E43E957.e.551}]
Capabilities {acceptInsecureCerts: false, browserName: chrome, browserVersion: 148.0.7778.217, chrome: {chromedriverVersion: 148.0.7778.178 (d096af1c9e9..., userDataDir: C:\Users\LZ172CV\AppData\Lo...}, fedcm:accounts: true, goog:chromeOptions: {debuggerAddress: localhost:58331}, goog:processID: 33532, networkConnectionEnabled: false, pageLoadStrategy: normal, platformName: windows, proxy: Proxy(), se:cdp: ws://localhost:58331/devtoo..., se:cdpVersion: 148.0.7778.217, setWindowRect: true, strictFileInteractability: false, timeouts: {implicit: 0, pageLoad: 300000, script: 30000}, unhandledPromptBehavior: dismiss and notify, webauthn:extension:credBlob: true, webauthn:extension:largeBlob: true, webauthn:extension:minPinLength: true, webauthn:extension:prf: true, webauthn:virtualAuthenticators: true}
Element: [[org.openqa.selenium.remote.ShadowRoot@bed04e40] -> css selector: .motif-truncate.motif-truncate-lines]
Session ID: 19877dc06f1d1d76ff54f8741fe12437
	at org.openqa.selenium.remote.ErrorCodec.decode(ErrorCodec.java:169)
	at org.openqa.selenium.remote.codec.w3c.W3CHttpResponseCodec.decode(W3CHttpResponseCodec.java:143)
	at org.openqa.selenium.remote.codec.w3c.W3CHttpResponseCodec.decode(W3CHttpResponseCodec.java:50)
	at org.openqa.selenium.remote.HttpCommandExecutor.execute(HttpCommandExecutor.java:224)
	at org.openqa.selenium.remote.service.DriverCommandExecutor.invokeExecute(DriverCommandExecutor.java:217)
	at org.openqa.selenium.remote.service.DriverCommandExecutor.execute(DriverCommandExecutor.java:175)
	at org.openqa.selenium.remote.RemoteWebDriver.execute(RemoteWebDriver.java:600)
	at org.openqa.selenium.remote.RemoteWebElement.execute(RemoteWebElement.java:225)
	at org.openqa.selenium.remote.RemoteWebElement.click(RemoteWebElement.java:79)
	at pageObjects.greenLanes.GreenLanesPage.chooseAdditionalControl(GreenLanesPage.java:275)
	at testCases.greenLanes.GreenLanesTest.verifyGreenLaneCreation(GreenLanesTest.java:77)
	at java.base/jdk.internal.reflect.DirectMethodHandleAccessor.invoke(DirectMethodHandleAccessor.java:103)
	at java.base/java.lang.reflect.Method.invoke(Method.java:580)
	at org.testng.internal.invokers.MethodInvocationHelper.invokeMethod(MethodInvocationHelper.java:141)
	at org.testng.internal.invokers.TestInvoker.invokeMethod(TestInvoker.java:686)
	at org.testng.internal.invokers.TestInvoker.invokeTestMethod(TestInvoker.java:230)
	at org.testng.internal.invokers.MethodRunner.runInSequence(MethodRunner.java:63)
	at org.testng.internal.invokers.TestInvoker$MethodInvocationAgent.invoke(TestInvoker.java:992)
	at org.testng.internal.invokers.TestInvoker.invokeTestMethods(TestInvoker.java:203)
	at org.testng.internal.invokers.TestMethodWorker.invokeTestMethods(TestMethodWorker.java:154)
	at org.testng.internal.invokers.TestMethodWorker.run(TestMethodWorker.java:134)
	at java.base/java.util.ArrayList.forEach(ArrayList.java:1597)
	at org.testng.TestRunner.privateRun(TestRunner.java:739)
	at org.testng.TestRunner.run(TestRunner.java:614)
	at org.testng.SuiteRunner.runTest(SuiteRunner.java:421)
	at org.testng.SuiteRunner.runSequentially(SuiteRunner.java:413)
	at org.testng.SuiteRunner.privateRun(SuiteRunner.java:373)
	at org.testng.SuiteRunner.run(SuiteRunner.java:312)
	at org.testng.SuiteRunnerWorker.runSuite(SuiteRunnerWorker.java:52)
	at org.testng.SuiteRunnerWorker.run(SuiteRunnerWorker.java:95)
	at org.testng.TestNG.runSuitesSequentially(TestNG.java:1274)
	at org.testng.TestNG.runSuitesLocally(TestNG.java:1208)
	at org.testng.TestNG.runSuites(TestNG.java:1112)
	at org.testng.TestNG.run(TestNG.java:1079)
	at com.intellij.rt.testng.IDEARemoteTestNG.run(IDEARemoteTestNG.java:65)
	at com.intellij.rt.testng.RemoteTestNGStarter.main(RemoteTestNGStarter.java:109)
2026-06-02 18:25:45.682 [main] INFO  testCases.greenLanes.GreenLanesTest.log - openSidebar - Sidebar is already opend, no need to click on sidebar/logo icon
2026-06-02 18:25:45.785 [main] INFO  testCases.greenLanes.GreenLanesTest.log - verifyGreenLaneCreation - Clicked on Green Lanes menu item
2026-06-02 18:25:45.844 [main] INFO  testCases.greenLanes.GreenLanesTest.log - verifyGreenLaneCreation - Clicked on Create Green Lane button
2026-06-02 18:25:55.891 [main] ERROR testCases.greenLanes.GreenLanesTest.verifyGreenLaneCreation - Test failed due to exception: 
org.openqa.selenium.NoSuchElementException: no such element: Unable to locate element: {"method":"css selector","selector":"input[aria-label='Name *']"}
  (Session info: chrome=148.0.7778.217)
For documentation on this error, please visit: https://www.selenium.dev/documentation/webdriver/troubleshooting/errors#nosuchelementexception
Build info: version: '4.44.0', revision: 'da2039b'
System info: os.name: 'Windows 11', os.arch: 'amd64', os.version: '10.0', java.version: '22.0.2'
Driver info: org.openqa.selenium.chrome.ChromeDriver
Command: [19877dc06f1d1d76ff54f8741fe12437, findElement {using=css selector, value=input[aria-label='Name *']}]
Capabilities {acceptInsecureCerts: false, browserName: chrome, browserVersion: 148.0.7778.217, chrome: {chromedriverVersion: 148.0.7778.178 (d096af1c9e9..., userDataDir: C:\Users\LZ172CV\AppData\Lo...}, fedcm:accounts: true, goog:chromeOptions: {debuggerAddress: localhost:58331}, goog:processID: 33532, networkConnectionEnabled: false, pageLoadStrategy: normal, platformName: windows, proxy: Proxy(), se:cdp: ws://localhost:58331/devtoo..., se:cdpVersion: 148.0.7778.217, setWindowRect: true, strictFileInteractability: false, timeouts: {implicit: 0, pageLoad: 300000, script: 30000}, unhandledPromptBehavior: dismiss and notify, webauthn:extension:credBlob: true, webauthn:extension:largeBlob: true, webauthn:extension:minPinLength: true, webauthn:extension:prf: true, webauthn:virtualAuthenticators: true}
Session ID: 19877dc06f1d1d76ff54f8741fe12437
	at org.openqa.selenium.remote.ErrorCodec.decode(ErrorCodec.java:169)
	at org.openqa.selenium.remote.codec.w3c.W3CHttpResponseCodec.decode(W3CHttpResponseCodec.java:143)
	at org.openqa.selenium.remote.codec.w3c.W3CHttpResponseCodec.decode(W3CHttpResponseCodec.java:50)
	at org.openqa.selenium.remote.HttpCommandExecutor.execute(HttpCommandExecutor.java:224)
	at org.openqa.selenium.remote.service.DriverCommandExecutor.invokeExecute(DriverCommandExecutor.java:217)
	at org.openqa.selenium.remote.service.DriverCommandExecutor.execute(DriverCommandExecutor.java:175)
	at org.openqa.selenium.remote.RemoteWebDriver.execute(RemoteWebDriver.java:600)
	at org.openqa.selenium.remote.ElementLocation$ElementFinder$2.findElement(ElementLocation.java:173)
	at org.openqa.selenium.remote.ElementLocation.findElement(ElementLocation.java:60)
	at org.openqa.selenium.remote.RemoteWebDriver.findElement(RemoteWebDriver.java:421)
	at org.openqa.selenium.remote.RemoteWebDriver.findElement(RemoteWebDriver.java:415)
	at pageObjects.greenLanes.GreenLanesPage.provideName(GreenLanesPage.java:97)
	at testCases.greenLanes.GreenLanesTest.verifyGreenLaneCreation(GreenLanesTest.java:30)
	at java.base/jdk.internal.reflect.DirectMethodHandleAccessor.invoke(DirectMethodHandleAccessor.java:103)
	at java.base/java.lang.reflect.Method.invoke(Method.java:580)
	at org.testng.internal.invokers.MethodInvocationHelper.invokeMethod(MethodInvocationHelper.java:141)
	at org.testng.internal.invokers.TestInvoker.invokeMethod(TestInvoker.java:686)
	at org.testng.internal.invokers.TestInvoker.retryFailed(TestInvoker.java:269)
	at org.testng.internal.invokers.MethodRunner.runInSequence(MethodRunner.java:76)
	at org.testng.internal.invokers.TestInvoker$MethodInvocationAgent.invoke(TestInvoker.java:992)
	at org.testng.internal.invokers.TestInvoker.invokeTestMethods(TestInvoker.java:203)
	at org.testng.internal.invokers.TestMethodWorker.invokeTestMethods(TestMethodWorker.java:154)
	at org.testng.internal.invokers.TestMethodWorker.run(TestMethodWorker.java:134)
	at java.base/java.util.ArrayList.forEach(ArrayList.java:1597)
	at org.testng.TestRunner.privateRun(TestRunner.java:739)
	at org.testng.TestRunner.run(TestRunner.java:614)
	at org.testng.SuiteRunner.runTest(SuiteRunner.java:421)
	at org.testng.SuiteRunner.runSequentially(SuiteRunner.java:413)
	at org.testng.SuiteRunner.privateRun(SuiteRunner.java:373)
	at org.testng.SuiteRunner.run(SuiteRunner.java:312)
	at org.testng.SuiteRunnerWorker.runSuite(SuiteRunnerWorker.java:52)
	at org.testng.SuiteRunnerWorker.run(SuiteRunnerWorker.java:95)
	at org.testng.TestNG.runSuitesSequentially(TestNG.java:1274)
	at org.testng.TestNG.runSuitesLocally(TestNG.java:1208)
	at org.testng.TestNG.runSuites(TestNG.java:1112)
	at org.testng.TestNG.run(TestNG.java:1079)
	at com.intellij.rt.testng.IDEARemoteTestNG.run(IDEARemoteTestNG.java:65)
	at com.intellij.rt.testng.RemoteTestNGStarter.main(RemoteTestNGStarter.java:109)
2026-06-02 18:26:49.309 [main] INFO  org.testng.internal.Utils.info - [TestNG] Running:
  C:\Vaibhav\Automation\TDG_HybridFramework\testng-suites\NewTestCasesSuite.xml

2026-06-02 18:26:49.749 [main] INFO  testCases.greenLanes.GreenLanesTest.setup - >>======>>======>> Automation Engineer (SDET)- Vaibhav Chavan <<======<<======<<
2026-06-02 18:26:49.750 [main] INFO  testCases.greenLanes.GreenLanesTest.setup - --test execution started--
2026-06-02 18:26:55.028 [main] INFO  testCases.greenLanes.GreenLanesTest.log - setup - browser opened
2026-06-02 18:26:55.061 [main] INFO  testCases.greenLanes.GreenLanesTest.log - setup - cookies deleted
2026-06-02 18:26:55.132 [main] INFO  testCases.greenLanes.GreenLanesTest.log - setup - browser maximized
2026-06-02 18:26:55.144 [main] INFO  testCases.greenLanes.GreenLanesTest.log - setup - implicit wait applied for 10 seconds
2026-06-02 18:27:00.511 [main] INFO  testCases.greenLanes.GreenLanesTest.log - setup - provided app URL in browser
2026-06-02 18:27:03.222 [main] INFO  testCases.greenLanes.GreenLanesTest.log - setup - provided email
2026-06-02 18:27:03.425 [main] INFO  testCases.greenLanes.GreenLanesTest.log - setup - clicked on log in button
2026-06-02 18:27:05.484 [main] INFO  testCases.greenLanes.GreenLanesTest.log - openSidebar - Sidebar is already opend, no need to click on sidebar/logo icon
2026-06-02 18:27:05.742 [main] INFO  testCases.greenLanes.GreenLanesTest.log - verifyGreenLaneCreation - Clicked on Green Lanes menu item
2026-06-02 18:27:06.062 [main] INFO  testCases.greenLanes.GreenLanesTest.log - verifyGreenLaneCreation - Clicked on Create Green Lane button
2026-06-02 18:27:06.799 [main] INFO  testCases.greenLanes.GreenLanesTest.log - verifyGreenLaneCreation - Provided name for the new green lane
2026-06-02 18:27:07.228 [main] INFO  testCases.greenLanes.GreenLanesTest.log - verifyGreenLaneCreation - Provided date for the new green lane
2026-06-02 18:27:13.228 [main] INFO  testCases.greenLanes.GreenLanesTest.log - verifyGreenLaneCreation - Selected ownership for the new green lane
2026-06-02 18:27:15.957 [main] INFO  testCases.greenLanes.GreenLanesTest.log - verifyGreenLaneCreation - Selected service line for the new green lane
2026-06-02 18:27:18.795 [main] INFO  testCases.greenLanes.GreenLanesTest.log - verifyGreenLaneCreation - Selected super region for the new green lane
2026-06-02 18:27:21.153 [main] INFO  testCases.greenLanes.GreenLanesTest.log - verifyGreenLaneCreation - Provided description for the new green lane
2026-06-02 18:27:21.315 [main] INFO  testCases.greenLanes.GreenLanesTest.log - verifyGreenLaneCreation - Clicked on Save and Next button to create the green lane
2026-06-02 18:27:24.108 [main] INFO  testCases.greenLanes.GreenLanesTest.log - verifyGreenLaneCreation - Service code provided
2026-06-02 18:27:26.367 [main] INFO  testCases.greenLanes.GreenLanesTest.log - verifyGreenLaneCreation - Data type selected
2026-06-02 18:27:28.632 [main] INFO  testCases.greenLanes.GreenLanesTest.log - verifyGreenLaneCreation - Business purpose selected
2026-06-02 18:27:33.971 [main] INFO  testCases.greenLanes.GreenLanesTest.log - verifyGreenLaneCreation - Origin country selected
2026-06-02 18:27:34.060 [main] INFO  testCases.greenLanes.GreenLanesTest.log - verifyGreenLaneCreation - Clicked on Save and Next button to save Scope and Purpose details
2026-06-02 18:27:36.377 [main] ERROR testCases.greenLanes.GreenLanesTest.verifyGreenLaneCreation - Test failed due to exception: 
org.openqa.selenium.ElementClickInterceptedException: element click intercepted: Element <span part="content" class="motif-truncate motif-truncate-lines">...</span> is not clickable at point (1059, 653). Other element would receive the click: <div _ngcontent-ng-c1648262701="" class="no-additional-controls">...</div>
  (Session info: chrome=148.0.7778.217)
Build info: version: '4.44.0', revision: 'da2039b'
System info: os.name: 'Windows 11', os.arch: 'amd64', os.version: '10.0', java.version: '22.0.2'
Driver info: org.openqa.selenium.chrome.ChromeDriver
Command: [435397c6b987f0eea4a2ff2a91ad7966, clickElement {id=f.3CDC42D45B7D37B9FDE70CB2680D05B1.d.E4A49A0E16A607AB9420DA04AB5F735C.e.556}]
Capabilities {acceptInsecureCerts: false, browserName: chrome, browserVersion: 148.0.7778.217, chrome: {chromedriverVersion: 148.0.7778.178 (d096af1c9e9..., userDataDir: C:\Users\LZ172CV\AppData\Lo...}, fedcm:accounts: true, goog:chromeOptions: {debuggerAddress: localhost:55800}, goog:processID: 16540, networkConnectionEnabled: false, pageLoadStrategy: normal, platformName: windows, proxy: Proxy(), se:cdp: ws://localhost:55800/devtoo..., se:cdpVersion: 148.0.7778.217, setWindowRect: true, strictFileInteractability: false, timeouts: {implicit: 0, pageLoad: 300000, script: 30000}, unhandledPromptBehavior: dismiss and notify, webauthn:extension:credBlob: true, webauthn:extension:largeBlob: true, webauthn:extension:minPinLength: true, webauthn:extension:prf: true, webauthn:virtualAuthenticators: true}
Element: [[org.openqa.selenium.remote.ShadowRoot@39ba6e40] -> css selector: .motif-truncate.motif-truncate-lines]
Session ID: 435397c6b987f0eea4a2ff2a91ad7966
	at org.openqa.selenium.remote.ErrorCodec.decode(ErrorCodec.java:169)
	at org.openqa.selenium.remote.codec.w3c.W3CHttpResponseCodec.decode(W3CHttpResponseCodec.java:143)
	at org.openqa.selenium.remote.codec.w3c.W3CHttpResponseCodec.decode(W3CHttpResponseCodec.java:50)
	at org.openqa.selenium.remote.HttpCommandExecutor.execute(HttpCommandExecutor.java:224)
	at org.openqa.selenium.remote.service.DriverCommandExecutor.invokeExecute(DriverCommandExecutor.java:217)
	at org.openqa.selenium.remote.service.DriverCommandExecutor.execute(DriverCommandExecutor.java:175)
	at org.openqa.selenium.remote.RemoteWebDriver.execute(RemoteWebDriver.java:600)
	at org.openqa.selenium.remote.RemoteWebElement.execute(RemoteWebElement.java:225)
	at org.openqa.selenium.remote.RemoteWebElement.click(RemoteWebElement.java:79)
	at pageObjects.greenLanes.GreenLanesPage.chooseAdditionalControl(GreenLanesPage.java:275)
	at testCases.greenLanes.GreenLanesTest.verifyGreenLaneCreation(GreenLanesTest.java:77)
	at java.base/jdk.internal.reflect.DirectMethodHandleAccessor.invoke(DirectMethodHandleAccessor.java:103)
	at java.base/java.lang.reflect.Method.invoke(Method.java:580)
	at org.testng.internal.invokers.MethodInvocationHelper.invokeMethod(MethodInvocationHelper.java:141)
	at org.testng.internal.invokers.TestInvoker.invokeMethod(TestInvoker.java:686)
	at org.testng.internal.invokers.TestInvoker.invokeTestMethod(TestInvoker.java:230)
	at org.testng.internal.invokers.MethodRunner.runInSequence(MethodRunner.java:63)
	at org.testng.internal.invokers.TestInvoker$MethodInvocationAgent.invoke(TestInvoker.java:992)
	at org.testng.internal.invokers.TestInvoker.invokeTestMethods(TestInvoker.java:203)
	at org.testng.internal.invokers.TestMethodWorker.invokeTestMethods(TestMethodWorker.java:154)
	at org.testng.internal.invokers.TestMethodWorker.run(TestMethodWorker.java:134)
	at java.base/java.util.ArrayList.forEach(ArrayList.java:1597)
	at org.testng.TestRunner.privateRun(TestRunner.java:739)
	at org.testng.TestRunner.run(TestRunner.java:614)
	at org.testng.SuiteRunner.runTest(SuiteRunner.java:421)
	at org.testng.SuiteRunner.runSequentially(SuiteRunner.java:413)
	at org.testng.SuiteRunner.privateRun(SuiteRunner.java:373)
	at org.testng.SuiteRunner.run(SuiteRunner.java:312)
	at org.testng.SuiteRunnerWorker.runSuite(SuiteRunnerWorker.java:52)
	at org.testng.SuiteRunnerWorker.run(SuiteRunnerWorker.java:95)
	at org.testng.TestNG.runSuitesSequentially(TestNG.java:1274)
	at org.testng.TestNG.runSuitesLocally(TestNG.java:1208)
	at org.testng.TestNG.runSuites(TestNG.java:1112)
	at org.testng.TestNG.run(TestNG.java:1079)
	at com.intellij.rt.testng.IDEARemoteTestNG.run(IDEARemoteTestNG.java:65)
	at com.intellij.rt.testng.RemoteTestNGStarter.main(RemoteTestNGStarter.java:109)
2026-06-02 18:27:36.477 [main] INFO  testCases.greenLanes.GreenLanesTest.log - openSidebar - Sidebar is already opend, no need to click on sidebar/logo icon
2026-06-02 18:27:36.581 [main] INFO  testCases.greenLanes.GreenLanesTest.log - verifyGreenLaneCreation - Clicked on Green Lanes menu item
2026-06-02 18:27:36.644 [main] INFO  testCases.greenLanes.GreenLanesTest.log - verifyGreenLaneCreation - Clicked on Create Green Lane button
2026-06-02 18:27:46.667 [main] ERROR testCases.greenLanes.GreenLanesTest.verifyGreenLaneCreation - Test failed due to exception: 
org.openqa.selenium.NoSuchElementException: no such element: Unable to locate element: {"method":"css selector","selector":"input[aria-label='Name *']"}
  (Session info: chrome=148.0.7778.217)
For documentation on this error, please visit: https://www.selenium.dev/documentation/webdriver/troubleshooting/errors#nosuchelementexception
Build info: version: '4.44.0', revision: 'da2039b'
System info: os.name: 'Windows 11', os.arch: 'amd64', os.version: '10.0', java.version: '22.0.2'
Driver info: org.openqa.selenium.chrome.ChromeDriver
Command: [435397c6b987f0eea4a2ff2a91ad7966, findElement {using=css selector, value=input[aria-label='Name *']}]
Capabilities {acceptInsecureCerts: false, browserName: chrome, browserVersion: 148.0.7778.217, chrome: {chromedriverVersion: 148.0.7778.178 (d096af1c9e9..., userDataDir: C:\Users\LZ172CV\AppData\Lo...}, fedcm:accounts: true, goog:chromeOptions: {debuggerAddress: localhost:55800}, goog:processID: 16540, networkConnectionEnabled: false, pageLoadStrategy: normal, platformName: windows, proxy: Proxy(), se:cdp: ws://localhost:55800/devtoo..., se:cdpVersion: 148.0.7778.217, setWindowRect: true, strictFileInteractability: false, timeouts: {implicit: 0, pageLoad: 300000, script: 30000}, unhandledPromptBehavior: dismiss and notify, webauthn:extension:credBlob: true, webauthn:extension:largeBlob: true, webauthn:extension:minPinLength: true, webauthn:extension:prf: true, webauthn:virtualAuthenticators: true}
Session ID: 435397c6b987f0eea4a2ff2a91ad7966
	at org.openqa.selenium.remote.ErrorCodec.decode(ErrorCodec.java:169)
	at org.openqa.selenium.remote.codec.w3c.W3CHttpResponseCodec.decode(W3CHttpResponseCodec.java:143)
	at org.openqa.selenium.remote.codec.w3c.W3CHttpResponseCodec.decode(W3CHttpResponseCodec.java:50)
	at org.openqa.selenium.remote.HttpCommandExecutor.execute(HttpCommandExecutor.java:224)
	at org.openqa.selenium.remote.service.DriverCommandExecutor.invokeExecute(DriverCommandExecutor.java:217)
	at org.openqa.selenium.remote.service.DriverCommandExecutor.execute(DriverCommandExecutor.java:175)
	at org.openqa.selenium.remote.RemoteWebDriver.execute(RemoteWebDriver.java:600)
	at org.openqa.selenium.remote.ElementLocation$ElementFinder$2.findElement(ElementLocation.java:173)
	at org.openqa.selenium.remote.ElementLocation.findElement(ElementLocation.java:60)
	at org.openqa.selenium.remote.RemoteWebDriver.findElement(RemoteWebDriver.java:421)
	at org.openqa.selenium.remote.RemoteWebDriver.findElement(RemoteWebDriver.java:415)
	at pageObjects.greenLanes.GreenLanesPage.provideName(GreenLanesPage.java:97)
	at testCases.greenLanes.GreenLanesTest.verifyGreenLaneCreation(GreenLanesTest.java:30)
	at java.base/jdk.internal.reflect.DirectMethodHandleAccessor.invoke(DirectMethodHandleAccessor.java:103)
	at java.base/java.lang.reflect.Method.invoke(Method.java:580)
	at org.testng.internal.invokers.MethodInvocationHelper.invokeMethod(MethodInvocationHelper.java:141)
	at org.testng.internal.invokers.TestInvoker.invokeMethod(TestInvoker.java:686)
	at org.testng.internal.invokers.TestInvoker.retryFailed(TestInvoker.java:269)
	at org.testng.internal.invokers.MethodRunner.runInSequence(MethodRunner.java:76)
	at org.testng.internal.invokers.TestInvoker$MethodInvocationAgent.invoke(TestInvoker.java:992)
	at org.testng.internal.invokers.TestInvoker.invokeTestMethods(TestInvoker.java:203)
	at org.testng.internal.invokers.TestMethodWorker.invokeTestMethods(TestMethodWorker.java:154)
	at org.testng.internal.invokers.TestMethodWorker.run(TestMethodWorker.java:134)
	at java.base/java.util.ArrayList.forEach(ArrayList.java:1597)
	at org.testng.TestRunner.privateRun(TestRunner.java:739)
	at org.testng.TestRunner.run(TestRunner.java:614)
	at org.testng.SuiteRunner.runTest(SuiteRunner.java:421)
	at org.testng.SuiteRunner.runSequentially(SuiteRunner.java:413)
	at org.testng.SuiteRunner.privateRun(SuiteRunner.java:373)
	at org.testng.SuiteRunner.run(SuiteRunner.java:312)
	at org.testng.SuiteRunnerWorker.runSuite(SuiteRunnerWorker.java:52)
	at org.testng.SuiteRunnerWorker.run(SuiteRunnerWorker.java:95)
	at org.testng.TestNG.runSuitesSequentially(TestNG.java:1274)
	at org.testng.TestNG.runSuitesLocally(TestNG.java:1208)
	at org.testng.TestNG.runSuites(TestNG.java:1112)
	at org.testng.TestNG.run(TestNG.java:1079)
	at com.intellij.rt.testng.IDEARemoteTestNG.run(IDEARemoteTestNG.java:65)
	at com.intellij.rt.testng.RemoteTestNGStarter.main(RemoteTestNGStarter.java:109)
2026-06-02 18:28:28.134 [main] INFO  org.testng.internal.Utils.info - [TestNG] Running:
  C:\Vaibhav\Automation\TDG_HybridFramework\testng-suites\NewTestCasesSuite.xml

2026-06-02 18:28:28.644 [main] INFO  testCases.greenLanes.GreenLanesTest.setup - >>======>>======>> Automation Engineer (SDET)- Vaibhav Chavan <<======<<======<<
2026-06-02 18:28:28.645 [main] INFO  testCases.greenLanes.GreenLanesTest.setup - --test execution started--
2026-06-02 18:28:34.035 [main] INFO  testCases.greenLanes.GreenLanesTest.log - setup - browser opened
2026-06-02 18:28:34.095 [main] INFO  testCases.greenLanes.GreenLanesTest.log - setup - cookies deleted
2026-06-02 18:28:34.162 [main] INFO  testCases.greenLanes.GreenLanesTest.log - setup - browser maximized
2026-06-02 18:28:34.172 [main] INFO  testCases.greenLanes.GreenLanesTest.log - setup - implicit wait applied for 10 seconds
2026-06-02 18:28:36.028 [main] INFO  testCases.greenLanes.GreenLanesTest.log - setup - provided app URL in browser
2026-06-02 18:28:41.985 [main] INFO  testCases.greenLanes.GreenLanesTest.log - setup - provided email
2026-06-02 18:28:42.156 [main] INFO  testCases.greenLanes.GreenLanesTest.log - setup - clicked on log in button
2026-06-02 18:28:44.256 [main] INFO  testCases.greenLanes.GreenLanesTest.log - openSidebar - Sidebar is already opend, no need to click on sidebar/logo icon
2026-06-02 18:28:44.605 [main] INFO  testCases.greenLanes.GreenLanesTest.log - verifyGreenLaneCreation - Clicked on Green Lanes menu item
2026-06-02 18:28:45.072 [main] INFO  testCases.greenLanes.GreenLanesTest.log - verifyGreenLaneCreation - Clicked on Create Green Lane button
2026-06-02 18:28:46.033 [main] INFO  testCases.greenLanes.GreenLanesTest.log - verifyGreenLaneCreation - Provided name for the new green lane
2026-06-02 18:28:46.238 [main] INFO  testCases.greenLanes.GreenLanesTest.log - verifyGreenLaneCreation - Provided date for the new green lane
2026-06-02 18:28:52.119 [main] INFO  testCases.greenLanes.GreenLanesTest.log - verifyGreenLaneCreation - Selected ownership for the new green lane
2026-06-02 18:28:54.605 [main] INFO  testCases.greenLanes.GreenLanesTest.log - verifyGreenLaneCreation - Selected service line for the new green lane
2026-06-02 18:28:58.036 [main] INFO  testCases.greenLanes.GreenLanesTest.log - verifyGreenLaneCreation - Selected super region for the new green lane
2026-06-02 18:29:00.439 [main] INFO  testCases.greenLanes.GreenLanesTest.log - verifyGreenLaneCreation - Provided description for the new green lane
2026-06-02 18:29:00.579 [main] INFO  testCases.greenLanes.GreenLanesTest.log - verifyGreenLaneCreation - Clicked on Save and Next button to create the green lane
2026-06-02 18:29:03.283 [main] INFO  testCases.greenLanes.GreenLanesTest.log - verifyGreenLaneCreation - Service code provided
2026-06-02 18:29:05.599 [main] INFO  testCases.greenLanes.GreenLanesTest.log - verifyGreenLaneCreation - Data type selected
2026-06-02 18:29:07.748 [main] INFO  testCases.greenLanes.GreenLanesTest.log - verifyGreenLaneCreation - Business purpose selected
2026-06-02 18:29:12.986 [main] INFO  testCases.greenLanes.GreenLanesTest.log - verifyGreenLaneCreation - Origin country selected
2026-06-02 18:29:13.097 [main] INFO  testCases.greenLanes.GreenLanesTest.log - verifyGreenLaneCreation - Clicked on Save and Next button to save Scope and Purpose details
2026-06-02 18:29:14.419 [main] INFO  testCases.greenLanes.GreenLanesTest.log - verifyGreenLaneCreation - Additional control chosen
2026-06-02 18:30:00.207 [main] ERROR testCases.greenLanes.GreenLanesTest.verifyGreenLaneCreation - Test failed due to exception: 
org.openqa.selenium.ElementClickInterceptedException: element click intercepted: Element <button part="button" type="button" class="motif-button motif-button--sm motif-button--primary motif-button--default" aria-pressed="false">...</button> is not clickable at point (1128, 590). Other element would receive the click: <motif-button _ngcontent-ng-c3466919919="" variant="primary" class="hydrated" size="sm" type="button" shape="default" href="">...</motif-button>
  (Session info: chrome=148.0.7778.217)
Build info: version: '4.44.0', revision: 'da2039b'
System info: os.name: 'Windows 11', os.arch: 'amd64', os.version: '10.0', java.version: '22.0.2'
Driver info: org.openqa.selenium.chrome.ChromeDriver
Command: [c192be57d9eccab6fafdfe4c568bff98, clickElement {id=f.83B5404B0FF59C8C572E9877F2B52A5A.d.28F4BF6E15D898D4EF3DDE2BF847B974.e.259}]
Capabilities {acceptInsecureCerts: false, browserName: chrome, browserVersion: 148.0.7778.217, chrome: {chromedriverVersion: 148.0.7778.178 (d096af1c9e9..., userDataDir: C:\Users\LZ172CV\AppData\Lo...}, fedcm:accounts: true, goog:chromeOptions: {debuggerAddress: localhost:59073}, goog:processID: 23980, networkConnectionEnabled: false, pageLoadStrategy: normal, platformName: windows, proxy: Proxy(), se:cdp: ws://localhost:59073/devtoo..., se:cdpVersion: 148.0.7778.217, setWindowRect: true, strictFileInteractability: false, timeouts: {implicit: 0, pageLoad: 300000, script: 30000}, unhandledPromptBehavior: dismiss and notify, webauthn:extension:credBlob: true, webauthn:extension:largeBlob: true, webauthn:extension:minPinLength: true, webauthn:extension:prf: true, webauthn:virtualAuthenticators: true}
Element: [[org.openqa.selenium.remote.ShadowRoot@97468826] -> css selector: .motif-button.motif-button--sm.motif-button--primary.motif-button--default]
Session ID: c192be57d9eccab6fafdfe4c568bff98
	at org.openqa.selenium.remote.ErrorCodec.decode(ErrorCodec.java:169)
	at org.openqa.selenium.remote.codec.w3c.W3CHttpResponseCodec.decode(W3CHttpResponseCodec.java:143)
	at org.openqa.selenium.remote.codec.w3c.W3CHttpResponseCodec.decode(W3CHttpResponseCodec.java:50)
	at org.openqa.selenium.remote.HttpCommandExecutor.execute(HttpCommandExecutor.java:224)
	at org.openqa.selenium.remote.service.DriverCommandExecutor.invokeExecute(DriverCommandExecutor.java:217)
	at org.openqa.selenium.remote.service.DriverCommandExecutor.execute(DriverCommandExecutor.java:175)
	at org.openqa.selenium.remote.RemoteWebDriver.execute(RemoteWebDriver.java:600)
	at org.openqa.selenium.remote.RemoteWebElement.execute(RemoteWebElement.java:225)
	at org.openqa.selenium.remote.RemoteWebElement.click(RemoteWebElement.java:79)
	at pageObjects.greenLanes.GreenLanesPage.clickSaveNext(GreenLanesPage.java:301)
	at testCases.greenLanes.GreenLanesTest.verifyGreenLaneCreation(GreenLanesTest.java:80)
	at java.base/jdk.internal.reflect.DirectMethodHandleAccessor.invoke(DirectMethodHandleAccessor.java:103)
	at java.base/java.lang.reflect.Method.invoke(Method.java:580)
	at org.testng.internal.invokers.MethodInvocationHelper.invokeMethod(MethodInvocationHelper.java:141)
	at org.testng.internal.invokers.TestInvoker.invokeMethod(TestInvoker.java:686)
	at org.testng.internal.invokers.TestInvoker.invokeTestMethod(TestInvoker.java:230)
	at org.testng.internal.invokers.MethodRunner.runInSequence(MethodRunner.java:63)
	at org.testng.internal.invokers.TestInvoker$MethodInvocationAgent.invoke(TestInvoker.java:992)
	at org.testng.internal.invokers.TestInvoker.invokeTestMethods(TestInvoker.java:203)
	at org.testng.internal.invokers.TestMethodWorker.invokeTestMethods(TestMethodWorker.java:154)
	at org.testng.internal.invokers.TestMethodWorker.run(TestMethodWorker.java:134)
	at java.base/java.util.ArrayList.forEach(ArrayList.java:1597)
	at org.testng.TestRunner.privateRun(TestRunner.java:739)
	at org.testng.TestRunner.run(TestRunner.java:614)
	at org.testng.SuiteRunner.runTest(SuiteRunner.java:421)
	at org.testng.SuiteRunner.runSequentially(SuiteRunner.java:413)
	at org.testng.SuiteRunner.privateRun(SuiteRunner.java:373)
	at org.testng.SuiteRunner.run(SuiteRunner.java:312)
	at org.testng.SuiteRunnerWorker.runSuite(SuiteRunnerWorker.java:52)
	at org.testng.SuiteRunnerWorker.run(SuiteRunnerWorker.java:95)
	at org.testng.TestNG.runSuitesSequentially(TestNG.java:1274)
	at org.testng.TestNG.runSuitesLocally(TestNG.java:1208)
	at org.testng.TestNG.runSuites(TestNG.java:1112)
	at org.testng.TestNG.run(TestNG.java:1079)
	at com.intellij.rt.testng.IDEARemoteTestNG.run(IDEARemoteTestNG.java:65)
	at com.intellij.rt.testng.RemoteTestNGStarter.main(RemoteTestNGStarter.java:109)
2026-06-02 18:30:00.345 [main] INFO  testCases.greenLanes.GreenLanesTest.log - openSidebar - Sidebar is already opend, no need to click on sidebar/logo icon
2026-06-02 18:33:02.457 [main] INFO  org.testng.internal.Utils.info - [TestNG] Running:
  C:\Vaibhav\Automation\TDG_HybridFramework\testng-suites\NewTestCasesSuite.xml

2026-06-02 18:33:02.911 [main] INFO  testCases.greenLanes.GreenLanesTest.setup - >>======>>======>> Automation Engineer (SDET)- Vaibhav Chavan <<======<<======<<
2026-06-02 18:33:02.912 [main] INFO  testCases.greenLanes.GreenLanesTest.setup - --test execution started--
2026-06-02 18:33:07.641 [main] INFO  testCases.greenLanes.GreenLanesTest.log - setup - browser opened
2026-06-02 18:33:07.740 [main] INFO  testCases.greenLanes.GreenLanesTest.log - setup - cookies deleted
2026-06-02 18:33:07.845 [main] INFO  testCases.greenLanes.GreenLanesTest.log - setup - browser maximized
2026-06-02 18:33:07.904 [main] INFO  testCases.greenLanes.GreenLanesTest.log - setup - implicit wait applied for 10 seconds
2026-06-02 18:33:13.026 [main] INFO  testCases.greenLanes.GreenLanesTest.log - setup - provided app URL in browser
2026-06-02 18:33:15.534 [main] INFO  testCases.greenLanes.GreenLanesTest.log - setup - provided email
2026-06-02 18:33:15.687 [main] INFO  testCases.greenLanes.GreenLanesTest.log - setup - clicked on log in button
2026-06-02 18:33:17.742 [main] INFO  testCases.greenLanes.GreenLanesTest.log - openSidebar - Sidebar is already opend, no need to click on sidebar/logo icon
2026-06-02 18:33:18.003 [main] INFO  testCases.greenLanes.GreenLanesTest.log - verifyGreenLaneCreation - Clicked on Green Lanes menu item
2026-06-02 18:33:18.385 [main] INFO  testCases.greenLanes.GreenLanesTest.log - verifyGreenLaneCreation - Clicked on Create Green Lane button
2026-06-02 18:33:19.612 [main] INFO  testCases.greenLanes.GreenLanesTest.log - verifyGreenLaneCreation - Provided name for the new green lane
2026-06-02 18:33:19.860 [main] INFO  testCases.greenLanes.GreenLanesTest.log - verifyGreenLaneCreation - Provided date for the new green lane
2026-06-02 18:33:25.532 [main] INFO  testCases.greenLanes.GreenLanesTest.log - verifyGreenLaneCreation - Selected ownership for the new green lane
2026-06-02 18:33:28.549 [main] INFO  testCases.greenLanes.GreenLanesTest.log - verifyGreenLaneCreation - Selected service line for the new green lane
2026-06-02 18:33:31.092 [main] INFO  testCases.greenLanes.GreenLanesTest.log - verifyGreenLaneCreation - Selected super region for the new green lane
2026-06-02 18:33:33.413 [main] INFO  testCases.greenLanes.GreenLanesTest.log - verifyGreenLaneCreation - Provided description for the new green lane
2026-06-02 18:33:33.626 [main] INFO  testCases.greenLanes.GreenLanesTest.log - verifyGreenLaneCreation - Clicked on Save and Next button to create the green lane
2026-06-02 18:33:36.635 [main] INFO  testCases.greenLanes.GreenLanesTest.log - verifyGreenLaneCreation - Service code provided
2026-06-02 18:33:38.810 [main] INFO  testCases.greenLanes.GreenLanesTest.log - verifyGreenLaneCreation - Data type selected
2026-06-02 18:33:40.967 [main] INFO  testCases.greenLanes.GreenLanesTest.log - verifyGreenLaneCreation - Business purpose selected
2026-06-02 18:33:46.174 [main] INFO  testCases.greenLanes.GreenLanesTest.log - verifyGreenLaneCreation - Origin country selected
2026-06-02 18:33:46.277 [main] INFO  testCases.greenLanes.GreenLanesTest.log - verifyGreenLaneCreation - Clicked on Save and Next button to save Scope and Purpose details
2026-06-02 18:33:48.716 [main] ERROR testCases.greenLanes.GreenLanesTest.verifyGreenLaneCreation - Test failed due to exception: 
org.openqa.selenium.ElementClickInterceptedException: element click intercepted: Element <span part="content" class="motif-truncate motif-truncate-lines">...</span> is not clickable at point (1059, 652). Other element would receive the click: <div _ngcontent-ng-c1648262701="" class="no-additional-controls">...</div>
  (Session info: chrome=148.0.7778.217)
Build info: version: '4.44.0', revision: 'da2039b'
System info: os.name: 'Windows 11', os.arch: 'amd64', os.version: '10.0', java.version: '22.0.2'
Driver info: org.openqa.selenium.chrome.ChromeDriver
Command: [b886f37c6ac787bb7906ddb40205756b, clickElement {id=f.06C5636EEE1FC593DE9FE0B02E0DB324.d.485C4070EC4388B4E782C642D153E1DD.e.559}]
Capabilities {acceptInsecureCerts: false, browserName: chrome, browserVersion: 148.0.7778.217, chrome: {chromedriverVersion: 148.0.7778.178 (d096af1c9e9..., userDataDir: C:\Users\LZ172CV\AppData\Lo...}, fedcm:accounts: true, goog:chromeOptions: {debuggerAddress: localhost:52856}, goog:processID: 35824, networkConnectionEnabled: false, pageLoadStrategy: normal, platformName: windows, proxy: Proxy(), se:cdp: ws://localhost:52856/devtoo..., se:cdpVersion: 148.0.7778.217, setWindowRect: true, strictFileInteractability: false, timeouts: {implicit: 0, pageLoad: 300000, script: 30000}, unhandledPromptBehavior: dismiss and notify, webauthn:extension:credBlob: true, webauthn:extension:largeBlob: true, webauthn:extension:minPinLength: true, webauthn:extension:prf: true, webauthn:virtualAuthenticators: true}
Element: [[org.openqa.selenium.remote.ShadowRoot@f8d36186] -> css selector: .motif-truncate.motif-truncate-lines]
Session ID: b886f37c6ac787bb7906ddb40205756b
	at org.openqa.selenium.remote.ErrorCodec.decode(ErrorCodec.java:169)
	at org.openqa.selenium.remote.codec.w3c.W3CHttpResponseCodec.decode(W3CHttpResponseCodec.java:143)
	at org.openqa.selenium.remote.codec.w3c.W3CHttpResponseCodec.decode(W3CHttpResponseCodec.java:50)
	at org.openqa.selenium.remote.HttpCommandExecutor.execute(HttpCommandExecutor.java:224)
	at org.openqa.selenium.remote.service.DriverCommandExecutor.invokeExecute(DriverCommandExecutor.java:217)
	at org.openqa.selenium.remote.service.DriverCommandExecutor.execute(DriverCommandExecutor.java:175)
	at org.openqa.selenium.remote.RemoteWebDriver.execute(RemoteWebDriver.java:600)
	at org.openqa.selenium.remote.RemoteWebElement.execute(RemoteWebElement.java:225)
	at org.openqa.selenium.remote.RemoteWebElement.click(RemoteWebElement.java:79)
	at pageObjects.greenLanes.GreenLanesPage.chooseAdditionalControl(GreenLanesPage.java:275)
	at testCases.greenLanes.GreenLanesTest.verifyGreenLaneCreation(GreenLanesTest.java:77)
	at java.base/jdk.internal.reflect.DirectMethodHandleAccessor.invoke(DirectMethodHandleAccessor.java:103)
	at java.base/java.lang.reflect.Method.invoke(Method.java:580)
	at org.testng.internal.invokers.MethodInvocationHelper.invokeMethod(MethodInvocationHelper.java:141)
	at org.testng.internal.invokers.TestInvoker.invokeMethod(TestInvoker.java:686)
	at org.testng.internal.invokers.TestInvoker.invokeTestMethod(TestInvoker.java:230)
	at org.testng.internal.invokers.MethodRunner.runInSequence(MethodRunner.java:63)
	at org.testng.internal.invokers.TestInvoker$MethodInvocationAgent.invoke(TestInvoker.java:992)
	at org.testng.internal.invokers.TestInvoker.invokeTestMethods(TestInvoker.java:203)
	at org.testng.internal.invokers.TestMethodWorker.invokeTestMethods(TestMethodWorker.java:154)
	at org.testng.internal.invokers.TestMethodWorker.run(TestMethodWorker.java:134)
	at java.base/java.util.ArrayList.forEach(ArrayList.java:1597)
	at org.testng.TestRunner.privateRun(TestRunner.java:739)
	at org.testng.TestRunner.run(TestRunner.java:614)
	at org.testng.SuiteRunner.runTest(SuiteRunner.java:421)
	at org.testng.SuiteRunner.runSequentially(SuiteRunner.java:413)
	at org.testng.SuiteRunner.privateRun(SuiteRunner.java:373)
	at org.testng.SuiteRunner.run(SuiteRunner.java:312)
	at org.testng.SuiteRunnerWorker.runSuite(SuiteRunnerWorker.java:52)
	at org.testng.SuiteRunnerWorker.run(SuiteRunnerWorker.java:95)
	at org.testng.TestNG.runSuitesSequentially(TestNG.java:1274)
	at org.testng.TestNG.runSuitesLocally(TestNG.java:1208)
	at org.testng.TestNG.runSuites(TestNG.java:1112)
	at org.testng.TestNG.run(TestNG.java:1079)
	at com.intellij.rt.testng.IDEARemoteTestNG.run(IDEARemoteTestNG.java:65)
	at com.intellij.rt.testng.RemoteTestNGStarter.main(RemoteTestNGStarter.java:109)
2026-06-02 18:33:48.783 [main] INFO  testCases.greenLanes.GreenLanesTest.log - openSidebar - Sidebar is already opend, no need to click on sidebar/logo icon
2026-06-02 18:33:48.880 [main] INFO  testCases.greenLanes.GreenLanesTest.log - verifyGreenLaneCreation - Clicked on Green Lanes menu item
2026-06-02 18:33:48.983 [main] INFO  testCases.greenLanes.GreenLanesTest.log - verifyGreenLaneCreation - Clicked on Create Green Lane button
2026-06-02 18:33:59.034 [main] ERROR testCases.greenLanes.GreenLanesTest.verifyGreenLaneCreation - Test failed due to exception: 
org.openqa.selenium.NoSuchElementException: no such element: Unable to locate element: {"method":"css selector","selector":"input[aria-label='Name *']"}
  (Session info: chrome=148.0.7778.217)
For documentation on this error, please visit: https://www.selenium.dev/documentation/webdriver/troubleshooting/errors#nosuchelementexception
Build info: version: '4.44.0', revision: 'da2039b'
System info: os.name: 'Windows 11', os.arch: 'amd64', os.version: '10.0', java.version: '22.0.2'
Driver info: org.openqa.selenium.chrome.ChromeDriver
Command: [b886f37c6ac787bb7906ddb40205756b, findElement {using=css selector, value=input[aria-label='Name *']}]
Capabilities {acceptInsecureCerts: false, browserName: chrome, browserVersion: 148.0.7778.217, chrome: {chromedriverVersion: 148.0.7778.178 (d096af1c9e9..., userDataDir: C:\Users\LZ172CV\AppData\Lo...}, fedcm:accounts: true, goog:chromeOptions: {debuggerAddress: localhost:52856}, goog:processID: 35824, networkConnectionEnabled: false, pageLoadStrategy: normal, platformName: windows, proxy: Proxy(), se:cdp: ws://localhost:52856/devtoo..., se:cdpVersion: 148.0.7778.217, setWindowRect: true, strictFileInteractability: false, timeouts: {implicit: 0, pageLoad: 300000, script: 30000}, unhandledPromptBehavior: dismiss and notify, webauthn:extension:credBlob: true, webauthn:extension:largeBlob: true, webauthn:extension:minPinLength: true, webauthn:extension:prf: true, webauthn:virtualAuthenticators: true}
Session ID: b886f37c6ac787bb7906ddb40205756b
	at org.openqa.selenium.remote.ErrorCodec.decode(ErrorCodec.java:169)
	at org.openqa.selenium.remote.codec.w3c.W3CHttpResponseCodec.decode(W3CHttpResponseCodec.java:143)
	at org.openqa.selenium.remote.codec.w3c.W3CHttpResponseCodec.decode(W3CHttpResponseCodec.java:50)
	at org.openqa.selenium.remote.HttpCommandExecutor.execute(HttpCommandExecutor.java:224)
	at org.openqa.selenium.remote.service.DriverCommandExecutor.invokeExecute(DriverCommandExecutor.java:217)
	at org.openqa.selenium.remote.service.DriverCommandExecutor.execute(DriverCommandExecutor.java:175)
	at org.openqa.selenium.remote.RemoteWebDriver.execute(RemoteWebDriver.java:600)
	at org.openqa.selenium.remote.ElementLocation$ElementFinder$2.findElement(ElementLocation.java:173)
	at org.openqa.selenium.remote.ElementLocation.findElement(ElementLocation.java:60)
	at org.openqa.selenium.remote.RemoteWebDriver.findElement(RemoteWebDriver.java:421)
	at org.openqa.selenium.remote.RemoteWebDriver.findElement(RemoteWebDriver.java:415)
	at pageObjects.greenLanes.GreenLanesPage.provideName(GreenLanesPage.java:97)
	at testCases.greenLanes.GreenLanesTest.verifyGreenLaneCreation(GreenLanesTest.java:30)
	at java.base/jdk.internal.reflect.DirectMethodHandleAccessor.invoke(DirectMethodHandleAccessor.java:103)
	at java.base/java.lang.reflect.Method.invoke(Method.java:580)
	at org.testng.internal.invokers.MethodInvocationHelper.invokeMethod(MethodInvocationHelper.java:141)
	at org.testng.internal.invokers.TestInvoker.invokeMethod(TestInvoker.java:686)
	at org.testng.internal.invokers.TestInvoker.retryFailed(TestInvoker.java:269)
	at org.testng.internal.invokers.MethodRunner.runInSequence(MethodRunner.java:76)
	at org.testng.internal.invokers.TestInvoker$MethodInvocationAgent.invoke(TestInvoker.java:992)
	at org.testng.internal.invokers.TestInvoker.invokeTestMethods(TestInvoker.java:203)
	at org.testng.internal.invokers.TestMethodWorker.invokeTestMethods(TestMethodWorker.java:154)
	at org.testng.internal.invokers.TestMethodWorker.run(TestMethodWorker.java:134)
	at java.base/java.util.ArrayList.forEach(ArrayList.java:1597)
	at org.testng.TestRunner.privateRun(TestRunner.java:739)
	at org.testng.TestRunner.run(TestRunner.java:614)
	at org.testng.SuiteRunner.runTest(SuiteRunner.java:421)
	at org.testng.SuiteRunner.runSequentially(SuiteRunner.java:413)
	at org.testng.SuiteRunner.privateRun(SuiteRunner.java:373)
	at org.testng.SuiteRunner.run(SuiteRunner.java:312)
	at org.testng.SuiteRunnerWorker.runSuite(SuiteRunnerWorker.java:52)
	at org.testng.SuiteRunnerWorker.run(SuiteRunnerWorker.java:95)
	at org.testng.TestNG.runSuitesSequentially(TestNG.java:1274)
	at org.testng.TestNG.runSuitesLocally(TestNG.java:1208)
	at org.testng.TestNG.runSuites(TestNG.java:1112)
	at org.testng.TestNG.run(TestNG.java:1079)
	at com.intellij.rt.testng.IDEARemoteTestNG.run(IDEARemoteTestNG.java:65)
	at com.intellij.rt.testng.RemoteTestNGStarter.main(RemoteTestNGStarter.java:109)
2026-06-02 18:37:56.122 [main] INFO  org.testng.internal.Utils.info - [TestNG] Running:
  C:\Vaibhav\Automation\TDG_HybridFramework\testng-suites\NewTestCasesSuite.xml

2026-06-02 18:37:56.577 [main] INFO  testCases.greenLanes.GreenLanesTest.setup - >>======>>======>> Automation Engineer (SDET)- Vaibhav Chavan <<======<<======<<
2026-06-02 18:37:56.577 [main] INFO  testCases.greenLanes.GreenLanesTest.setup - --test execution started--
2026-06-02 18:38:01.423 [main] INFO  testCases.greenLanes.GreenLanesTest.log - setup - browser opened
2026-06-02 18:38:01.517 [main] INFO  testCases.greenLanes.GreenLanesTest.log - setup - cookies deleted
2026-06-02 18:38:01.620 [main] INFO  testCases.greenLanes.GreenLanesTest.log - setup - browser maximized
2026-06-02 18:38:01.671 [main] INFO  testCases.greenLanes.GreenLanesTest.log - setup - implicit wait applied for 10 seconds
2026-06-02 18:38:06.864 [main] INFO  testCases.greenLanes.GreenLanesTest.log - setup - provided app URL in browser
2026-06-02 18:38:09.357 [main] INFO  testCases.greenLanes.GreenLanesTest.log - setup - provided email
2026-06-02 18:38:09.517 [main] INFO  testCases.greenLanes.GreenLanesTest.log - setup - clicked on log in button
2026-06-02 18:38:11.591 [main] INFO  testCases.greenLanes.GreenLanesTest.log - openSidebar - Sidebar is already opend, no need to click on sidebar/logo icon
2026-06-02 18:38:11.871 [main] INFO  testCases.greenLanes.GreenLanesTest.log - verifyGreenLaneCreation - Clicked on Green Lanes menu item
2026-06-02 18:38:12.450 [main] INFO  testCases.greenLanes.GreenLanesTest.log - verifyGreenLaneCreation - Clicked on Create Green Lane button
2026-06-02 18:38:13.333 [main] INFO  testCases.greenLanes.GreenLanesTest.log - verifyGreenLaneCreation - Provided name for the new green lane
2026-06-02 18:38:13.585 [main] INFO  testCases.greenLanes.GreenLanesTest.log - verifyGreenLaneCreation - Provided date for the new green lane
2026-06-02 18:38:19.478 [main] INFO  testCases.greenLanes.GreenLanesTest.log - verifyGreenLaneCreation - Selected ownership for the new green lane
2026-06-02 18:38:22.162 [main] INFO  testCases.greenLanes.GreenLanesTest.log - verifyGreenLaneCreation - Selected service line for the new green lane
2026-06-02 18:38:24.626 [main] INFO  testCases.greenLanes.GreenLanesTest.log - verifyGreenLaneCreation - Selected super region for the new green lane
2026-06-02 18:38:27.001 [main] INFO  testCases.greenLanes.GreenLanesTest.log - verifyGreenLaneCreation - Provided description for the new green lane
2026-06-02 18:38:27.131 [main] INFO  testCases.greenLanes.GreenLanesTest.log - verifyGreenLaneCreation - Clicked on Save and Next button to create the green lane
2026-06-02 18:38:31.268 [main] INFO  testCases.greenLanes.GreenLanesTest.log - verifyGreenLaneCreation - Service code provided
2026-06-02 18:38:33.424 [main] INFO  testCases.greenLanes.GreenLanesTest.log - verifyGreenLaneCreation - Data type selected
2026-06-02 18:38:35.598 [main] INFO  testCases.greenLanes.GreenLanesTest.log - verifyGreenLaneCreation - Business purpose selected
2026-06-02 18:38:40.869 [main] INFO  testCases.greenLanes.GreenLanesTest.log - verifyGreenLaneCreation - Origin country selected
2026-06-02 18:38:40.964 [main] INFO  testCases.greenLanes.GreenLanesTest.log - verifyGreenLaneCreation - Clicked on Save and Next button to save Scope and Purpose details
2026-06-02 18:38:42.288 [main] INFO  testCases.greenLanes.GreenLanesTest.log - verifyGreenLaneCreation - Additional control chosen
2026-06-02 18:40:00.735 [main] INFO  testCases.greenLanes.GreenLanesTest.log - verifyGreenLaneCreation - Clicked on Save and Next button to save Control Categories and Controls details
2026-06-02 18:40:27.276 [main] INFO  org.testng.internal.Utils.info - [TestNG] Running:
  C:\Vaibhav\Automation\TDG_HybridFramework\testng-suites\NewTestCasesSuite.xml

2026-06-02 18:40:27.751 [main] INFO  testCases.greenLanes.GreenLanesTest.setup - >>======>>======>> Automation Engineer (SDET)- Vaibhav Chavan <<======<<======<<
2026-06-02 18:40:27.752 [main] INFO  testCases.greenLanes.GreenLanesTest.setup - --test execution started--
2026-06-02 18:40:32.653 [main] INFO  testCases.greenLanes.GreenLanesTest.log - setup - browser opened
2026-06-02 18:40:32.736 [main] INFO  testCases.greenLanes.GreenLanesTest.log - setup - cookies deleted
2026-06-02 18:40:32.834 [main] INFO  testCases.greenLanes.GreenLanesTest.log - setup - browser maximized
2026-06-02 18:40:32.875 [main] INFO  testCases.greenLanes.GreenLanesTest.log - setup - implicit wait applied for 10 seconds
2026-06-02 18:40:34.054 [main] INFO  testCases.greenLanes.GreenLanesTest.log - setup - provided app URL in browser
2026-06-02 18:40:40.688 [main] INFO  testCases.greenLanes.GreenLanesTest.log - setup - provided email
2026-06-02 18:40:41.177 [main] INFO  testCases.greenLanes.GreenLanesTest.log - setup - clicked on log in button
2026-06-02 18:40:43.270 [main] INFO  testCases.greenLanes.GreenLanesTest.log - openSidebar - Sidebar is already opend, no need to click on sidebar/logo icon
2026-06-02 18:40:43.576 [main] INFO  testCases.greenLanes.GreenLanesTest.log - verifyGreenLaneCreation - Clicked on Green Lanes menu item
2026-06-02 18:40:44.098 [main] INFO  testCases.greenLanes.GreenLanesTest.log - verifyGreenLaneCreation - Clicked on Create Green Lane button
2026-06-02 18:40:45.016 [main] INFO  testCases.greenLanes.GreenLanesTest.log - verifyGreenLaneCreation - Provided name for the new green lane
2026-06-02 18:40:45.343 [main] INFO  testCases.greenLanes.GreenLanesTest.log - verifyGreenLaneCreation - Provided date for the new green lane
2026-06-02 18:40:51.289 [main] INFO  testCases.greenLanes.GreenLanesTest.log - verifyGreenLaneCreation - Selected ownership for the new green lane
2026-06-02 18:40:54.287 [main] INFO  testCases.greenLanes.GreenLanesTest.log - verifyGreenLaneCreation - Selected service line for the new green lane
2026-06-02 18:40:56.957 [main] INFO  testCases.greenLanes.GreenLanesTest.log - verifyGreenLaneCreation - Selected super region for the new green lane
2026-06-02 18:40:59.332 [main] INFO  testCases.greenLanes.GreenLanesTest.log - verifyGreenLaneCreation - Provided description for the new green lane
2026-06-02 18:40:59.480 [main] INFO  testCases.greenLanes.GreenLanesTest.log - verifyGreenLaneCreation - Clicked on Save and Next button to create the green lane
2026-06-02 18:41:02.274 [main] INFO  testCases.greenLanes.GreenLanesTest.log - verifyGreenLaneCreation - Service code provided
2026-06-02 18:41:04.478 [main] INFO  testCases.greenLanes.GreenLanesTest.log - verifyGreenLaneCreation - Data type selected
2026-06-02 18:41:06.631 [main] INFO  testCases.greenLanes.GreenLanesTest.log - verifyGreenLaneCreation - Business purpose selected
2026-06-02 18:41:11.902 [main] INFO  testCases.greenLanes.GreenLanesTest.log - verifyGreenLaneCreation - Origin country selected
2026-06-02 18:41:12.002 [main] INFO  testCases.greenLanes.GreenLanesTest.log - verifyGreenLaneCreation - Clicked on Save and Next button to save Scope and Purpose details
2026-06-02 18:41:14.239 [main] ERROR testCases.greenLanes.GreenLanesTest.verifyGreenLaneCreation - Test failed due to exception: 
org.openqa.selenium.ElementClickInterceptedException: element click intercepted: Element <span part="content" class="motif-truncate motif-truncate-lines">...</span> is not clickable at point (1059, 653). Other element would receive the click: <motif-chip _ngcontent-ng-c1648262701="" variant="default" outlined="" class="motif-chip-default motif-chip-outlined motif-chip-type-default hydrated" tabindex="0" type="default" close-btn-aria-label="Close chip">...</motif-chip>
  (Session info: chrome=148.0.7778.217)
Build info: version: '4.44.0', revision: 'da2039b'
System info: os.name: 'Windows 11', os.arch: 'amd64', os.version: '10.0', java.version: '22.0.2'
Driver info: org.openqa.selenium.chrome.ChromeDriver
Command: [03e7bfe76aac38ea87865bac89c8c8fb, clickElement {id=f.76B2E0FBD5002507A305E763CD1FD2C2.d.05F759B881BDBB19CEA58B2AACC0E926.e.558}]
Capabilities {acceptInsecureCerts: false, browserName: chrome, browserVersion: 148.0.7778.217, chrome: {chromedriverVersion: 148.0.7778.178 (d096af1c9e9..., userDataDir: C:\Users\LZ172CV\AppData\Lo...}, fedcm:accounts: true, goog:chromeOptions: {debuggerAddress: localhost:64077}, goog:processID: 34512, networkConnectionEnabled: false, pageLoadStrategy: normal, platformName: windows, proxy: Proxy(), se:cdp: ws://localhost:64077/devtoo..., se:cdpVersion: 148.0.7778.217, setWindowRect: true, strictFileInteractability: false, timeouts: {implicit: 0, pageLoad: 300000, script: 30000}, unhandledPromptBehavior: dismiss and notify, webauthn:extension:credBlob: true, webauthn:extension:largeBlob: true, webauthn:extension:minPinLength: true, webauthn:extension:prf: true, webauthn:virtualAuthenticators: true}
Element: [[org.openqa.selenium.remote.ShadowRoot@fc7f08d9] -> css selector: .motif-truncate.motif-truncate-lines]
Session ID: 03e7bfe76aac38ea87865bac89c8c8fb
	at org.openqa.selenium.remote.ErrorCodec.decode(ErrorCodec.java:169)
	at org.openqa.selenium.remote.codec.w3c.W3CHttpResponseCodec.decode(W3CHttpResponseCodec.java:143)
	at org.openqa.selenium.remote.codec.w3c.W3CHttpResponseCodec.decode(W3CHttpResponseCodec.java:50)
	at org.openqa.selenium.remote.HttpCommandExecutor.execute(HttpCommandExecutor.java:224)
	at org.openqa.selenium.remote.service.DriverCommandExecutor.invokeExecute(DriverCommandExecutor.java:217)
	at org.openqa.selenium.remote.service.DriverCommandExecutor.execute(DriverCommandExecutor.java:175)
	at org.openqa.selenium.remote.RemoteWebDriver.execute(RemoteWebDriver.java:600)
	at org.openqa.selenium.remote.RemoteWebElement.execute(RemoteWebElement.java:225)
	at org.openqa.selenium.remote.RemoteWebElement.click(RemoteWebElement.java:79)
	at pageObjects.greenLanes.GreenLanesPage.chooseAdditionalControl(GreenLanesPage.java:276)
	at testCases.greenLanes.GreenLanesTest.verifyGreenLaneCreation(GreenLanesTest.java:77)
	at java.base/jdk.internal.reflect.DirectMethodHandleAccessor.invoke(DirectMethodHandleAccessor.java:103)
	at java.base/java.lang.reflect.Method.invoke(Method.java:580)
	at org.testng.internal.invokers.MethodInvocationHelper.invokeMethod(MethodInvocationHelper.java:141)
	at org.testng.internal.invokers.TestInvoker.invokeMethod(TestInvoker.java:686)
	at org.testng.internal.invokers.TestInvoker.invokeTestMethod(TestInvoker.java:230)
	at org.testng.internal.invokers.MethodRunner.runInSequence(MethodRunner.java:63)
	at org.testng.internal.invokers.TestInvoker$MethodInvocationAgent.invoke(TestInvoker.java:992)
	at org.testng.internal.invokers.TestInvoker.invokeTestMethods(TestInvoker.java:203)
	at org.testng.internal.invokers.TestMethodWorker.invokeTestMethods(TestMethodWorker.java:154)
	at org.testng.internal.invokers.TestMethodWorker.run(TestMethodWorker.java:134)
	at java.base/java.util.ArrayList.forEach(ArrayList.java:1597)
	at org.testng.TestRunner.privateRun(TestRunner.java:739)
	at org.testng.TestRunner.run(TestRunner.java:614)
	at org.testng.SuiteRunner.runTest(SuiteRunner.java:421)
	at org.testng.SuiteRunner.runSequentially(SuiteRunner.java:413)
	at org.testng.SuiteRunner.privateRun(SuiteRunner.java:373)
	at org.testng.SuiteRunner.run(SuiteRunner.java:312)
	at org.testng.SuiteRunnerWorker.runSuite(SuiteRunnerWorker.java:52)
	at org.testng.SuiteRunnerWorker.run(SuiteRunnerWorker.java:95)
	at org.testng.TestNG.runSuitesSequentially(TestNG.java:1274)
	at org.testng.TestNG.runSuitesLocally(TestNG.java:1208)
	at org.testng.TestNG.runSuites(TestNG.java:1112)
	at org.testng.TestNG.run(TestNG.java:1079)
	at com.intellij.rt.testng.IDEARemoteTestNG.run(IDEARemoteTestNG.java:65)
	at com.intellij.rt.testng.RemoteTestNGStarter.main(RemoteTestNGStarter.java:109)
2026-06-02 18:41:14.315 [main] INFO  testCases.greenLanes.GreenLanesTest.log - openSidebar - Sidebar is already opend, no need to click on sidebar/logo icon
2026-06-02 18:41:14.443 [main] INFO  testCases.greenLanes.GreenLanesTest.log - verifyGreenLaneCreation - Clicked on Green Lanes menu item
2026-06-02 18:41:14.510 [main] INFO  testCases.greenLanes.GreenLanesTest.log - verifyGreenLaneCreation - Clicked on Create Green Lane button
2026-06-02 18:41:24.551 [main] ERROR testCases.greenLanes.GreenLanesTest.verifyGreenLaneCreation - Test failed due to exception: 
org.openqa.selenium.NoSuchElementException: no such element: Unable to locate element: {"method":"css selector","selector":"input[aria-label='Name *']"}
  (Session info: chrome=148.0.7778.217)
For documentation on this error, please visit: https://www.selenium.dev/documentation/webdriver/troubleshooting/errors#nosuchelementexception
Build info: version: '4.44.0', revision: 'da2039b'
System info: os.name: 'Windows 11', os.arch: 'amd64', os.version: '10.0', java.version: '22.0.2'
Driver info: org.openqa.selenium.chrome.ChromeDriver
Command: [03e7bfe76aac38ea87865bac89c8c8fb, findElement {value=input[aria-label='Name *'], using=css selector}]
Capabilities {acceptInsecureCerts: false, browserName: chrome, browserVersion: 148.0.7778.217, chrome: {chromedriverVersion: 148.0.7778.178 (d096af1c9e9..., userDataDir: C:\Users\LZ172CV\AppData\Lo...}, fedcm:accounts: true, goog:chromeOptions: {debuggerAddress: localhost:64077}, goog:processID: 34512, networkConnectionEnabled: false, pageLoadStrategy: normal, platformName: windows, proxy: Proxy(), se:cdp: ws://localhost:64077/devtoo..., se:cdpVersion: 148.0.7778.217, setWindowRect: true, strictFileInteractability: false, timeouts: {implicit: 0, pageLoad: 300000, script: 30000}, unhandledPromptBehavior: dismiss and notify, webauthn:extension:credBlob: true, webauthn:extension:largeBlob: true, webauthn:extension:minPinLength: true, webauthn:extension:prf: true, webauthn:virtualAuthenticators: true}
Session ID: 03e7bfe76aac38ea87865bac89c8c8fb
	at org.openqa.selenium.remote.ErrorCodec.decode(ErrorCodec.java:169)
	at org.openqa.selenium.remote.codec.w3c.W3CHttpResponseCodec.decode(W3CHttpResponseCodec.java:143)
	at org.openqa.selenium.remote.codec.w3c.W3CHttpResponseCodec.decode(W3CHttpResponseCodec.java:50)
	at org.openqa.selenium.remote.HttpCommandExecutor.execute(HttpCommandExecutor.java:224)
	at org.openqa.selenium.remote.service.DriverCommandExecutor.invokeExecute(DriverCommandExecutor.java:217)
	at org.openqa.selenium.remote.service.DriverCommandExecutor.execute(DriverCommandExecutor.java:175)
	at org.openqa.selenium.remote.RemoteWebDriver.execute(RemoteWebDriver.java:600)
	at org.openqa.selenium.remote.ElementLocation$ElementFinder$2.findElement(ElementLocation.java:173)
	at org.openqa.selenium.remote.ElementLocation.findElement(ElementLocation.java:60)
	at org.openqa.selenium.remote.RemoteWebDriver.findElement(RemoteWebDriver.java:421)
	at org.openqa.selenium.remote.RemoteWebDriver.findElement(RemoteWebDriver.java:415)
	at pageObjects.greenLanes.GreenLanesPage.provideName(GreenLanesPage.java:98)
	at testCases.greenLanes.GreenLanesTest.verifyGreenLaneCreation(GreenLanesTest.java:30)
	at java.base/jdk.internal.reflect.DirectMethodHandleAccessor.invoke(DirectMethodHandleAccessor.java:103)
	at java.base/java.lang.reflect.Method.invoke(Method.java:580)
	at org.testng.internal.invokers.MethodInvocationHelper.invokeMethod(MethodInvocationHelper.java:141)
	at org.testng.internal.invokers.TestInvoker.invokeMethod(TestInvoker.java:686)
	at org.testng.internal.invokers.TestInvoker.retryFailed(TestInvoker.java:269)
	at org.testng.internal.invokers.MethodRunner.runInSequence(MethodRunner.java:76)
	at org.testng.internal.invokers.TestInvoker$MethodInvocationAgent.invoke(TestInvoker.java:992)
	at org.testng.internal.invokers.TestInvoker.invokeTestMethods(TestInvoker.java:203)
	at org.testng.internal.invokers.TestMethodWorker.invokeTestMethods(TestMethodWorker.java:154)
	at org.testng.internal.invokers.TestMethodWorker.run(TestMethodWorker.java:134)
	at java.base/java.util.ArrayList.forEach(ArrayList.java:1597)
	at org.testng.TestRunner.privateRun(TestRunner.java:739)
	at org.testng.TestRunner.run(TestRunner.java:614)
	at org.testng.SuiteRunner.runTest(SuiteRunner.java:421)
	at org.testng.SuiteRunner.runSequentially(SuiteRunner.java:413)
	at org.testng.SuiteRunner.privateRun(SuiteRunner.java:373)
	at org.testng.SuiteRunner.run(SuiteRunner.java:312)
	at org.testng.SuiteRunnerWorker.runSuite(SuiteRunnerWorker.java:52)
	at org.testng.SuiteRunnerWorker.run(SuiteRunnerWorker.java:95)
	at org.testng.TestNG.runSuitesSequentially(TestNG.java:1274)
	at org.testng.TestNG.runSuitesLocally(TestNG.java:1208)
	at org.testng.TestNG.runSuites(TestNG.java:1112)
	at org.testng.TestNG.run(TestNG.java:1079)
	at com.intellij.rt.testng.IDEARemoteTestNG.run(IDEARemoteTestNG.java:65)
	at com.intellij.rt.testng.RemoteTestNGStarter.main(RemoteTestNGStarter.java:109)
2026-06-02 18:42:39.637 [main] INFO  org.testng.internal.Utils.info - [TestNG] Running:
  C:\Vaibhav\Automation\TDG_HybridFramework\testng-suites\NewTestCasesSuite.xml

2026-06-02 18:42:40.056 [main] INFO  testCases.greenLanes.GreenLanesTest.setup - >>======>>======>> Automation Engineer (SDET)- Vaibhav Chavan <<======<<======<<
2026-06-02 18:42:40.056 [main] INFO  testCases.greenLanes.GreenLanesTest.setup - --test execution started--
2026-06-02 18:42:45.904 [main] INFO  testCases.greenLanes.GreenLanesTest.log - setup - browser opened
2026-06-02 18:42:46.187 [main] INFO  testCases.greenLanes.GreenLanesTest.log - setup - cookies deleted
2026-06-02 18:42:46.255 [main] INFO  testCases.greenLanes.GreenLanesTest.log - setup - browser maximized
2026-06-02 18:42:46.270 [main] INFO  testCases.greenLanes.GreenLanesTest.log - setup - implicit wait applied for 10 seconds
2026-06-02 18:42:50.825 [main] INFO  testCases.greenLanes.GreenLanesTest.log - setup - provided app URL in browser
2026-06-02 18:42:53.349 [main] INFO  testCases.greenLanes.GreenLanesTest.log - setup - provided email
2026-06-02 18:42:53.510 [main] INFO  testCases.greenLanes.GreenLanesTest.log - setup - clicked on log in button
2026-06-02 18:42:55.575 [main] INFO  testCases.greenLanes.GreenLanesTest.log - openSidebar - Sidebar is already opend, no need to click on sidebar/logo icon
2026-06-02 18:42:55.846 [main] INFO  testCases.greenLanes.GreenLanesTest.log - verifyGreenLaneCreation - Clicked on Green Lanes menu item
2026-06-02 18:42:56.270 [main] INFO  testCases.greenLanes.GreenLanesTest.log - verifyGreenLaneCreation - Clicked on Create Green Lane button
2026-06-02 18:42:57.268 [main] INFO  testCases.greenLanes.GreenLanesTest.log - verifyGreenLaneCreation - Provided name for the new green lane
2026-06-02 18:42:57.570 [main] INFO  testCases.greenLanes.GreenLanesTest.log - verifyGreenLaneCreation - Provided date for the new green lane
2026-06-02 18:43:03.362 [main] INFO  testCases.greenLanes.GreenLanesTest.log - verifyGreenLaneCreation - Selected ownership for the new green lane
2026-06-02 18:43:06.164 [main] INFO  testCases.greenLanes.GreenLanesTest.log - verifyGreenLaneCreation - Selected service line for the new green lane
2026-06-02 18:43:08.672 [main] INFO  testCases.greenLanes.GreenLanesTest.log - verifyGreenLaneCreation - Selected super region for the new green lane
2026-06-02 18:43:11.032 [main] INFO  testCases.greenLanes.GreenLanesTest.log - verifyGreenLaneCreation - Provided description for the new green lane
2026-06-02 18:43:11.178 [main] INFO  testCases.greenLanes.GreenLanesTest.log - verifyGreenLaneCreation - Clicked on Save and Next button to create the green lane
2026-06-02 18:43:13.898 [main] INFO  testCases.greenLanes.GreenLanesTest.log - verifyGreenLaneCreation - Service code provided
2026-06-02 18:43:16.066 [main] INFO  testCases.greenLanes.GreenLanesTest.log - verifyGreenLaneCreation - Data type selected
2026-06-02 18:43:18.243 [main] INFO  testCases.greenLanes.GreenLanesTest.log - verifyGreenLaneCreation - Business purpose selected
2026-06-02 18:43:23.494 [main] INFO  testCases.greenLanes.GreenLanesTest.log - verifyGreenLaneCreation - Origin country selected
2026-06-02 18:43:23.586 [main] INFO  testCases.greenLanes.GreenLanesTest.log - verifyGreenLaneCreation - Clicked on Save and Next button to save Scope and Purpose details
2026-06-02 18:43:26.185 [main] INFO  testCases.greenLanes.GreenLanesTest.log - verifyGreenLaneCreation - Additional control chosen
2026-06-02 18:45:15.371 [main] INFO  testCases.greenLanes.GreenLanesTest.log - verifyGreenLaneCreation - Clicked on Save and Next button to save Control Categories and Controls details
2026-06-02 18:45:30.067 [main] INFO  org.testng.internal.Utils.info - [TestNG] Running:
  C:\Vaibhav\Automation\TDG_HybridFramework\testng-suites\NewTestCasesSuite.xml

2026-06-02 18:45:30.532 [main] INFO  testCases.greenLanes.GreenLanesTest.setup - >>======>>======>> Automation Engineer (SDET)- Vaibhav Chavan <<======<<======<<
2026-06-02 18:45:30.533 [main] INFO  testCases.greenLanes.GreenLanesTest.setup - --test execution started--
2026-06-02 18:45:35.084 [main] INFO  testCases.greenLanes.GreenLanesTest.log - setup - browser opened
2026-06-02 18:45:36.029 [main] INFO  testCases.greenLanes.GreenLanesTest.log - setup - cookies deleted
2026-06-02 18:45:36.088 [main] INFO  testCases.greenLanes.GreenLanesTest.log - setup - browser maximized
2026-06-02 18:45:36.112 [main] INFO  testCases.greenLanes.GreenLanesTest.log - setup - implicit wait applied for 10 seconds
2026-06-02 18:45:41.885 [main] INFO  testCases.greenLanes.GreenLanesTest.log - setup - provided app URL in browser
2026-06-02 18:45:44.668 [main] INFO  testCases.greenLanes.GreenLanesTest.log - setup - provided email
2026-06-02 18:45:44.963 [main] INFO  testCases.greenLanes.GreenLanesTest.log - setup - clicked on log in button
2026-06-02 18:45:47.026 [main] INFO  testCases.greenLanes.GreenLanesTest.log - openSidebar - Sidebar is already opend, no need to click on sidebar/logo icon
2026-06-02 18:45:47.278 [main] INFO  testCases.greenLanes.GreenLanesTest.log - verifyGreenLaneCreation - Clicked on Green Lanes menu item
2026-06-02 18:45:47.719 [main] INFO  testCases.greenLanes.GreenLanesTest.log - verifyGreenLaneCreation - Clicked on Create Green Lane button
2026-06-02 18:45:48.869 [main] INFO  testCases.greenLanes.GreenLanesTest.log - verifyGreenLaneCreation - Provided name for the new green lane
2026-06-02 18:45:49.113 [main] INFO  testCases.greenLanes.GreenLanesTest.log - verifyGreenLaneCreation - Provided date for the new green lane
2026-06-02 18:45:55.180 [main] INFO  testCases.greenLanes.GreenLanesTest.log - verifyGreenLaneCreation - Selected ownership for the new green lane
2026-06-02 18:45:58.517 [main] INFO  testCases.greenLanes.GreenLanesTest.log - verifyGreenLaneCreation - Selected service line for the new green lane
2026-06-02 18:46:00.896 [main] INFO  testCases.greenLanes.GreenLanesTest.log - verifyGreenLaneCreation - Selected super region for the new green lane
2026-06-02 18:46:03.211 [main] INFO  testCases.greenLanes.GreenLanesTest.log - verifyGreenLaneCreation - Provided description for the new green lane
2026-06-02 18:46:03.448 [main] INFO  testCases.greenLanes.GreenLanesTest.log - verifyGreenLaneCreation - Clicked on Save and Next button to create the green lane
2026-06-02 18:46:06.119 [main] INFO  testCases.greenLanes.GreenLanesTest.log - verifyGreenLaneCreation - Service code provided
2026-06-02 18:46:08.300 [main] INFO  testCases.greenLanes.GreenLanesTest.log - verifyGreenLaneCreation - Data type selected
2026-06-02 18:46:10.476 [main] INFO  testCases.greenLanes.GreenLanesTest.log - verifyGreenLaneCreation - Business purpose selected
2026-06-02 18:46:15.697 [main] INFO  testCases.greenLanes.GreenLanesTest.log - verifyGreenLaneCreation - Origin country selected
2026-06-02 18:46:15.783 [main] INFO  testCases.greenLanes.GreenLanesTest.log - verifyGreenLaneCreation - Clicked on Save and Next button to save Scope and Purpose details
2026-06-02 18:46:18.359 [main] INFO  testCases.greenLanes.GreenLanesTest.log - verifyGreenLaneCreation - Additional control chosen
2026-06-02 18:49:55.187 [main] INFO  org.testng.internal.Utils.info - [TestNG] Running:
  C:\Vaibhav\Automation\TDG_HybridFramework\testng-suites\NewTestCasesSuite.xml

2026-06-02 18:49:55.641 [main] INFO  testCases.greenLanes.GreenLanesTest.setup - >>======>>======>> Automation Engineer (SDET)- Vaibhav Chavan <<======<<======<<
2026-06-02 18:49:55.642 [main] INFO  testCases.greenLanes.GreenLanesTest.setup - --test execution started--
2026-06-02 18:50:00.342 [main] INFO  testCases.greenLanes.GreenLanesTest.log - setup - browser opened
2026-06-02 18:50:00.400 [main] INFO  testCases.greenLanes.GreenLanesTest.log - setup - cookies deleted
2026-06-02 18:50:00.534 [main] INFO  testCases.greenLanes.GreenLanesTest.log - setup - browser maximized
2026-06-02 18:50:00.563 [main] INFO  testCases.greenLanes.GreenLanesTest.log - setup - implicit wait applied for 10 seconds
2026-06-02 18:50:06.575 [main] INFO  testCases.greenLanes.GreenLanesTest.log - setup - provided app URL in browser
2026-06-02 18:50:09.232 [main] INFO  testCases.greenLanes.GreenLanesTest.log - setup - provided email
2026-06-02 18:50:09.498 [main] INFO  testCases.greenLanes.GreenLanesTest.log - setup - clicked on log in button
2026-06-02 18:50:11.593 [main] INFO  testCases.greenLanes.GreenLanesTest.log - openSidebar - Sidebar is already opend, no need to click on sidebar/logo icon
2026-06-02 18:50:11.925 [main] INFO  testCases.greenLanes.GreenLanesTest.log - verifyGreenLaneCreation - Clicked on Green Lanes menu item
2026-06-02 18:50:12.386 [main] INFO  testCases.greenLanes.GreenLanesTest.log - verifyGreenLaneCreation - Clicked on Create Green Lane button
2026-06-02 18:50:13.661 [main] INFO  testCases.greenLanes.GreenLanesTest.log - verifyGreenLaneCreation - Provided name for the new green lane
2026-06-02 18:50:13.926 [main] INFO  testCases.greenLanes.GreenLanesTest.log - verifyGreenLaneCreation - Provided date for the new green lane
2026-06-02 18:50:19.690 [main] INFO  testCases.greenLanes.GreenLanesTest.log - verifyGreenLaneCreation - Selected ownership for the new green lane
2026-06-02 18:50:22.723 [main] INFO  testCases.greenLanes.GreenLanesTest.log - verifyGreenLaneCreation - Selected service line for the new green lane
2026-06-02 18:50:25.074 [main] INFO  testCases.greenLanes.GreenLanesTest.log - verifyGreenLaneCreation - Selected super region for the new green lane
2026-06-02 18:50:27.406 [main] INFO  testCases.greenLanes.GreenLanesTest.log - verifyGreenLaneCreation - Provided description for the new green lane
2026-06-02 18:50:27.556 [main] INFO  testCases.greenLanes.GreenLanesTest.log - verifyGreenLaneCreation - Clicked on Save and Next button to create the green lane
2026-06-02 18:50:30.489 [main] INFO  testCases.greenLanes.GreenLanesTest.log - verifyGreenLaneCreation - Service code provided
2026-06-02 18:50:32.665 [main] INFO  testCases.greenLanes.GreenLanesTest.log - verifyGreenLaneCreation - Data type selected
2026-06-02 18:50:34.809 [main] INFO  testCases.greenLanes.GreenLanesTest.log - verifyGreenLaneCreation - Business purpose selected
2026-06-02 18:50:40.045 [main] INFO  testCases.greenLanes.GreenLanesTest.log - verifyGreenLaneCreation - Origin country selected
2026-06-02 18:50:40.138 [main] INFO  testCases.greenLanes.GreenLanesTest.log - verifyGreenLaneCreation - Clicked on Save and Next button to save Scope and Purpose details
2026-06-02 18:50:42.728 [main] INFO  testCases.greenLanes.GreenLanesTest.log - verifyGreenLaneCreation - Additional control chosen
2026-06-02 18:58:46.239 [main] INFO  testCases.greenLanes.GreenLanesTest.log - verifyGreenLaneCreation - Clicked on Save and Next button to save Control Categories and Controls details
2026-06-02 19:18:08.967 [main] INFO  org.testng.internal.Utils.info - [TestNG] Running:
  C:\Vaibhav\Automation\TDG_HybridFramework\testng-suites\NewTestCasesSuite.xml

2026-06-02 19:18:09.448 [main] INFO  testCases.greenLanes.GreenLanesTest.setup - >>======>>======>> Automation Engineer (SDET)- Vaibhav Chavan <<======<<======<<
2026-06-02 19:18:09.449 [main] INFO  testCases.greenLanes.GreenLanesTest.setup - --test execution started--
2026-06-02 19:18:15.520 [main] INFO  testCases.greenLanes.GreenLanesTest.log - setup - browser opened
2026-06-02 19:18:15.576 [main] INFO  testCases.greenLanes.GreenLanesTest.log - setup - cookies deleted
2026-06-02 19:18:15.668 [main] INFO  testCases.greenLanes.GreenLanesTest.log - setup - browser maximized
2026-06-02 19:18:15.738 [main] INFO  testCases.greenLanes.GreenLanesTest.log - setup - implicit wait applied for 10 seconds
2026-06-02 19:18:20.744 [main] INFO  testCases.greenLanes.GreenLanesTest.log - setup - provided app URL in browser
2026-06-02 19:18:23.305 [main] INFO  testCases.greenLanes.GreenLanesTest.log - setup - provided email
2026-06-02 19:18:23.454 [main] INFO  testCases.greenLanes.GreenLanesTest.log - setup - clicked on log in button
2026-06-02 19:18:25.554 [main] INFO  testCases.greenLanes.GreenLanesTest.log - openSidebar - Sidebar is already opend, no need to click on sidebar/logo icon
2026-06-02 19:18:25.847 [main] INFO  testCases.greenLanes.GreenLanesTest.log - verifyGreenLaneCreation - Clicked on Green Lanes menu item
2026-06-02 19:18:26.228 [main] INFO  testCases.greenLanes.GreenLanesTest.log - verifyGreenLaneCreation - Clicked on Create Green Lane button
2026-06-02 19:18:27.355 [main] INFO  testCases.greenLanes.GreenLanesTest.log - verifyGreenLaneCreation - Provided name for the new green lane
2026-06-02 19:18:27.796 [main] INFO  testCases.greenLanes.GreenLanesTest.log - verifyGreenLaneCreation - Provided date for the new green lane
2026-06-02 19:18:33.596 [main] INFO  testCases.greenLanes.GreenLanesTest.log - verifyGreenLaneCreation - Selected ownership for the new green lane
2026-06-02 19:18:36.849 [main] INFO  testCases.greenLanes.GreenLanesTest.log - verifyGreenLaneCreation - Selected service line for the new green lane
2026-06-02 19:18:39.518 [main] INFO  testCases.greenLanes.GreenLanesTest.log - verifyGreenLaneCreation - Selected super region for the new green lane
2026-06-02 19:18:41.883 [main] INFO  testCases.greenLanes.GreenLanesTest.log - verifyGreenLaneCreation - Provided description for the new green lane
2026-06-02 19:18:42.009 [main] INFO  testCases.greenLanes.GreenLanesTest.log - verifyGreenLaneCreation - Clicked on Save and Next button to create the green lane
2026-06-02 19:18:44.725 [main] INFO  testCases.greenLanes.GreenLanesTest.log - verifyGreenLaneCreation - Service code provided
2026-06-02 19:18:46.883 [main] INFO  testCases.greenLanes.GreenLanesTest.log - verifyGreenLaneCreation - Data type selected
2026-06-02 19:18:49.199 [main] INFO  testCases.greenLanes.GreenLanesTest.log - verifyGreenLaneCreation - Business purpose selected
2026-06-02 19:18:54.472 [main] INFO  testCases.greenLanes.GreenLanesTest.log - verifyGreenLaneCreation - Origin country selected
2026-06-02 19:18:54.559 [main] INFO  testCases.greenLanes.GreenLanesTest.log - verifyGreenLaneCreation - Clicked on Save and Next button to save Scope and Purpose details
2026-06-02 19:18:57.418 [main] INFO  testCases.greenLanes.GreenLanesTest.log - verifyGreenLaneCreation - Additional control chosen
2026-06-02 19:19:23.369 [main] INFO  testCases.greenLanes.GreenLanesTest.log - verifyGreenLaneCreation - Clicked on Save and Next button to save Control Categories and Controls details
2026-06-02 19:37:24.309 [main] INFO  testCases.greenLanes.GreenLanesTest.log - verifyGreenLaneCreation - Clicked on Save and Next button to save Control Categories and Controls details
2026-06-02 19:39:35.275 [main] INFO  org.testng.internal.Utils.info - [TestNG] Running:
  C:\Vaibhav\Automation\TDG_HybridFramework\testng-suites\NewTestCasesSuite.xml

2026-06-02 19:39:35.751 [main] INFO  testCases.greenLanes.GreenLanesTest.setup - >>======>>======>> Automation Engineer (SDET)- Vaibhav Chavan <<======<<======<<
2026-06-02 19:39:35.751 [main] INFO  testCases.greenLanes.GreenLanesTest.setup - --test execution started--
2026-06-02 19:39:40.855 [main] INFO  testCases.greenLanes.GreenLanesTest.log - setup - browser opened
2026-06-02 19:39:42.100 [main] INFO  testCases.greenLanes.GreenLanesTest.log - setup - cookies deleted
2026-06-02 19:39:42.163 [main] INFO  testCases.greenLanes.GreenLanesTest.log - setup - browser maximized
2026-06-02 19:39:42.174 [main] INFO  testCases.greenLanes.GreenLanesTest.log - setup - implicit wait applied for 10 seconds
2026-06-02 19:39:43.427 [main] INFO  testCases.greenLanes.GreenLanesTest.log - setup - provided app URL in browser
2026-06-02 19:39:49.545 [main] INFO  testCases.greenLanes.GreenLanesTest.log - setup - provided email
2026-06-02 19:39:49.801 [main] INFO  testCases.greenLanes.GreenLanesTest.log - setup - clicked on log in button
2026-06-02 19:39:51.887 [main] INFO  testCases.greenLanes.GreenLanesTest.log - openSidebar - Sidebar is already opend, no need to click on sidebar/logo icon
2026-06-02 19:39:52.131 [main] INFO  testCases.greenLanes.GreenLanesTest.log - verifyGreenLaneCreation - Clicked on Green Lanes menu item
2026-06-02 19:39:52.476 [main] INFO  testCases.greenLanes.GreenLanesTest.log - verifyGreenLaneCreation - Clicked on Create Green Lane button
2026-06-02 19:39:52.993 [main] INFO  testCases.greenLanes.GreenLanesTest.log - verifyGreenLaneCreation - Provided name for the new green lane
2026-06-02 19:39:53.153 [main] INFO  testCases.greenLanes.GreenLanesTest.log - verifyGreenLaneCreation - Provided date for the new green lane
2026-06-02 19:39:58.690 [main] INFO  testCases.greenLanes.GreenLanesTest.log - verifyGreenLaneCreation - Selected ownership for the new green lane
2026-06-02 19:40:01.317 [main] INFO  testCases.greenLanes.GreenLanesTest.log - verifyGreenLaneCreation - Selected service line for the new green lane
2026-06-02 19:40:03.943 [main] INFO  testCases.greenLanes.GreenLanesTest.log - verifyGreenLaneCreation - Selected super region for the new green lane
2026-06-02 19:40:06.545 [main] INFO  testCases.greenLanes.GreenLanesTest.log - verifyGreenLaneCreation - Provided description for the new green lane
2026-06-02 19:40:06.692 [main] INFO  testCases.greenLanes.GreenLanesTest.log - verifyGreenLaneCreation - Clicked on Save and Next button to create the green lane
2026-06-02 19:40:09.504 [main] INFO  testCases.greenLanes.GreenLanesTest.log - verifyGreenLaneCreation - Service code provided
2026-06-02 19:40:11.744 [main] INFO  testCases.greenLanes.GreenLanesTest.log - verifyGreenLaneCreation - Data type selected
2026-06-02 19:40:14.016 [main] INFO  testCases.greenLanes.GreenLanesTest.log - verifyGreenLaneCreation - Business purpose selected
2026-06-02 19:40:19.240 [main] INFO  testCases.greenLanes.GreenLanesTest.log - verifyGreenLaneCreation - Origin country selected
2026-06-02 19:40:19.333 [main] INFO  testCases.greenLanes.GreenLanesTest.log - verifyGreenLaneCreation - Clicked on Save and Next button to save Scope and Purpose details
2026-06-02 19:40:22.186 [main] INFO  testCases.greenLanes.GreenLanesTest.log - verifyGreenLaneCreation - Additional control chosen
2026-06-02 19:40:55.176 [main] INFO  testCases.greenLanes.GreenLanesTest.log - verifyGreenLaneCreation - Clicked on Save and Next button to save Control Categories and Controls details
2026-06-02 19:41:53.452 [main] ERROR testCases.greenLanes.GreenLanesTest.verifyGreenLaneCreation - Test failed due to exception: 
org.openqa.selenium.TimeoutException: Expected condition failed: Element NOT found: By.xpath: //div[@slot='toast-supporting-text']
(tried for 10 seconds with 500 milliseconds interval)
	at org.openqa.selenium.support.ui.FluentWait.timeoutException(FluentWait.java:279)
	at org.openqa.selenium.support.ui.FluentWait.until(FluentWait.java:234)
	at base.BasePage.waitForElement1(BasePage.java:1284)
	at base.BasePage.isTransactionCreated(BasePage.java:1345)
	at testCases.greenLanes.GreenLanesTest.verifyGreenLaneCreation(GreenLanesTest.java:84)
	at java.base/jdk.internal.reflect.DirectMethodHandleAccessor.invoke(DirectMethodHandleAccessor.java:103)
	at java.base/java.lang.reflect.Method.invoke(Method.java:580)
	at org.testng.internal.invokers.MethodInvocationHelper.invokeMethod(MethodInvocationHelper.java:141)
	at org.testng.internal.invokers.TestInvoker.invokeMethod(TestInvoker.java:686)
	at org.testng.internal.invokers.TestInvoker.invokeTestMethod(TestInvoker.java:230)
	at org.testng.internal.invokers.MethodRunner.runInSequence(MethodRunner.java:63)
	at org.testng.internal.invokers.TestInvoker$MethodInvocationAgent.invoke(TestInvoker.java:992)
	at org.testng.internal.invokers.TestInvoker.invokeTestMethods(TestInvoker.java:203)
	at org.testng.internal.invokers.TestMethodWorker.invokeTestMethods(TestMethodWorker.java:154)
	at org.testng.internal.invokers.TestMethodWorker.run(TestMethodWorker.java:134)
	at java.base/java.util.ArrayList.forEach(ArrayList.java:1597)
	at org.testng.TestRunner.privateRun(TestRunner.java:739)
	at org.testng.TestRunner.run(TestRunner.java:614)
	at org.testng.SuiteRunner.runTest(SuiteRunner.java:421)
	at org.testng.SuiteRunner.runSequentially(SuiteRunner.java:413)
	at org.testng.SuiteRunner.privateRun(SuiteRunner.java:373)
	at org.testng.SuiteRunner.run(SuiteRunner.java:312)
	at org.testng.SuiteRunnerWorker.runSuite(SuiteRunnerWorker.java:52)
	at org.testng.SuiteRunnerWorker.run(SuiteRunnerWorker.java:95)
	at org.testng.TestNG.runSuitesSequentially(TestNG.java:1274)
	at org.testng.TestNG.runSuitesLocally(TestNG.java:1208)
	at org.testng.TestNG.runSuites(TestNG.java:1112)
	at org.testng.TestNG.run(TestNG.java:1079)
	at com.intellij.rt.testng.IDEARemoteTestNG.run(IDEARemoteTestNG.java:65)
	at com.intellij.rt.testng.RemoteTestNGStarter.main(RemoteTestNGStarter.java:109)
Caused by: org.openqa.selenium.NoSuchElementException: no such element: Unable to locate element: {"method":"xpath","selector":"//div[@slot='toast-supporting-text']"}
  (Session info: chrome=148.0.7778.217)
For documentation on this error, please visit: https://www.selenium.dev/documentation/webdriver/troubleshooting/errors#nosuchelementexception
Build info: version: '4.44.0', revision: 'da2039b'
System info: os.name: 'Windows 11', os.arch: 'amd64', os.version: '10.0', java.version: '22.0.2'
Driver info: org.openqa.selenium.chrome.ChromeDriver
Command: [6c375634d38e17bd31427e47478520a7, findElement {using=xpath, value=//div[@slot='toast-supporting-text']}]
Capabilities {acceptInsecureCerts: false, browserName: chrome, browserVersion: 148.0.7778.217, chrome: {chromedriverVersion: 148.0.7778.178 (d096af1c9e9..., userDataDir: C:\Users\LZ172CV\AppData\Lo...}, fedcm:accounts: true, goog:chromeOptions: {debuggerAddress: localhost:60927}, goog:processID: 23648, networkConnectionEnabled: false, pageLoadStrategy: normal, platformName: windows, proxy: Proxy(), se:cdp: ws://localhost:60927/devtoo..., se:cdpVersion: 148.0.7778.217, setWindowRect: true, strictFileInteractability: false, timeouts: {implicit: 0, pageLoad: 300000, script: 30000}, unhandledPromptBehavior: dismiss and notify, webauthn:extension:credBlob: true, webauthn:extension:largeBlob: true, webauthn:extension:minPinLength: true, webauthn:extension:prf: true, webauthn:virtualAuthenticators: true}
Session ID: 6c375634d38e17bd31427e47478520a7
	at org.openqa.selenium.remote.ErrorCodec.decode(ErrorCodec.java:169)
	at org.openqa.selenium.remote.codec.w3c.W3CHttpResponseCodec.decode(W3CHttpResponseCodec.java:143)
	at org.openqa.selenium.remote.codec.w3c.W3CHttpResponseCodec.decode(W3CHttpResponseCodec.java:50)
	at org.openqa.selenium.remote.HttpCommandExecutor.execute(HttpCommandExecutor.java:224)
	at org.openqa.selenium.remote.service.DriverCommandExecutor.invokeExecute(DriverCommandExecutor.java:217)
	at org.openqa.selenium.remote.service.DriverCommandExecutor.execute(DriverCommandExecutor.java:175)
	at org.openqa.selenium.remote.RemoteWebDriver.execute(RemoteWebDriver.java:600)
	at org.openqa.selenium.remote.ElementLocation$ElementFinder$2.findElement(ElementLocation.java:173)
	at org.openqa.selenium.remote.ElementLocation.findElement(ElementLocation.java:60)
	at org.openqa.selenium.remote.RemoteWebDriver.findElement(RemoteWebDriver.java:421)
	at org.openqa.selenium.remote.RemoteWebDriver.findElement(RemoteWebDriver.java:415)
	at base.BasePage.lambda$waitForElement1$2(BasePage.java:1286)
	at org.openqa.selenium.support.ui.FluentWait.until(FluentWait.java:210)
	... 28 more
2026-06-02 19:41:53.560 [main] INFO  testCases.greenLanes.GreenLanesTest.log - openSidebar - Sidebar is already opend, no need to click on sidebar/logo icon
2026-06-02 19:41:53.773 [main] INFO  testCases.greenLanes.GreenLanesTest.log - verifyGreenLaneCreation - Clicked on Green Lanes menu item
2026-06-02 19:41:53.979 [main] INFO  testCases.greenLanes.GreenLanesTest.log - verifyGreenLaneCreation - Clicked on Create Green Lane button
2026-06-02 19:42:04.014 [main] ERROR testCases.greenLanes.GreenLanesTest.verifyGreenLaneCreation - Test failed due to exception: 
org.openqa.selenium.NoSuchElementException: no such element: Unable to locate element: {"method":"css selector","selector":"input[aria-label='Name *']"}
  (Session info: chrome=148.0.7778.217)
For documentation on this error, please visit: https://www.selenium.dev/documentation/webdriver/troubleshooting/errors#nosuchelementexception
Build info: version: '4.44.0', revision: 'da2039b'
System info: os.name: 'Windows 11', os.arch: 'amd64', os.version: '10.0', java.version: '22.0.2'
Driver info: org.openqa.selenium.chrome.ChromeDriver
Command: [6c375634d38e17bd31427e47478520a7, findElement {using=css selector, value=input[aria-label='Name *']}]
Capabilities {acceptInsecureCerts: false, browserName: chrome, browserVersion: 148.0.7778.217, chrome: {chromedriverVersion: 148.0.7778.178 (d096af1c9e9..., userDataDir: C:\Users\LZ172CV\AppData\Lo...}, fedcm:accounts: true, goog:chromeOptions: {debuggerAddress: localhost:60927}, goog:processID: 23648, networkConnectionEnabled: false, pageLoadStrategy: normal, platformName: windows, proxy: Proxy(), se:cdp: ws://localhost:60927/devtoo..., se:cdpVersion: 148.0.7778.217, setWindowRect: true, strictFileInteractability: false, timeouts: {implicit: 0, pageLoad: 300000, script: 30000}, unhandledPromptBehavior: dismiss and notify, webauthn:extension:credBlob: true, webauthn:extension:largeBlob: true, webauthn:extension:minPinLength: true, webauthn:extension:prf: true, webauthn:virtualAuthenticators: true}
Session ID: 6c375634d38e17bd31427e47478520a7
	at org.openqa.selenium.remote.ErrorCodec.decode(ErrorCodec.java:169)
	at org.openqa.selenium.remote.codec.w3c.W3CHttpResponseCodec.decode(W3CHttpResponseCodec.java:143)
	at org.openqa.selenium.remote.codec.w3c.W3CHttpResponseCodec.decode(W3CHttpResponseCodec.java:50)
	at org.openqa.selenium.remote.HttpCommandExecutor.execute(HttpCommandExecutor.java:224)
	at org.openqa.selenium.remote.service.DriverCommandExecutor.invokeExecute(DriverCommandExecutor.java:217)
	at org.openqa.selenium.remote.service.DriverCommandExecutor.execute(DriverCommandExecutor.java:175)
	at org.openqa.selenium.remote.RemoteWebDriver.execute(RemoteWebDriver.java:600)
	at org.openqa.selenium.remote.ElementLocation$ElementFinder$2.findElement(ElementLocation.java:173)
	at org.openqa.selenium.remote.ElementLocation.findElement(ElementLocation.java:60)
	at org.openqa.selenium.remote.RemoteWebDriver.findElement(RemoteWebDriver.java:421)
	at org.openqa.selenium.remote.RemoteWebDriver.findElement(RemoteWebDriver.java:415)
	at pageObjects.greenLanes.GreenLanesPage.provideName(GreenLanesPage.java:98)
	at testCases.greenLanes.GreenLanesTest.verifyGreenLaneCreation(GreenLanesTest.java:30)
	at java.base/jdk.internal.reflect.DirectMethodHandleAccessor.invoke(DirectMethodHandleAccessor.java:103)
	at java.base/java.lang.reflect.Method.invoke(Method.java:580)
	at org.testng.internal.invokers.MethodInvocationHelper.invokeMethod(MethodInvocationHelper.java:141)
	at org.testng.internal.invokers.TestInvoker.invokeMethod(TestInvoker.java:686)
	at org.testng.internal.invokers.TestInvoker.retryFailed(TestInvoker.java:269)
	at org.testng.internal.invokers.MethodRunner.runInSequence(MethodRunner.java:76)
	at org.testng.internal.invokers.TestInvoker$MethodInvocationAgent.invoke(TestInvoker.java:992)
	at org.testng.internal.invokers.TestInvoker.invokeTestMethods(TestInvoker.java:203)
	at org.testng.internal.invokers.TestMethodWorker.invokeTestMethods(TestMethodWorker.java:154)
	at org.testng.internal.invokers.TestMethodWorker.run(TestMethodWorker.java:134)
	at java.base/java.util.ArrayList.forEach(ArrayList.java:1597)
	at org.testng.TestRunner.privateRun(TestRunner.java:739)
	at org.testng.TestRunner.run(TestRunner.java:614)
	at org.testng.SuiteRunner.runTest(SuiteRunner.java:421)
	at org.testng.SuiteRunner.runSequentially(SuiteRunner.java:413)
	at org.testng.SuiteRunner.privateRun(SuiteRunner.java:373)
	at org.testng.SuiteRunner.run(SuiteRunner.java:312)
	at org.testng.SuiteRunnerWorker.runSuite(SuiteRunnerWorker.java:52)
	at org.testng.SuiteRunnerWorker.run(SuiteRunnerWorker.java:95)
	at org.testng.TestNG.runSuitesSequentially(TestNG.java:1274)
	at org.testng.TestNG.runSuitesLocally(TestNG.java:1208)
	at org.testng.TestNG.runSuites(TestNG.java:1112)
	at org.testng.TestNG.run(TestNG.java:1079)
	at com.intellij.rt.testng.IDEARemoteTestNG.run(IDEARemoteTestNG.java:65)
	at com.intellij.rt.testng.RemoteTestNGStarter.main(RemoteTestNGStarter.java:109)
2026-06-02 19:46:23.461 [main] INFO  org.testng.internal.Utils.info - [TestNG] Running:
  C:\Vaibhav\Automation\TDG_HybridFramework\testng-suites\NewTestCasesSuite.xml

2026-06-02 19:46:24.098 [main] INFO  testCases.greenLanes.GreenLanesTest.setup - >>======>>======>> Automation Engineer (SDET)- Vaibhav Chavan <<======<<======<<
2026-06-02 19:46:24.098 [main] INFO  testCases.greenLanes.GreenLanesTest.setup - --test execution started--
2026-06-02 19:46:29.783 [main] INFO  testCases.greenLanes.GreenLanesTest.log - setup - browser opened
2026-06-02 19:46:29.797 [main] INFO  testCases.greenLanes.GreenLanesTest.log - setup - cookies deleted
2026-06-02 19:46:29.863 [main] INFO  testCases.greenLanes.GreenLanesTest.log - setup - browser maximized
2026-06-02 19:46:29.885 [main] INFO  testCases.greenLanes.GreenLanesTest.log - setup - implicit wait applied for 10 seconds
2026-06-02 19:46:33.026 [main] INFO  testCases.greenLanes.GreenLanesTest.log - setup - provided app URL in browser
2026-06-02 19:46:39.178 [main] INFO  testCases.greenLanes.GreenLanesTest.log - setup - provided email
2026-06-02 19:46:39.316 [main] INFO  testCases.greenLanes.GreenLanesTest.log - setup - clicked on log in button
2026-06-02 19:47:33.044 [main] INFO  org.testng.internal.Utils.info - [TestNG] Running:
  C:\Vaibhav\Automation\TDG_HybridFramework\testng-suites\NewTestCasesSuite.xml

2026-06-02 19:47:33.558 [main] INFO  testCases.greenLanes.GreenLanesTest.setup - >>======>>======>> Automation Engineer (SDET)- Vaibhav Chavan <<======<<======<<
2026-06-02 19:47:33.558 [main] INFO  testCases.greenLanes.GreenLanesTest.setup - --test execution started--
2026-06-02 19:47:38.269 [main] INFO  testCases.greenLanes.GreenLanesTest.log - setup - browser opened
2026-06-02 19:47:38.321 [main] INFO  testCases.greenLanes.GreenLanesTest.log - setup - cookies deleted
2026-06-02 19:47:38.406 [main] INFO  testCases.greenLanes.GreenLanesTest.log - setup - browser maximized
2026-06-02 19:47:38.453 [main] INFO  testCases.greenLanes.GreenLanesTest.log - setup - implicit wait applied for 10 seconds
2026-06-02 19:47:43.633 [main] INFO  testCases.greenLanes.GreenLanesTest.log - setup - provided app URL in browser
2026-06-02 19:47:46.304 [main] INFO  testCases.greenLanes.GreenLanesTest.log - setup - provided email
2026-06-02 19:47:46.685 [main] INFO  testCases.greenLanes.GreenLanesTest.log - setup - clicked on log in button
2026-06-02 19:47:48.843 [main] INFO  testCases.greenLanes.GreenLanesTest.log - openSidebar - Sidebar is already opend, no need to click on sidebar/logo icon
2026-06-02 19:47:49.271 [main] INFO  testCases.greenLanes.GreenLanesTest.log - verifyGreenLaneCreation - Clicked on Green Lanes menu item
2026-06-02 19:47:49.757 [main] INFO  testCases.greenLanes.GreenLanesTest.log - verifyGreenLaneCreation - Clicked on Create Green Lane button
2026-06-02 19:47:50.644 [main] INFO  testCases.greenLanes.GreenLanesTest.log - verifyGreenLaneCreation - Provided name for the new green lane
2026-06-02 19:47:50.921 [main] INFO  testCases.greenLanes.GreenLanesTest.log - verifyGreenLaneCreation - Provided date for the new green lane
2026-06-02 19:47:56.686 [main] INFO  testCases.greenLanes.GreenLanesTest.log - verifyGreenLaneCreation - Selected ownership for the new green lane
2026-06-02 19:47:59.656 [main] INFO  testCases.greenLanes.GreenLanesTest.log - verifyGreenLaneCreation - Selected service line for the new green lane
2026-06-02 19:48:02.086 [main] INFO  testCases.greenLanes.GreenLanesTest.log - verifyGreenLaneCreation - Selected super region for the new green lane
2026-06-02 19:48:04.428 [main] INFO  testCases.greenLanes.GreenLanesTest.log - verifyGreenLaneCreation - Provided description for the new green lane
2026-06-02 19:48:04.558 [main] INFO  testCases.greenLanes.GreenLanesTest.log - verifyGreenLaneCreation - Clicked on Save and Next button to create the green lane
2026-06-02 19:48:08.899 [main] INFO  testCases.greenLanes.GreenLanesTest.log - verifyGreenLaneCreation - Service code provided
2026-06-02 19:48:11.049 [main] INFO  testCases.greenLanes.GreenLanesTest.log - verifyGreenLaneCreation - Data type selected
2026-06-02 19:48:13.202 [main] INFO  testCases.greenLanes.GreenLanesTest.log - verifyGreenLaneCreation - Business purpose selected
2026-06-02 19:48:18.435 [main] INFO  testCases.greenLanes.GreenLanesTest.log - verifyGreenLaneCreation - Origin country selected
2026-06-02 19:48:18.575 [main] INFO  testCases.greenLanes.GreenLanesTest.log - verifyGreenLaneCreation - Clicked on Save and Next button to save Scope and Purpose details
2026-06-02 19:48:26.120 [main] ERROR testCases.greenLanes.GreenLanesTest.verifyGreenLaneCreation - Test failed due to exception: 
org.openqa.selenium.ElementClickInterceptedException: element click intercepted: Element <span part="content" class="motif-truncate motif-truncate-lines">...</span> is not clickable at point (1059, 653). Other element would receive the click: <div _ngcontent-ng-c1648262701="" class="additional-control-item additional-control-available">...</div>
  (Session info: chrome=148.0.7778.217)
Build info: version: '4.44.0', revision: 'da2039b'
System info: os.name: 'Windows 11', os.arch: 'amd64', os.version: '10.0', java.version: '22.0.2'
Driver info: org.openqa.selenium.chrome.ChromeDriver
Command: [7f379c3ffe28b5cc5693ad8b4c969b91, clickElement {id=f.D60EBAA0DA0DCC8FC49B28270E9172A2.d.2289379DFCFB2A812D15D6240020C38E.e.548}]
Capabilities {acceptInsecureCerts: false, browserName: chrome, browserVersion: 148.0.7778.217, chrome: {chromedriverVersion: 148.0.7778.178 (d096af1c9e9..., userDataDir: C:\Users\LZ172CV\AppData\Lo...}, fedcm:accounts: true, goog:chromeOptions: {debuggerAddress: localhost:60514}, goog:processID: 22868, networkConnectionEnabled: false, pageLoadStrategy: normal, platformName: windows, proxy: Proxy(), se:cdp: ws://localhost:60514/devtoo..., se:cdpVersion: 148.0.7778.217, setWindowRect: true, strictFileInteractability: false, timeouts: {implicit: 0, pageLoad: 300000, script: 30000}, unhandledPromptBehavior: dismiss and notify, webauthn:extension:credBlob: true, webauthn:extension:largeBlob: true, webauthn:extension:minPinLength: true, webauthn:extension:prf: true, webauthn:virtualAuthenticators: true}
Element: [[org.openqa.selenium.remote.ShadowRoot@33ff4e6] -> css selector: .motif-truncate.motif-truncate-lines]
Session ID: 7f379c3ffe28b5cc5693ad8b4c969b91
	at org.openqa.selenium.remote.ErrorCodec.decode(ErrorCodec.java:169)
	at org.openqa.selenium.remote.codec.w3c.W3CHttpResponseCodec.decode(W3CHttpResponseCodec.java:143)
	at org.openqa.selenium.remote.codec.w3c.W3CHttpResponseCodec.decode(W3CHttpResponseCodec.java:50)
	at org.openqa.selenium.remote.HttpCommandExecutor.execute(HttpCommandExecutor.java:224)
	at org.openqa.selenium.remote.service.DriverCommandExecutor.invokeExecute(DriverCommandExecutor.java:217)
	at org.openqa.selenium.remote.service.DriverCommandExecutor.execute(DriverCommandExecutor.java:175)
	at org.openqa.selenium.remote.RemoteWebDriver.execute(RemoteWebDriver.java:600)
	at org.openqa.selenium.remote.RemoteWebElement.execute(RemoteWebElement.java:225)
	at org.openqa.selenium.remote.RemoteWebElement.click(RemoteWebElement.java:79)
	at pageObjects.greenLanes.GreenLanesPage.chooseAdditionalControl(GreenLanesPage.java:276)
	at testCases.greenLanes.GreenLanesTest.verifyGreenLaneCreation(GreenLanesTest.java:78)
	at java.base/jdk.internal.reflect.DirectMethodHandleAccessor.invoke(DirectMethodHandleAccessor.java:103)
	at java.base/java.lang.reflect.Method.invoke(Method.java:580)
	at org.testng.internal.invokers.MethodInvocationHelper.invokeMethod(MethodInvocationHelper.java:141)
	at org.testng.internal.invokers.TestInvoker.invokeMethod(TestInvoker.java:686)
	at org.testng.internal.invokers.TestInvoker.invokeTestMethod(TestInvoker.java:230)
	at org.testng.internal.invokers.MethodRunner.runInSequence(MethodRunner.java:63)
	at org.testng.internal.invokers.TestInvoker$MethodInvocationAgent.invoke(TestInvoker.java:992)
	at org.testng.internal.invokers.TestInvoker.invokeTestMethods(TestInvoker.java:203)
	at org.testng.internal.invokers.TestMethodWorker.invokeTestMethods(TestMethodWorker.java:154)
	at org.testng.internal.invokers.TestMethodWorker.run(TestMethodWorker.java:134)
	at java.base/java.util.ArrayList.forEach(ArrayList.java:1597)
	at org.testng.TestRunner.privateRun(TestRunner.java:739)
	at org.testng.TestRunner.run(TestRunner.java:614)
	at org.testng.SuiteRunner.runTest(SuiteRunner.java:421)
	at org.testng.SuiteRunner.runSequentially(SuiteRunner.java:413)
	at org.testng.SuiteRunner.privateRun(SuiteRunner.java:373)
	at org.testng.SuiteRunner.run(SuiteRunner.java:312)
	at org.testng.SuiteRunnerWorker.runSuite(SuiteRunnerWorker.java:52)
	at org.testng.SuiteRunnerWorker.run(SuiteRunnerWorker.java:95)
	at org.testng.TestNG.runSuitesSequentially(TestNG.java:1274)
	at org.testng.TestNG.runSuitesLocally(TestNG.java:1208)
	at org.testng.TestNG.runSuites(TestNG.java:1112)
	at org.testng.TestNG.run(TestNG.java:1079)
	at com.intellij.rt.testng.IDEARemoteTestNG.run(IDEARemoteTestNG.java:65)
	at com.intellij.rt.testng.RemoteTestNGStarter.main(RemoteTestNGStarter.java:109)
2026-06-02 19:48:26.211 [main] INFO  testCases.greenLanes.GreenLanesTest.log - openSidebar - Sidebar is already opend, no need to click on sidebar/logo icon
2026-06-02 19:48:26.323 [main] INFO  testCases.greenLanes.GreenLanesTest.log - verifyGreenLaneCreation - Clicked on Green Lanes menu item
2026-06-02 19:48:26.386 [main] INFO  testCases.greenLanes.GreenLanesTest.log - verifyGreenLaneCreation - Clicked on Create Green Lane button
2026-06-02 19:48:36.441 [main] ERROR testCases.greenLanes.GreenLanesTest.verifyGreenLaneCreation - Test failed due to exception: 
org.openqa.selenium.NoSuchElementException: no such element: Unable to locate element: {"method":"css selector","selector":"input[aria-label='Name *']"}
  (Session info: chrome=148.0.7778.217)
For documentation on this error, please visit: https://www.selenium.dev/documentation/webdriver/troubleshooting/errors#nosuchelementexception
Build info: version: '4.44.0', revision: 'da2039b'
System info: os.name: 'Windows 11', os.arch: 'amd64', os.version: '10.0', java.version: '22.0.2'
Driver info: org.openqa.selenium.chrome.ChromeDriver
Command: [7f379c3ffe28b5cc5693ad8b4c969b91, findElement {value=input[aria-label='Name *'], using=css selector}]
Capabilities {acceptInsecureCerts: false, browserName: chrome, browserVersion: 148.0.7778.217, chrome: {chromedriverVersion: 148.0.7778.178 (d096af1c9e9..., userDataDir: C:\Users\LZ172CV\AppData\Lo...}, fedcm:accounts: true, goog:chromeOptions: {debuggerAddress: localhost:60514}, goog:processID: 22868, networkConnectionEnabled: false, pageLoadStrategy: normal, platformName: windows, proxy: Proxy(), se:cdp: ws://localhost:60514/devtoo..., se:cdpVersion: 148.0.7778.217, setWindowRect: true, strictFileInteractability: false, timeouts: {implicit: 0, pageLoad: 300000, script: 30000}, unhandledPromptBehavior: dismiss and notify, webauthn:extension:credBlob: true, webauthn:extension:largeBlob: true, webauthn:extension:minPinLength: true, webauthn:extension:prf: true, webauthn:virtualAuthenticators: true}
Session ID: 7f379c3ffe28b5cc5693ad8b4c969b91
	at org.openqa.selenium.remote.ErrorCodec.decode(ErrorCodec.java:169)
	at org.openqa.selenium.remote.codec.w3c.W3CHttpResponseCodec.decode(W3CHttpResponseCodec.java:143)
	at org.openqa.selenium.remote.codec.w3c.W3CHttpResponseCodec.decode(W3CHttpResponseCodec.java:50)
	at org.openqa.selenium.remote.HttpCommandExecutor.execute(HttpCommandExecutor.java:224)
	at org.openqa.selenium.remote.service.DriverCommandExecutor.invokeExecute(DriverCommandExecutor.java:217)
	at org.openqa.selenium.remote.service.DriverCommandExecutor.execute(DriverCommandExecutor.java:175)
	at org.openqa.selenium.remote.RemoteWebDriver.execute(RemoteWebDriver.java:600)
	at org.openqa.selenium.remote.ElementLocation$ElementFinder$2.findElement(ElementLocation.java:173)
	at org.openqa.selenium.remote.ElementLocation.findElement(ElementLocation.java:60)
	at org.openqa.selenium.remote.RemoteWebDriver.findElement(RemoteWebDriver.java:421)
	at org.openqa.selenium.remote.RemoteWebDriver.findElement(RemoteWebDriver.java:415)
	at pageObjects.greenLanes.GreenLanesPage.provideName(GreenLanesPage.java:98)
	at testCases.greenLanes.GreenLanesTest.verifyGreenLaneCreation(GreenLanesTest.java:30)
	at java.base/jdk.internal.reflect.DirectMethodHandleAccessor.invoke(DirectMethodHandleAccessor.java:103)
	at java.base/java.lang.reflect.Method.invoke(Method.java:580)
	at org.testng.internal.invokers.MethodInvocationHelper.invokeMethod(MethodInvocationHelper.java:141)
	at org.testng.internal.invokers.TestInvoker.invokeMethod(TestInvoker.java:686)
	at org.testng.internal.invokers.TestInvoker.retryFailed(TestInvoker.java:269)
	at org.testng.internal.invokers.MethodRunner.runInSequence(MethodRunner.java:76)
	at org.testng.internal.invokers.TestInvoker$MethodInvocationAgent.invoke(TestInvoker.java:992)
	at org.testng.internal.invokers.TestInvoker.invokeTestMethods(TestInvoker.java:203)
	at org.testng.internal.invokers.TestMethodWorker.invokeTestMethods(TestMethodWorker.java:154)
	at org.testng.internal.invokers.TestMethodWorker.run(TestMethodWorker.java:134)
	at java.base/java.util.ArrayList.forEach(ArrayList.java:1597)
	at org.testng.TestRunner.privateRun(TestRunner.java:739)
	at org.testng.TestRunner.run(TestRunner.java:614)
	at org.testng.SuiteRunner.runTest(SuiteRunner.java:421)
	at org.testng.SuiteRunner.runSequentially(SuiteRunner.java:413)
	at org.testng.SuiteRunner.privateRun(SuiteRunner.java:373)
	at org.testng.SuiteRunner.run(SuiteRunner.java:312)
	at org.testng.SuiteRunnerWorker.runSuite(SuiteRunnerWorker.java:52)
	at org.testng.SuiteRunnerWorker.run(SuiteRunnerWorker.java:95)
	at org.testng.TestNG.runSuitesSequentially(TestNG.java:1274)
	at org.testng.TestNG.runSuitesLocally(TestNG.java:1208)
	at org.testng.TestNG.runSuites(TestNG.java:1112)
	at org.testng.TestNG.run(TestNG.java:1079)
	at com.intellij.rt.testng.IDEARemoteTestNG.run(IDEARemoteTestNG.java:65)
	at com.intellij.rt.testng.RemoteTestNGStarter.main(RemoteTestNGStarter.java:109)
2026-06-04 17:14:55.860 [main] INFO  org.testng.internal.Utils.info - [TestNG] Running:
  C:\Vaibhav\Automation\TDG_HybridFramework\testng-suites\NewTestCasesSuite.xml

2026-06-04 17:14:56.426 [main] INFO  testCases.greenLanes.GreenLanesTest.setup - >>======>>======>> Automation Engineer (SDET)- Vaibhav Chavan <<======<<======<<
2026-06-04 17:14:56.427 [main] INFO  testCases.greenLanes.GreenLanesTest.setup - --test execution started--
2026-06-04 17:15:05.381 [main] INFO  testCases.greenLanes.GreenLanesTest.log - setup - browser opened
2026-06-04 17:15:05.847 [main] INFO  testCases.greenLanes.GreenLanesTest.log - setup - cookies deleted
2026-06-04 17:15:05.941 [main] INFO  testCases.greenLanes.GreenLanesTest.log - setup - browser maximized
2026-06-04 17:15:05.976 [main] INFO  testCases.greenLanes.GreenLanesTest.log - setup - implicit wait applied for 10 seconds
2026-06-04 17:15:11.510 [main] INFO  testCases.greenLanes.GreenLanesTest.log - setup - provided app URL in browser
2026-06-04 17:15:14.148 [main] INFO  testCases.greenLanes.GreenLanesTest.log - setup - provided email
2026-06-04 17:15:14.425 [main] INFO  testCases.greenLanes.GreenLanesTest.log - setup - clicked on log in button
2026-06-04 17:16:40.554 [main] INFO  org.testng.internal.Utils.info - [TestNG] Running:
  C:\Vaibhav\Automation\TDG_HybridFramework\testng-suites\NewTestCasesSuite.xml

2026-06-04 17:16:41.063 [main] INFO  testCases.DataProducts.DataProductsTest.setup - >>======>>======>> Automation Engineer (SDET)- Vaibhav Chavan <<======<<======<<
2026-06-04 17:16:41.064 [main] INFO  testCases.DataProducts.DataProductsTest.setup - --test execution started--
2026-06-04 17:17:10.456 [main] INFO  org.testng.internal.Utils.info - [TestNG] Running:
  C:\Vaibhav\Automation\TDG_HybridFramework\testng-suites\NewTestCasesSuite.xml

2026-06-04 17:17:10.909 [main] INFO  testCases.DataProducts.DataProductsTest.setup - >>======>>======>> Automation Engineer (SDET)- Vaibhav Chavan <<======<<======<<
2026-06-04 17:17:10.910 [main] INFO  testCases.DataProducts.DataProductsTest.setup - --test execution started--
2026-06-04 17:17:15.744 [main] INFO  testCases.DataProducts.DataProductsTest.log - setup - browser opened
2026-06-04 17:17:16.474 [main] INFO  testCases.DataProducts.DataProductsTest.log - setup - cookies deleted
2026-06-04 17:17:16.522 [main] INFO  testCases.DataProducts.DataProductsTest.log - setup - browser maximized
2026-06-04 17:17:16.536 [main] INFO  testCases.DataProducts.DataProductsTest.log - setup - implicit wait applied for 10 seconds
2026-06-04 17:17:22.911 [main] INFO  testCases.DataProducts.DataProductsTest.log - setup - provided app URL in browser
2026-06-04 17:17:25.884 [main] INFO  testCases.DataProducts.DataProductsTest.log - setup - provided email
2026-06-04 17:17:26.127 [main] INFO  testCases.DataProducts.DataProductsTest.log - setup - clicked on log in button
2026-06-04 17:23:22.196 [main] INFO  org.testng.internal.Utils.info - [TestNG] Running:
  C:\Vaibhav\Automation\TDG_HybridFramework\testng-suites\NewTestCasesSuite.xml

2026-06-04 17:23:22.701 [main] INFO  testCases.DataProducts.DataProductsTest.setup - >>======>>======>> Automation Engineer (SDET)- Vaibhav Chavan <<======<<======<<
2026-06-04 17:23:22.702 [main] INFO  testCases.DataProducts.DataProductsTest.setup - --test execution started--
2026-06-04 17:23:28.993 [main] INFO  testCases.DataProducts.DataProductsTest.log - setup - browser opened
2026-06-04 17:23:29.087 [main] INFO  testCases.DataProducts.DataProductsTest.log - setup - cookies deleted
2026-06-04 17:23:29.162 [main] INFO  testCases.DataProducts.DataProductsTest.log - setup - browser maximized
2026-06-04 17:23:29.170 [main] INFO  testCases.DataProducts.DataProductsTest.log - setup - implicit wait applied for 10 seconds
2026-06-04 17:23:33.659 [main] INFO  testCases.DataProducts.DataProductsTest.log - setup - provided app URL in browser
2026-06-04 17:23:36.455 [main] INFO  testCases.DataProducts.DataProductsTest.log - setup - provided email
2026-06-04 17:23:36.644 [main] INFO  testCases.DataProducts.DataProductsTest.log - setup - clicked on log in button
2026-06-04 17:23:48.762 [main] ERROR testCases.DataProducts.DataProductsTest.verifyDataProductCreation - Test failed due to exception: 
org.openqa.selenium.NoSuchElementException: no such element: Unable to locate element: {"method":"css selector","selector":"body > app:nth-child(1) > app-layout:nth-child(2) > div:nth-child(2) > app-sidebar:nth-child(1) > motif-sidebar:nth-child(1) > div:nth-child(1) > app-panel-menu:nth-child(1) > motif-panel-menu:nth-child(1) > motif-panel-menu-item:nth-child(3)"}
  (Session info: chrome=148.0.7778.217)
For documentation on this error, please visit: https://www.selenium.dev/documentation/webdriver/troubleshooting/errors#nosuchelementexception
Build info: version: '4.44.0', revision: 'da2039b'
System info: os.name: 'Windows 11', os.arch: 'amd64', os.version: '10.0', java.version: '22.0.2'
Driver info: org.openqa.selenium.chrome.ChromeDriver
Command: [dcee27134cbf644c4819b90f191f040c, findElement {using=css selector, value=body > app:nth-child(1) > app-layout:nth-child(2) > div:nth-child(2) > app-sidebar:nth-child(1) > motif-sidebar:nth-child(1) > div:nth-child(1) > app-panel-menu:nth-child(1) > motif-panel-menu:nth-child(1) > motif-panel-menu-item:nth-child(3)}]
Capabilities {acceptInsecureCerts: false, browserName: chrome, browserVersion: 148.0.7778.217, chrome: {chromedriverVersion: 148.0.7778.178 (d096af1c9e9..., userDataDir: C:\Users\LZ172CV\AppData\Lo...}, fedcm:accounts: true, goog:chromeOptions: {debuggerAddress: localhost:62703}, goog:processID: 18800, networkConnectionEnabled: false, pageLoadStrategy: normal, platformName: windows, proxy: Proxy(), se:cdp: ws://localhost:62703/devtoo..., se:cdpVersion: 148.0.7778.217, setWindowRect: true, strictFileInteractability: false, timeouts: {implicit: 0, pageLoad: 300000, script: 30000}, unhandledPromptBehavior: dismiss and notify, webauthn:extension:credBlob: true, webauthn:extension:largeBlob: true, webauthn:extension:minPinLength: true, webauthn:extension:prf: true, webauthn:virtualAuthenticators: true}
Session ID: dcee27134cbf644c4819b90f191f040c
	at org.openqa.selenium.remote.ErrorCodec.decode(ErrorCodec.java:169)
	at org.openqa.selenium.remote.codec.w3c.W3CHttpResponseCodec.decode(W3CHttpResponseCodec.java:143)
	at org.openqa.selenium.remote.codec.w3c.W3CHttpResponseCodec.decode(W3CHttpResponseCodec.java:50)
	at org.openqa.selenium.remote.HttpCommandExecutor.execute(HttpCommandExecutor.java:224)
	at org.openqa.selenium.remote.service.DriverCommandExecutor.invokeExecute(DriverCommandExecutor.java:217)
	at org.openqa.selenium.remote.service.DriverCommandExecutor.execute(DriverCommandExecutor.java:175)
	at org.openqa.selenium.remote.RemoteWebDriver.execute(RemoteWebDriver.java:600)
	at org.openqa.selenium.remote.ElementLocation$ElementFinder$2.findElement(ElementLocation.java:173)
	at org.openqa.selenium.remote.ElementLocation.findElement(ElementLocation.java:60)
	at org.openqa.selenium.remote.RemoteWebDriver.findElement(RemoteWebDriver.java:421)
	at org.openqa.selenium.remote.RemoteWebDriver.findElement(RemoteWebDriver.java:415)
	at pageObjects.DataProducts.DataProductsPage.clickDataProducts(DataProductsPage.java:26)
	at testCases.DataProducts.DataProductsTest.verifyDataProductCreation(DataProductsTest.java:23)
	at java.base/jdk.internal.reflect.DirectMethodHandleAccessor.invoke(DirectMethodHandleAccessor.java:103)
	at java.base/java.lang.reflect.Method.invoke(Method.java:580)
	at org.testng.internal.invokers.MethodInvocationHelper.invokeMethod(MethodInvocationHelper.java:141)
	at org.testng.internal.invokers.TestInvoker.invokeMethod(TestInvoker.java:686)
	at org.testng.internal.invokers.TestInvoker.invokeTestMethod(TestInvoker.java:230)
	at org.testng.internal.invokers.MethodRunner.runInSequence(MethodRunner.java:63)
	at org.testng.internal.invokers.TestInvoker$MethodInvocationAgent.invoke(TestInvoker.java:992)
	at org.testng.internal.invokers.TestInvoker.invokeTestMethods(TestInvoker.java:203)
	at org.testng.internal.invokers.TestMethodWorker.invokeTestMethods(TestMethodWorker.java:154)
	at org.testng.internal.invokers.TestMethodWorker.run(TestMethodWorker.java:134)
	at java.base/java.util.ArrayList.forEach(ArrayList.java:1597)
	at org.testng.TestRunner.privateRun(TestRunner.java:739)
	at org.testng.TestRunner.run(TestRunner.java:614)
	at org.testng.SuiteRunner.runTest(SuiteRunner.java:421)
	at org.testng.SuiteRunner.runSequentially(SuiteRunner.java:413)
	at org.testng.SuiteRunner.privateRun(SuiteRunner.java:373)
	at org.testng.SuiteRunner.run(SuiteRunner.java:312)
	at org.testng.SuiteRunnerWorker.runSuite(SuiteRunnerWorker.java:52)
	at org.testng.SuiteRunnerWorker.run(SuiteRunnerWorker.java:95)
	at org.testng.TestNG.runSuitesSequentially(TestNG.java:1274)
	at org.testng.TestNG.runSuitesLocally(TestNG.java:1208)
	at org.testng.TestNG.runSuites(TestNG.java:1112)
	at org.testng.TestNG.run(TestNG.java:1079)
	at com.intellij.rt.testng.IDEARemoteTestNG.run(IDEARemoteTestNG.java:65)
	at com.intellij.rt.testng.RemoteTestNGStarter.main(RemoteTestNGStarter.java:109)
2026-06-04 17:23:58.927 [main] ERROR testCases.DataProducts.DataProductsTest.verifyDataProductCreation - Test failed due to exception: 
org.openqa.selenium.NoSuchElementException: no such element: Unable to locate element: {"method":"css selector","selector":"body > app:nth-child(1) > app-layout:nth-child(2) > div:nth-child(2) > app-sidebar:nth-child(1) > motif-sidebar:nth-child(1) > div:nth-child(1) > app-panel-menu:nth-child(1) > motif-panel-menu:nth-child(1) > motif-panel-menu-item:nth-child(3)"}
  (Session info: chrome=148.0.7778.217)
For documentation on this error, please visit: https://www.selenium.dev/documentation/webdriver/troubleshooting/errors#nosuchelementexception
Build info: version: '4.44.0', revision: 'da2039b'
System info: os.name: 'Windows 11', os.arch: 'amd64', os.version: '10.0', java.version: '22.0.2'
Driver info: org.openqa.selenium.chrome.ChromeDriver
Command: [dcee27134cbf644c4819b90f191f040c, findElement {using=css selector, value=body > app:nth-child(1) > app-layout:nth-child(2) > div:nth-child(2) > app-sidebar:nth-child(1) > motif-sidebar:nth-child(1) > div:nth-child(1) > app-panel-menu:nth-child(1) > motif-panel-menu:nth-child(1) > motif-panel-menu-item:nth-child(3)}]
Capabilities {acceptInsecureCerts: false, browserName: chrome, browserVersion: 148.0.7778.217, chrome: {chromedriverVersion: 148.0.7778.178 (d096af1c9e9..., userDataDir: C:\Users\LZ172CV\AppData\Lo...}, fedcm:accounts: true, goog:chromeOptions: {debuggerAddress: localhost:62703}, goog:processID: 18800, networkConnectionEnabled: false, pageLoadStrategy: normal, platformName: windows, proxy: Proxy(), se:cdp: ws://localhost:62703/devtoo..., se:cdpVersion: 148.0.7778.217, setWindowRect: true, strictFileInteractability: false, timeouts: {implicit: 0, pageLoad: 300000, script: 30000}, unhandledPromptBehavior: dismiss and notify, webauthn:extension:credBlob: true, webauthn:extension:largeBlob: true, webauthn:extension:minPinLength: true, webauthn:extension:prf: true, webauthn:virtualAuthenticators: true}
Session ID: dcee27134cbf644c4819b90f191f040c
	at org.openqa.selenium.remote.ErrorCodec.decode(ErrorCodec.java:169)
	at org.openqa.selenium.remote.codec.w3c.W3CHttpResponseCodec.decode(W3CHttpResponseCodec.java:143)
	at org.openqa.selenium.remote.codec.w3c.W3CHttpResponseCodec.decode(W3CHttpResponseCodec.java:50)
	at org.openqa.selenium.remote.HttpCommandExecutor.execute(HttpCommandExecutor.java:224)
	at org.openqa.selenium.remote.service.DriverCommandExecutor.invokeExecute(DriverCommandExecutor.java:217)
	at org.openqa.selenium.remote.service.DriverCommandExecutor.execute(DriverCommandExecutor.java:175)
	at org.openqa.selenium.remote.RemoteWebDriver.execute(RemoteWebDriver.java:600)
	at org.openqa.selenium.remote.ElementLocation$ElementFinder$2.findElement(ElementLocation.java:173)
	at org.openqa.selenium.remote.ElementLocation.findElement(ElementLocation.java:60)
	at org.openqa.selenium.remote.RemoteWebDriver.findElement(RemoteWebDriver.java:421)
	at org.openqa.selenium.remote.RemoteWebDriver.findElement(RemoteWebDriver.java:415)
	at pageObjects.DataProducts.DataProductsPage.clickDataProducts(DataProductsPage.java:26)
	at testCases.DataProducts.DataProductsTest.verifyDataProductCreation(DataProductsTest.java:23)
	at java.base/jdk.internal.reflect.DirectMethodHandleAccessor.invoke(DirectMethodHandleAccessor.java:103)
	at java.base/java.lang.reflect.Method.invoke(Method.java:580)
	at org.testng.internal.invokers.MethodInvocationHelper.invokeMethod(MethodInvocationHelper.java:141)
	at org.testng.internal.invokers.TestInvoker.invokeMethod(TestInvoker.java:686)
	at org.testng.internal.invokers.TestInvoker.retryFailed(TestInvoker.java:269)
	at org.testng.internal.invokers.MethodRunner.runInSequence(MethodRunner.java:76)
	at org.testng.internal.invokers.TestInvoker$MethodInvocationAgent.invoke(TestInvoker.java:992)
	at org.testng.internal.invokers.TestInvoker.invokeTestMethods(TestInvoker.java:203)
	at org.testng.internal.invokers.TestMethodWorker.invokeTestMethods(TestMethodWorker.java:154)
	at org.testng.internal.invokers.TestMethodWorker.run(TestMethodWorker.java:134)
	at java.base/java.util.ArrayList.forEach(ArrayList.java:1597)
	at org.testng.TestRunner.privateRun(TestRunner.java:739)
	at org.testng.TestRunner.run(TestRunner.java:614)
	at org.testng.SuiteRunner.runTest(SuiteRunner.java:421)
	at org.testng.SuiteRunner.runSequentially(SuiteRunner.java:413)
	at org.testng.SuiteRunner.privateRun(SuiteRunner.java:373)
	at org.testng.SuiteRunner.run(SuiteRunner.java:312)
	at org.testng.SuiteRunnerWorker.runSuite(SuiteRunnerWorker.java:52)
	at org.testng.SuiteRunnerWorker.run(SuiteRunnerWorker.java:95)
	at org.testng.TestNG.runSuitesSequentially(TestNG.java:1274)
	at org.testng.TestNG.runSuitesLocally(TestNG.java:1208)
	at org.testng.TestNG.runSuites(TestNG.java:1112)
	at org.testng.TestNG.run(TestNG.java:1079)
	at com.intellij.rt.testng.IDEARemoteTestNG.run(IDEARemoteTestNG.java:65)
	at com.intellij.rt.testng.RemoteTestNGStarter.main(RemoteTestNGStarter.java:109)
2026-06-04 17:25:04.469 [main] INFO  org.testng.internal.Utils.info - [TestNG] Running:
  C:\Vaibhav\Automation\TDG_HybridFramework\testng-suites\NewTestCasesSuite.xml

2026-06-04 17:25:04.920 [main] INFO  testCases.DataProducts.DataProductsTest.setup - >>======>>======>> Automation Engineer (SDET)- Vaibhav Chavan <<======<<======<<
2026-06-04 17:25:04.921 [main] INFO  testCases.DataProducts.DataProductsTest.setup - --test execution started--
2026-06-04 17:25:10.084 [main] INFO  testCases.DataProducts.DataProductsTest.log - setup - browser opened
2026-06-04 17:25:10.145 [main] INFO  testCases.DataProducts.DataProductsTest.log - setup - cookies deleted
2026-06-04 17:25:10.224 [main] INFO  testCases.DataProducts.DataProductsTest.log - setup - browser maximized
2026-06-04 17:25:10.248 [main] INFO  testCases.DataProducts.DataProductsTest.log - setup - implicit wait applied for 10 seconds
2026-06-04 17:25:11.410 [main] INFO  testCases.DataProducts.DataProductsTest.log - setup - provided app URL in browser
2026-06-04 17:25:17.379 [main] INFO  testCases.DataProducts.DataProductsTest.log - setup - provided email
2026-06-04 17:25:17.560 [main] INFO  testCases.DataProducts.DataProductsTest.log - setup - clicked on log in button
2026-06-04 17:25:30.027 [main] ERROR testCases.DataProducts.DataProductsTest.verifyDataProductCreation - Test failed due to exception: 
org.openqa.selenium.NoSuchElementException: no such element: Unable to locate element: {"method":"css selector","selector":"body > app:nth-child(1) > app-layout:nth-child(2) > div:nth-child(2) > app-sidebar:nth-child(1) > motif-sidebar:nth-child(1) > div:nth-child(1) > app-panel-menu:nth-child(1) > motif-panel-menu:nth-child(1) > motif-panel-menu-item:nth-child(3)"}
  (Session info: chrome=148.0.7778.217)
For documentation on this error, please visit: https://www.selenium.dev/documentation/webdriver/troubleshooting/errors#nosuchelementexception
Build info: version: '4.44.0', revision: 'da2039b'
System info: os.name: 'Windows 11', os.arch: 'amd64', os.version: '10.0', java.version: '22.0.2'
Driver info: org.openqa.selenium.chrome.ChromeDriver
Command: [68f3d0ea9c107ffb5f66511dd73dac2c, findElement {value=body > app:nth-child(1) > app-layout:nth-child(2) > div:nth-child(2) > app-sidebar:nth-child(1) > motif-sidebar:nth-child(1) > div:nth-child(1) > app-panel-menu:nth-child(1) > motif-panel-menu:nth-child(1) > motif-panel-menu-item:nth-child(3), using=css selector}]
Capabilities {acceptInsecureCerts: false, browserName: chrome, browserVersion: 148.0.7778.217, chrome: {chromedriverVersion: 148.0.7778.178 (d096af1c9e9..., userDataDir: C:\Users\LZ172CV\AppData\Lo...}, fedcm:accounts: true, goog:chromeOptions: {debuggerAddress: localhost:60140}, goog:processID: 31116, networkConnectionEnabled: false, pageLoadStrategy: normal, platformName: windows, proxy: Proxy(), se:cdp: ws://localhost:60140/devtoo..., se:cdpVersion: 148.0.7778.217, setWindowRect: true, strictFileInteractability: false, timeouts: {implicit: 0, pageLoad: 300000, script: 30000}, unhandledPromptBehavior: dismiss and notify, webauthn:extension:credBlob: true, webauthn:extension:largeBlob: true, webauthn:extension:minPinLength: true, webauthn:extension:prf: true, webauthn:virtualAuthenticators: true}
Session ID: 68f3d0ea9c107ffb5f66511dd73dac2c
	at org.openqa.selenium.remote.ErrorCodec.decode(ErrorCodec.java:169)
	at org.openqa.selenium.remote.codec.w3c.W3CHttpResponseCodec.decode(W3CHttpResponseCodec.java:143)
	at org.openqa.selenium.remote.codec.w3c.W3CHttpResponseCodec.decode(W3CHttpResponseCodec.java:50)
	at org.openqa.selenium.remote.HttpCommandExecutor.execute(HttpCommandExecutor.java:224)
	at org.openqa.selenium.remote.service.DriverCommandExecutor.invokeExecute(DriverCommandExecutor.java:217)
	at org.openqa.selenium.remote.service.DriverCommandExecutor.execute(DriverCommandExecutor.java:175)
	at org.openqa.selenium.remote.RemoteWebDriver.execute(RemoteWebDriver.java:600)
	at org.openqa.selenium.remote.ElementLocation$ElementFinder$2.findElement(ElementLocation.java:173)
	at org.openqa.selenium.remote.ElementLocation.findElement(ElementLocation.java:60)
	at org.openqa.selenium.remote.RemoteWebDriver.findElement(RemoteWebDriver.java:421)
	at org.openqa.selenium.remote.RemoteWebDriver.findElement(RemoteWebDriver.java:415)
	at pageObjects.DataProducts.DataProductsPage.clickDataProducts(DataProductsPage.java:26)
	at testCases.DataProducts.DataProductsTest.verifyDataProductCreation(DataProductsTest.java:23)
	at java.base/jdk.internal.reflect.DirectMethodHandleAccessor.invoke(DirectMethodHandleAccessor.java:103)
	at java.base/java.lang.reflect.Method.invoke(Method.java:580)
	at org.testng.internal.invokers.MethodInvocationHelper.invokeMethod(MethodInvocationHelper.java:141)
	at org.testng.internal.invokers.TestInvoker.invokeMethod(TestInvoker.java:686)
	at org.testng.internal.invokers.TestInvoker.invokeTestMethod(TestInvoker.java:230)
	at org.testng.internal.invokers.MethodRunner.runInSequence(MethodRunner.java:63)
	at org.testng.internal.invokers.TestInvoker$MethodInvocationAgent.invoke(TestInvoker.java:992)
	at org.testng.internal.invokers.TestInvoker.invokeTestMethods(TestInvoker.java:203)
	at org.testng.internal.invokers.TestMethodWorker.invokeTestMethods(TestMethodWorker.java:154)
	at org.testng.internal.invokers.TestMethodWorker.run(TestMethodWorker.java:134)
	at java.base/java.util.ArrayList.forEach(ArrayList.java:1597)
	at org.testng.TestRunner.privateRun(TestRunner.java:739)
	at org.testng.TestRunner.run(TestRunner.java:614)
	at org.testng.SuiteRunner.runTest(SuiteRunner.java:421)
	at org.testng.SuiteRunner.runSequentially(SuiteRunner.java:413)
	at org.testng.SuiteRunner.privateRun(SuiteRunner.java:373)
	at org.testng.SuiteRunner.run(SuiteRunner.java:312)
	at org.testng.SuiteRunnerWorker.runSuite(SuiteRunnerWorker.java:52)
	at org.testng.SuiteRunnerWorker.run(SuiteRunnerWorker.java:95)
	at org.testng.TestNG.runSuitesSequentially(TestNG.java:1274)
	at org.testng.TestNG.runSuitesLocally(TestNG.java:1208)
	at org.testng.TestNG.runSuites(TestNG.java:1112)
	at org.testng.TestNG.run(TestNG.java:1079)
	at com.intellij.rt.testng.IDEARemoteTestNG.run(IDEARemoteTestNG.java:65)
	at com.intellij.rt.testng.RemoteTestNGStarter.main(RemoteTestNGStarter.java:109)
2026-06-04 17:25:40.312 [main] ERROR testCases.DataProducts.DataProductsTest.verifyDataProductCreation - Test failed due to exception: 
org.openqa.selenium.NoSuchElementException: no such element: Unable to locate element: {"method":"css selector","selector":"body > app:nth-child(1) > app-layout:nth-child(2) > div:nth-child(2) > app-sidebar:nth-child(1) > motif-sidebar:nth-child(1) > div:nth-child(1) > app-panel-menu:nth-child(1) > motif-panel-menu:nth-child(1) > motif-panel-menu-item:nth-child(3)"}
  (Session info: chrome=148.0.7778.217)
For documentation on this error, please visit: https://www.selenium.dev/documentation/webdriver/troubleshooting/errors#nosuchelementexception
Build info: version: '4.44.0', revision: 'da2039b'
System info: os.name: 'Windows 11', os.arch: 'amd64', os.version: '10.0', java.version: '22.0.2'
Driver info: org.openqa.selenium.chrome.ChromeDriver
Command: [68f3d0ea9c107ffb5f66511dd73dac2c, findElement {value=body > app:nth-child(1) > app-layout:nth-child(2) > div:nth-child(2) > app-sidebar:nth-child(1) > motif-sidebar:nth-child(1) > div:nth-child(1) > app-panel-menu:nth-child(1) > motif-panel-menu:nth-child(1) > motif-panel-menu-item:nth-child(3), using=css selector}]
Capabilities {acceptInsecureCerts: false, browserName: chrome, browserVersion: 148.0.7778.217, chrome: {chromedriverVersion: 148.0.7778.178 (d096af1c9e9..., userDataDir: C:\Users\LZ172CV\AppData\Lo...}, fedcm:accounts: true, goog:chromeOptions: {debuggerAddress: localhost:60140}, goog:processID: 31116, networkConnectionEnabled: false, pageLoadStrategy: normal, platformName: windows, proxy: Proxy(), se:cdp: ws://localhost:60140/devtoo..., se:cdpVersion: 148.0.7778.217, setWindowRect: true, strictFileInteractability: false, timeouts: {implicit: 0, pageLoad: 300000, script: 30000}, unhandledPromptBehavior: dismiss and notify, webauthn:extension:credBlob: true, webauthn:extension:largeBlob: true, webauthn:extension:minPinLength: true, webauthn:extension:prf: true, webauthn:virtualAuthenticators: true}
Session ID: 68f3d0ea9c107ffb5f66511dd73dac2c
	at org.openqa.selenium.remote.ErrorCodec.decode(ErrorCodec.java:169)
	at org.openqa.selenium.remote.codec.w3c.W3CHttpResponseCodec.decode(W3CHttpResponseCodec.java:143)
	at org.openqa.selenium.remote.codec.w3c.W3CHttpResponseCodec.decode(W3CHttpResponseCodec.java:50)
	at org.openqa.selenium.remote.HttpCommandExecutor.execute(HttpCommandExecutor.java:224)
	at org.openqa.selenium.remote.service.DriverCommandExecutor.invokeExecute(DriverCommandExecutor.java:217)
	at org.openqa.selenium.remote.service.DriverCommandExecutor.execute(DriverCommandExecutor.java:175)
	at org.openqa.selenium.remote.RemoteWebDriver.execute(RemoteWebDriver.java:600)
	at org.openqa.selenium.remote.ElementLocation$ElementFinder$2.findElement(ElementLocation.java:173)
	at org.openqa.selenium.remote.ElementLocation.findElement(ElementLocation.java:60)
	at org.openqa.selenium.remote.RemoteWebDriver.findElement(RemoteWebDriver.java:421)
	at org.openqa.selenium.remote.RemoteWebDriver.findElement(RemoteWebDriver.java:415)
	at pageObjects.DataProducts.DataProductsPage.clickDataProducts(DataProductsPage.java:26)
	at testCases.DataProducts.DataProductsTest.verifyDataProductCreation(DataProductsTest.java:23)
	at java.base/jdk.internal.reflect.DirectMethodHandleAccessor.invoke(DirectMethodHandleAccessor.java:103)
	at java.base/java.lang.reflect.Method.invoke(Method.java:580)
	at org.testng.internal.invokers.MethodInvocationHelper.invokeMethod(MethodInvocationHelper.java:141)
	at org.testng.internal.invokers.TestInvoker.invokeMethod(TestInvoker.java:686)
	at org.testng.internal.invokers.TestInvoker.retryFailed(TestInvoker.java:269)
	at org.testng.internal.invokers.MethodRunner.runInSequence(MethodRunner.java:76)
	at org.testng.internal.invokers.TestInvoker$MethodInvocationAgent.invoke(TestInvoker.java:992)
	at org.testng.internal.invokers.TestInvoker.invokeTestMethods(TestInvoker.java:203)
	at org.testng.internal.invokers.TestMethodWorker.invokeTestMethods(TestMethodWorker.java:154)
	at org.testng.internal.invokers.TestMethodWorker.run(TestMethodWorker.java:134)
	at java.base/java.util.ArrayList.forEach(ArrayList.java:1597)
	at org.testng.TestRunner.privateRun(TestRunner.java:739)
	at org.testng.TestRunner.run(TestRunner.java:614)
	at org.testng.SuiteRunner.runTest(SuiteRunner.java:421)
	at org.testng.SuiteRunner.runSequentially(SuiteRunner.java:413)
	at org.testng.SuiteRunner.privateRun(SuiteRunner.java:373)
	at org.testng.SuiteRunner.run(SuiteRunner.java:312)
	at org.testng.SuiteRunnerWorker.runSuite(SuiteRunnerWorker.java:52)
	at org.testng.SuiteRunnerWorker.run(SuiteRunnerWorker.java:95)
	at org.testng.TestNG.runSuitesSequentially(TestNG.java:1274)
	at org.testng.TestNG.runSuitesLocally(TestNG.java:1208)
	at org.testng.TestNG.runSuites(TestNG.java:1112)
	at org.testng.TestNG.run(TestNG.java:1079)
	at com.intellij.rt.testng.IDEARemoteTestNG.run(IDEARemoteTestNG.java:65)
	at com.intellij.rt.testng.RemoteTestNGStarter.main(RemoteTestNGStarter.java:109)
2026-06-04 17:26:05.844 [main] INFO  org.testng.internal.Utils.info - [TestNG] Running:
  C:\Vaibhav\Automation\TDG_HybridFramework\testng-suites\NewTestCasesSuite.xml

2026-06-04 17:26:06.294 [main] INFO  testCases.DataProducts.DataProductsTest.setup - >>======>>======>> Automation Engineer (SDET)- Vaibhav Chavan <<======<<======<<
2026-06-04 17:26:06.295 [main] INFO  testCases.DataProducts.DataProductsTest.setup - --test execution started--
2026-06-04 17:26:11.236 [main] INFO  testCases.DataProducts.DataProductsTest.log - setup - browser opened
2026-06-04 17:26:11.291 [main] INFO  testCases.DataProducts.DataProductsTest.log - setup - cookies deleted
2026-06-04 17:26:11.444 [main] INFO  testCases.DataProducts.DataProductsTest.log - setup - browser maximized
2026-06-04 17:26:11.460 [main] INFO  testCases.DataProducts.DataProductsTest.log - setup - implicit wait applied for 10 seconds
2026-06-04 17:26:16.403 [main] INFO  testCases.DataProducts.DataProductsTest.log - setup - provided app URL in browser
2026-06-04 17:26:18.893 [main] INFO  testCases.DataProducts.DataProductsTest.log - setup - provided email
2026-06-04 17:26:35.157 [main] INFO  testCases.DataProducts.DataProductsTest.log - setup - clicked on log in button
2026-06-04 17:27:03.888 [main] ERROR testCases.DataProducts.DataProductsTest.verifyDataProductCreation - Test failed due to exception: 
org.openqa.selenium.NoSuchElementException: no such element: Unable to locate element: {"method":"css selector","selector":"body > app:nth-child(1) > app-layout:nth-child(2) > div:nth-child(2) > app-sidebar:nth-child(1) > motif-sidebar:nth-child(1) > div:nth-child(1) > app-panel-menu:nth-child(1) > motif-panel-menu:nth-child(1) > motif-panel-menu-item:nth-child(3)"}
  (Session info: chrome=148.0.7778.217)
For documentation on this error, please visit: https://www.selenium.dev/documentation/webdriver/troubleshooting/errors#nosuchelementexception
Build info: version: '4.44.0', revision: 'da2039b'
System info: os.name: 'Windows 11', os.arch: 'amd64', os.version: '10.0', java.version: '22.0.2'
Driver info: org.openqa.selenium.chrome.ChromeDriver
Command: [c88c7f26ce686a05d74f6c75b59ee8db, findElement {using=css selector, value=body > app:nth-child(1) > app-layout:nth-child(2) > div:nth-child(2) > app-sidebar:nth-child(1) > motif-sidebar:nth-child(1) > div:nth-child(1) > app-panel-menu:nth-child(1) > motif-panel-menu:nth-child(1) > motif-panel-menu-item:nth-child(3)}]
Capabilities {acceptInsecureCerts: false, browserName: chrome, browserVersion: 148.0.7778.217, chrome: {chromedriverVersion: 148.0.7778.178 (d096af1c9e9..., userDataDir: C:\Users\LZ172CV\AppData\Lo...}, fedcm:accounts: true, goog:chromeOptions: {debuggerAddress: localhost:65244}, goog:processID: 32056, networkConnectionEnabled: false, pageLoadStrategy: normal, platformName: windows, proxy: Proxy(), se:cdp: ws://localhost:65244/devtoo..., se:cdpVersion: 148.0.7778.217, setWindowRect: true, strictFileInteractability: false, timeouts: {implicit: 0, pageLoad: 300000, script: 30000}, unhandledPromptBehavior: dismiss and notify, webauthn:extension:credBlob: true, webauthn:extension:largeBlob: true, webauthn:extension:minPinLength: true, webauthn:extension:prf: true, webauthn:virtualAuthenticators: true}
Session ID: c88c7f26ce686a05d74f6c75b59ee8db
	at org.openqa.selenium.remote.ErrorCodec.decode(ErrorCodec.java:169)
	at org.openqa.selenium.remote.codec.w3c.W3CHttpResponseCodec.decode(W3CHttpResponseCodec.java:143)
	at org.openqa.selenium.remote.codec.w3c.W3CHttpResponseCodec.decode(W3CHttpResponseCodec.java:50)
	at org.openqa.selenium.remote.HttpCommandExecutor.execute(HttpCommandExecutor.java:224)
	at org.openqa.selenium.remote.service.DriverCommandExecutor.invokeExecute(DriverCommandExecutor.java:217)
	at org.openqa.selenium.remote.service.DriverCommandExecutor.execute(DriverCommandExecutor.java:175)
	at org.openqa.selenium.remote.RemoteWebDriver.execute(RemoteWebDriver.java:600)
	at org.openqa.selenium.remote.ElementLocation$ElementFinder$2.findElement(ElementLocation.java:173)
	at org.openqa.selenium.remote.ElementLocation.findElement(ElementLocation.java:60)
	at org.openqa.selenium.remote.RemoteWebDriver.findElement(RemoteWebDriver.java:421)
	at org.openqa.selenium.remote.RemoteWebDriver.findElement(RemoteWebDriver.java:415)
	at pageObjects.DataProducts.DataProductsPage.clickDataProducts(DataProductsPage.java:26)
	at testCases.DataProducts.DataProductsTest.verifyDataProductCreation(DataProductsTest.java:23)
	at java.base/jdk.internal.reflect.DirectMethodHandleAccessor.invoke(DirectMethodHandleAccessor.java:103)
	at java.base/java.lang.reflect.Method.invoke(Method.java:580)
	at org.testng.internal.invokers.MethodInvocationHelper.invokeMethod(MethodInvocationHelper.java:141)
	at org.testng.internal.invokers.TestInvoker.invokeMethod(TestInvoker.java:686)
	at org.testng.internal.invokers.TestInvoker.invokeTestMethod(TestInvoker.java:230)
	at org.testng.internal.invokers.MethodRunner.runInSequence(MethodRunner.java:63)
	at org.testng.internal.invokers.TestInvoker$MethodInvocationAgent.invoke(TestInvoker.java:992)
	at org.testng.internal.invokers.TestInvoker.invokeTestMethods(TestInvoker.java:203)
	at org.testng.internal.invokers.TestMethodWorker.invokeTestMethods(TestMethodWorker.java:154)
	at org.testng.internal.invokers.TestMethodWorker.run(TestMethodWorker.java:134)
	at java.base/java.util.ArrayList.forEach(ArrayList.java:1597)
	at org.testng.TestRunner.privateRun(TestRunner.java:739)
	at org.testng.TestRunner.run(TestRunner.java:614)
	at org.testng.SuiteRunner.runTest(SuiteRunner.java:421)
	at org.testng.SuiteRunner.runSequentially(SuiteRunner.java:413)
	at org.testng.SuiteRunner.privateRun(SuiteRunner.java:373)
	at org.testng.SuiteRunner.run(SuiteRunner.java:312)
	at org.testng.SuiteRunnerWorker.runSuite(SuiteRunnerWorker.java:52)
	at org.testng.SuiteRunnerWorker.run(SuiteRunnerWorker.java:95)
	at org.testng.TestNG.runSuitesSequentially(TestNG.java:1274)
	at org.testng.TestNG.runSuitesLocally(TestNG.java:1208)
	at org.testng.TestNG.runSuites(TestNG.java:1112)
	at org.testng.TestNG.run(TestNG.java:1079)
	at com.intellij.rt.testng.IDEARemoteTestNG.run(IDEARemoteTestNG.java:65)
	at com.intellij.rt.testng.RemoteTestNGStarter.main(RemoteTestNGStarter.java:109)
2026-06-04 17:27:13.995 [main] ERROR testCases.DataProducts.DataProductsTest.verifyDataProductCreation - Test failed due to exception: 
org.openqa.selenium.NoSuchElementException: no such element: Unable to locate element: {"method":"css selector","selector":"body > app:nth-child(1) > app-layout:nth-child(2) > div:nth-child(2) > app-sidebar:nth-child(1) > motif-sidebar:nth-child(1) > div:nth-child(1) > app-panel-menu:nth-child(1) > motif-panel-menu:nth-child(1) > motif-panel-menu-item:nth-child(3)"}
  (Session info: chrome=148.0.7778.217)
For documentation on this error, please visit: https://www.selenium.dev/documentation/webdriver/troubleshooting/errors#nosuchelementexception
Build info: version: '4.44.0', revision: 'da2039b'
System info: os.name: 'Windows 11', os.arch: 'amd64', os.version: '10.0', java.version: '22.0.2'
Driver info: org.openqa.selenium.chrome.ChromeDriver
Command: [c88c7f26ce686a05d74f6c75b59ee8db, findElement {using=css selector, value=body > app:nth-child(1) > app-layout:nth-child(2) > div:nth-child(2) > app-sidebar:nth-child(1) > motif-sidebar:nth-child(1) > div:nth-child(1) > app-panel-menu:nth-child(1) > motif-panel-menu:nth-child(1) > motif-panel-menu-item:nth-child(3)}]
Capabilities {acceptInsecureCerts: false, browserName: chrome, browserVersion: 148.0.7778.217, chrome: {chromedriverVersion: 148.0.7778.178 (d096af1c9e9..., userDataDir: C:\Users\LZ172CV\AppData\Lo...}, fedcm:accounts: true, goog:chromeOptions: {debuggerAddress: localhost:65244}, goog:processID: 32056, networkConnectionEnabled: false, pageLoadStrategy: normal, platformName: windows, proxy: Proxy(), se:cdp: ws://localhost:65244/devtoo..., se:cdpVersion: 148.0.7778.217, setWindowRect: true, strictFileInteractability: false, timeouts: {implicit: 0, pageLoad: 300000, script: 30000}, unhandledPromptBehavior: dismiss and notify, webauthn:extension:credBlob: true, webauthn:extension:largeBlob: true, webauthn:extension:minPinLength: true, webauthn:extension:prf: true, webauthn:virtualAuthenticators: true}
Session ID: c88c7f26ce686a05d74f6c75b59ee8db
	at org.openqa.selenium.remote.ErrorCodec.decode(ErrorCodec.java:169)
	at org.openqa.selenium.remote.codec.w3c.W3CHttpResponseCodec.decode(W3CHttpResponseCodec.java:143)
	at org.openqa.selenium.remote.codec.w3c.W3CHttpResponseCodec.decode(W3CHttpResponseCodec.java:50)
	at org.openqa.selenium.remote.HttpCommandExecutor.execute(HttpCommandExecutor.java:224)
	at org.openqa.selenium.remote.service.DriverCommandExecutor.invokeExecute(DriverCommandExecutor.java:217)
	at org.openqa.selenium.remote.service.DriverCommandExecutor.execute(DriverCommandExecutor.java:175)
	at org.openqa.selenium.remote.RemoteWebDriver.execute(RemoteWebDriver.java:600)
	at org.openqa.selenium.remote.ElementLocation$ElementFinder$2.findElement(ElementLocation.java:173)
	at org.openqa.selenium.remote.ElementLocation.findElement(ElementLocation.java:60)
	at org.openqa.selenium.remote.RemoteWebDriver.findElement(RemoteWebDriver.java:421)
	at org.openqa.selenium.remote.RemoteWebDriver.findElement(RemoteWebDriver.java:415)
	at pageObjects.DataProducts.DataProductsPage.clickDataProducts(DataProductsPage.java:26)
	at testCases.DataProducts.DataProductsTest.verifyDataProductCreation(DataProductsTest.java:23)
	at java.base/jdk.internal.reflect.DirectMethodHandleAccessor.invoke(DirectMethodHandleAccessor.java:103)
	at java.base/java.lang.reflect.Method.invoke(Method.java:580)
	at org.testng.internal.invokers.MethodInvocationHelper.invokeMethod(MethodInvocationHelper.java:141)
	at org.testng.internal.invokers.TestInvoker.invokeMethod(TestInvoker.java:686)
	at org.testng.internal.invokers.TestInvoker.retryFailed(TestInvoker.java:269)
	at org.testng.internal.invokers.MethodRunner.runInSequence(MethodRunner.java:76)
	at org.testng.internal.invokers.TestInvoker$MethodInvocationAgent.invoke(TestInvoker.java:992)
	at org.testng.internal.invokers.TestInvoker.invokeTestMethods(TestInvoker.java:203)
	at org.testng.internal.invokers.TestMethodWorker.invokeTestMethods(TestMethodWorker.java:154)
	at org.testng.internal.invokers.TestMethodWorker.run(TestMethodWorker.java:134)
	at java.base/java.util.ArrayList.forEach(ArrayList.java:1597)
	at org.testng.TestRunner.privateRun(TestRunner.java:739)
	at org.testng.TestRunner.run(TestRunner.java:614)
	at org.testng.SuiteRunner.runTest(SuiteRunner.java:421)
	at org.testng.SuiteRunner.runSequentially(SuiteRunner.java:413)
	at org.testng.SuiteRunner.privateRun(SuiteRunner.java:373)
	at org.testng.SuiteRunner.run(SuiteRunner.java:312)
	at org.testng.SuiteRunnerWorker.runSuite(SuiteRunnerWorker.java:52)
	at org.testng.SuiteRunnerWorker.run(SuiteRunnerWorker.java:95)
	at org.testng.TestNG.runSuitesSequentially(TestNG.java:1274)
	at org.testng.TestNG.runSuitesLocally(TestNG.java:1208)
	at org.testng.TestNG.runSuites(TestNG.java:1112)
	at org.testng.TestNG.run(TestNG.java:1079)
	at com.intellij.rt.testng.IDEARemoteTestNG.run(IDEARemoteTestNG.java:65)
	at com.intellij.rt.testng.RemoteTestNGStarter.main(RemoteTestNGStarter.java:109)
2026-06-04 17:28:14.997 [main] INFO  org.testng.internal.Utils.info - [TestNG] Running:
  C:\Vaibhav\Automation\TDG_HybridFramework\testng-suites\NewTestCasesSuite.xml

2026-06-04 17:28:15.475 [main] INFO  testCases.DataProducts.DataProductsTest.setup - >>======>>======>> Automation Engineer (SDET)- Vaibhav Chavan <<======<<======<<
2026-06-04 17:28:15.476 [main] INFO  testCases.DataProducts.DataProductsTest.setup - --test execution started--
2026-06-04 17:28:21.291 [main] INFO  testCases.DataProducts.DataProductsTest.log - setup - browser opened
2026-06-04 17:28:21.355 [main] INFO  testCases.DataProducts.DataProductsTest.log - setup - cookies deleted
2026-06-04 17:28:21.468 [main] INFO  testCases.DataProducts.DataProductsTest.log - setup - browser maximized
2026-06-04 17:28:21.489 [main] INFO  testCases.DataProducts.DataProductsTest.log - setup - implicit wait applied for 10 seconds
2026-06-04 17:28:22.939 [main] INFO  testCases.DataProducts.DataProductsTest.log - setup - provided app URL in browser
2026-06-04 17:28:29.145 [main] INFO  testCases.DataProducts.DataProductsTest.log - setup - provided email
2026-06-04 17:28:29.426 [main] INFO  testCases.DataProducts.DataProductsTest.log - setup - clicked on log in button
2026-06-04 17:30:32.973 [main] INFO  org.testng.internal.Utils.info - [TestNG] Running:
  C:\Vaibhav\Automation\TDG_HybridFramework\testng-suites\NewTestCasesSuite.xml

2026-06-04 17:30:33.399 [main] INFO  testCases.DataProducts.DataProductsTest.setup - >>======>>======>> Automation Engineer (SDET)- Vaibhav Chavan <<======<<======<<
2026-06-04 17:30:33.400 [main] INFO  testCases.DataProducts.DataProductsTest.setup - --test execution started--
2026-06-04 17:30:38.691 [main] INFO  testCases.DataProducts.DataProductsTest.log - setup - browser opened
2026-06-04 17:30:39.547 [main] INFO  testCases.DataProducts.DataProductsTest.log - setup - cookies deleted
2026-06-04 17:30:39.630 [main] INFO  testCases.DataProducts.DataProductsTest.log - setup - browser maximized
2026-06-04 17:30:39.649 [main] INFO  testCases.DataProducts.DataProductsTest.log - setup - implicit wait applied for 10 seconds
2026-06-04 17:30:44.139 [main] INFO  testCases.DataProducts.DataProductsTest.log - setup - provided app URL in browser
2026-06-04 17:30:46.641 [main] INFO  testCases.DataProducts.DataProductsTest.log - setup - provided email
2026-06-04 17:30:46.815 [main] INFO  testCases.DataProducts.DataProductsTest.log - setup - clicked on log in button
2026-06-04 17:31:15.911 [main] INFO  testCases.DataProducts.DataProductsTest.log - verifyDataProductCreation - Clicked on Data Products menu item
2026-06-04 17:31:54.491 [main] ERROR testCases.DataProducts.DataProductsTest.verifyDataProductCreation - Test failed due to exception: 
org.openqa.selenium.ElementClickInterceptedException: element click intercepted: Element <button part="button" type="button" class="motif-button motif-button--sm motif-button--primary motif-button--default" aria-pressed="false">...</button> is not clickable at point (1122, 121). Other element would receive the click: <motif-button _ngcontent-ng-c617872853="" variant="primary" class="hydrated" size="sm" type="button" shape="default" href="">...</motif-button>
  (Session info: chrome=148.0.7778.217)
Build info: version: '4.44.0', revision: 'da2039b'
System info: os.name: 'Windows 11', os.arch: 'amd64', os.version: '10.0', java.version: '22.0.2'
Driver info: org.openqa.selenium.chrome.ChromeDriver
Command: [b53041ec1b8f8ba789fbeecb271b4b65, clickElement {id=f.589099551CC9EF7D128877A41E1AB54A.d.A4E949D0FCB1B1616985E553A59D8846.e.270}]
Capabilities {acceptInsecureCerts: false, browserName: chrome, browserVersion: 148.0.7778.217, chrome: {chromedriverVersion: 148.0.7778.178 (d096af1c9e9..., userDataDir: C:\Users\LZ172CV\AppData\Lo...}, fedcm:accounts: true, goog:chromeOptions: {debuggerAddress: localhost:54275}, goog:processID: 36632, networkConnectionEnabled: false, pageLoadStrategy: normal, platformName: windows, proxy: Proxy(), se:cdp: ws://localhost:54275/devtoo..., se:cdpVersion: 148.0.7778.217, setWindowRect: true, strictFileInteractability: false, timeouts: {implicit: 0, pageLoad: 300000, script: 30000}, unhandledPromptBehavior: dismiss and notify, webauthn:extension:credBlob: true, webauthn:extension:largeBlob: true, webauthn:extension:minPinLength: true, webauthn:extension:prf: true, webauthn:virtualAuthenticators: true}
Element: [[org.openqa.selenium.remote.ShadowRoot@2aaaea92] -> css selector: .motif-button.motif-button--sm.motif-button--primary.motif-button--default]
Session ID: b53041ec1b8f8ba789fbeecb271b4b65
	at org.openqa.selenium.remote.ErrorCodec.decode(ErrorCodec.java:169)
	at org.openqa.selenium.remote.codec.w3c.W3CHttpResponseCodec.decode(W3CHttpResponseCodec.java:143)
	at org.openqa.selenium.remote.codec.w3c.W3CHttpResponseCodec.decode(W3CHttpResponseCodec.java:50)
	at org.openqa.selenium.remote.HttpCommandExecutor.execute(HttpCommandExecutor.java:224)
	at org.openqa.selenium.remote.service.DriverCommandExecutor.invokeExecute(DriverCommandExecutor.java:217)
	at org.openqa.selenium.remote.service.DriverCommandExecutor.execute(DriverCommandExecutor.java:175)
	at org.openqa.selenium.remote.RemoteWebDriver.execute(RemoteWebDriver.java:600)
	at org.openqa.selenium.remote.RemoteWebElement.execute(RemoteWebElement.java:225)
	at org.openqa.selenium.remote.RemoteWebElement.click(RemoteWebElement.java:79)
	at pageObjects.DataProducts.DataProductsPage.clickCreateDataProduct(DataProductsPage.java:35)
	at testCases.DataProducts.DataProductsTest.verifyDataProductCreation(DataProductsTest.java:26)
	at java.base/jdk.internal.reflect.DirectMethodHandleAccessor.invoke(DirectMethodHandleAccessor.java:103)
	at java.base/java.lang.reflect.Method.invoke(Method.java:580)
	at org.testng.internal.invokers.MethodInvocationHelper.invokeMethod(MethodInvocationHelper.java:141)
	at org.testng.internal.invokers.TestInvoker.invokeMethod(TestInvoker.java:686)
	at org.testng.internal.invokers.TestInvoker.invokeTestMethod(TestInvoker.java:230)
	at org.testng.internal.invokers.MethodRunner.runInSequence(MethodRunner.java:63)
	at org.testng.internal.invokers.TestInvoker$MethodInvocationAgent.invoke(TestInvoker.java:992)
	at org.testng.internal.invokers.TestInvoker.invokeTestMethods(TestInvoker.java:203)
	at org.testng.internal.invokers.TestMethodWorker.invokeTestMethods(TestMethodWorker.java:154)
	at org.testng.internal.invokers.TestMethodWorker.run(TestMethodWorker.java:134)
	at java.base/java.util.ArrayList.forEach(ArrayList.java:1597)
	at org.testng.TestRunner.privateRun(TestRunner.java:739)
	at org.testng.TestRunner.run(TestRunner.java:614)
	at org.testng.SuiteRunner.runTest(SuiteRunner.java:421)
	at org.testng.SuiteRunner.runSequentially(SuiteRunner.java:413)
	at org.testng.SuiteRunner.privateRun(SuiteRunner.java:373)
	at org.testng.SuiteRunner.run(SuiteRunner.java:312)
	at org.testng.SuiteRunnerWorker.runSuite(SuiteRunnerWorker.java:52)
	at org.testng.SuiteRunnerWorker.run(SuiteRunnerWorker.java:95)
	at org.testng.TestNG.runSuitesSequentially(TestNG.java:1274)
	at org.testng.TestNG.runSuitesLocally(TestNG.java:1208)
	at org.testng.TestNG.runSuites(TestNG.java:1112)
	at org.testng.TestNG.run(TestNG.java:1079)
	at com.intellij.rt.testng.IDEARemoteTestNG.run(IDEARemoteTestNG.java:65)
	at com.intellij.rt.testng.RemoteTestNGStarter.main(RemoteTestNGStarter.java:109)
2026-06-04 17:32:15.928 [main] INFO  testCases.DataProducts.DataProductsTest.log - verifyDataProductCreation - Clicked on Data Products menu item
2026-06-04 17:32:35.692 [main] ERROR testCases.DataProducts.DataProductsTest.verifyDataProductCreation - Test failed due to exception: 
org.openqa.selenium.ElementClickInterceptedException: element click intercepted: Element <button part="button" type="button" class="motif-button motif-button--sm motif-button--primary motif-button--default" aria-pressed="false">...</button> is not clickable at point (1122, 121). Other element would receive the click: <motif-button _ngcontent-ng-c617872853="" variant="primary" class="hydrated" size="sm" type="button" shape="default" href="">...</motif-button>
  (Session info: chrome=148.0.7778.217)
Build info: version: '4.44.0', revision: 'da2039b'
System info: os.name: 'Windows 11', os.arch: 'amd64', os.version: '10.0', java.version: '22.0.2'
Driver info: org.openqa.selenium.chrome.ChromeDriver
Command: [b53041ec1b8f8ba789fbeecb271b4b65, clickElement {id=f.589099551CC9EF7D128877A41E1AB54A.d.A4E949D0FCB1B1616985E553A59D8846.e.270}]
Capabilities {acceptInsecureCerts: false, browserName: chrome, browserVersion: 148.0.7778.217, chrome: {chromedriverVersion: 148.0.7778.178 (d096af1c9e9..., userDataDir: C:\Users\LZ172CV\AppData\Lo...}, fedcm:accounts: true, goog:chromeOptions: {debuggerAddress: localhost:54275}, goog:processID: 36632, networkConnectionEnabled: false, pageLoadStrategy: normal, platformName: windows, proxy: Proxy(), se:cdp: ws://localhost:54275/devtoo..., se:cdpVersion: 148.0.7778.217, setWindowRect: true, strictFileInteractability: false, timeouts: {implicit: 0, pageLoad: 300000, script: 30000}, unhandledPromptBehavior: dismiss and notify, webauthn:extension:credBlob: true, webauthn:extension:largeBlob: true, webauthn:extension:minPinLength: true, webauthn:extension:prf: true, webauthn:virtualAuthenticators: true}
Element: [[org.openqa.selenium.remote.ShadowRoot@2aaaea92] -> css selector: .motif-button.motif-button--sm.motif-button--primary.motif-button--default]
Session ID: b53041ec1b8f8ba789fbeecb271b4b65
	at org.openqa.selenium.remote.ErrorCodec.decode(ErrorCodec.java:169)
	at org.openqa.selenium.remote.codec.w3c.W3CHttpResponseCodec.decode(W3CHttpResponseCodec.java:143)
	at org.openqa.selenium.remote.codec.w3c.W3CHttpResponseCodec.decode(W3CHttpResponseCodec.java:50)
	at org.openqa.selenium.remote.HttpCommandExecutor.execute(HttpCommandExecutor.java:224)
	at org.openqa.selenium.remote.service.DriverCommandExecutor.invokeExecute(DriverCommandExecutor.java:217)
	at org.openqa.selenium.remote.service.DriverCommandExecutor.execute(DriverCommandExecutor.java:175)
	at org.openqa.selenium.remote.RemoteWebDriver.execute(RemoteWebDriver.java:600)
	at org.openqa.selenium.remote.RemoteWebElement.execute(RemoteWebElement.java:225)
	at org.openqa.selenium.remote.RemoteWebElement.click(RemoteWebElement.java:79)
	at pageObjects.DataProducts.DataProductsPage.clickCreateDataProduct(DataProductsPage.java:35)
	at testCases.DataProducts.DataProductsTest.verifyDataProductCreation(DataProductsTest.java:26)
	at java.base/jdk.internal.reflect.DirectMethodHandleAccessor.invoke(DirectMethodHandleAccessor.java:103)
	at java.base/java.lang.reflect.Method.invoke(Method.java:580)
	at org.testng.internal.invokers.MethodInvocationHelper.invokeMethod(MethodInvocationHelper.java:141)
	at org.testng.internal.invokers.TestInvoker.invokeMethod(TestInvoker.java:686)
	at org.testng.internal.invokers.TestInvoker.retryFailed(TestInvoker.java:269)
	at org.testng.internal.invokers.MethodRunner.runInSequence(MethodRunner.java:76)
	at org.testng.internal.invokers.TestInvoker$MethodInvocationAgent.invoke(TestInvoker.java:992)
	at org.testng.internal.invokers.TestInvoker.invokeTestMethods(TestInvoker.java:203)
	at org.testng.internal.invokers.TestMethodWorker.invokeTestMethods(TestMethodWorker.java:154)
	at org.testng.internal.invokers.TestMethodWorker.run(TestMethodWorker.java:134)
	at java.base/java.util.ArrayList.forEach(ArrayList.java:1597)
	at org.testng.TestRunner.privateRun(TestRunner.java:739)
	at org.testng.TestRunner.run(TestRunner.java:614)
	at org.testng.SuiteRunner.runTest(SuiteRunner.java:421)
	at org.testng.SuiteRunner.runSequentially(SuiteRunner.java:413)
	at org.testng.SuiteRunner.privateRun(SuiteRunner.java:373)
	at org.testng.SuiteRunner.run(SuiteRunner.java:312)
	at org.testng.SuiteRunnerWorker.runSuite(SuiteRunnerWorker.java:52)
	at org.testng.SuiteRunnerWorker.run(SuiteRunnerWorker.java:95)
	at org.testng.TestNG.runSuitesSequentially(TestNG.java:1274)
	at org.testng.TestNG.runSuitesLocally(TestNG.java:1208)
	at org.testng.TestNG.runSuites(TestNG.java:1112)
	at org.testng.TestNG.run(TestNG.java:1079)
	at com.intellij.rt.testng.IDEARemoteTestNG.run(IDEARemoteTestNG.java:65)
	at com.intellij.rt.testng.RemoteTestNGStarter.main(RemoteTestNGStarter.java:109)
2026-06-04 17:36:07.264 [main] INFO  org.testng.internal.Utils.info - [TestNG] Running:
  C:\Vaibhav\Automation\TDG_HybridFramework\testng-suites\NewTestCasesSuite.xml

2026-06-04 17:36:07.766 [main] INFO  testCases.DataProducts.DataProductsTest.setup - >>======>>======>> Automation Engineer (SDET)- Vaibhav Chavan <<======<<======<<
2026-06-04 17:36:07.767 [main] INFO  testCases.DataProducts.DataProductsTest.setup - --test execution started--
2026-06-04 17:36:13.317 [main] INFO  testCases.DataProducts.DataProductsTest.log - setup - browser opened
2026-06-04 17:36:13.405 [main] INFO  testCases.DataProducts.DataProductsTest.log - setup - cookies deleted
2026-06-04 17:36:13.488 [main] INFO  testCases.DataProducts.DataProductsTest.log - setup - browser maximized
2026-06-04 17:36:13.496 [main] INFO  testCases.DataProducts.DataProductsTest.log - setup - implicit wait applied for 10 seconds
2026-06-04 17:36:14.912 [main] INFO  testCases.DataProducts.DataProductsTest.log - setup - provided app URL in browser
2026-06-04 17:36:21.484 [main] INFO  testCases.DataProducts.DataProductsTest.log - setup - provided email
2026-06-04 17:36:21.828 [main] INFO  testCases.DataProducts.DataProductsTest.log - setup - clicked on log in button
2026-06-04 17:36:24.233 [main] INFO  testCases.DataProducts.DataProductsTest.log - verifyDataProductCreation - Clicked on Data Products menu item
2026-06-04 17:39:51.743 [main] INFO  testCases.DataProducts.DataProductsTest.log - verifyDataProductCreation - Clicked on Create Data Product button
2026-06-04 17:40:09.461 [main] INFO  testCases.DataProducts.DataProductsTest.log - verifyDataProductCreation - Provided name for the new data product
2026-06-04 17:40:40.214 [main] INFO  testCases.DataProducts.DataProductsTest.log - verifyDataProductCreation - Selected Business Product Manager for the new data product
2026-06-04 17:41:03.323 [main] INFO  testCases.DataProducts.DataProductsTest.log - verifyDataProductCreation - Selected Region for the new data product
2026-06-04 17:41:09.665 [main] INFO  testCases.DataProducts.DataProductsTest.log - verifyDataProductCreation - Selected Data Type for the new data product
2026-06-04 17:41:14.933 [main] INFO  testCases.DataProducts.DataProductsTest.log - verifyDataProductCreation - Selected Product Classification for the new data product
2026-06-04 17:41:19.602 [main] INFO  testCases.DataProducts.DataProductsTest.log - verifyDataProductCreation - Selected Synthetic Type for the new data product
2026-06-04 17:41:24.930 [main] INFO  testCases.DataProducts.DataProductsTest.log - verifyDataProductCreation - Selected Generation Approach for the new data product
2026-06-04 17:42:15.448 [main] INFO  testCases.DataProducts.DataProductsTest.log - verifyDataProductCreation - Provided Business Value Statement for the new data product
2026-06-04 17:46:05.404 [main] INFO  testCases.DataProducts.DataProductsTest.log - verifyDataProductCreation - Clicked on Save and Next button to create the data product
2026-06-04 17:46:22.847 [main] ERROR testCases.DataProducts.DataProductsTest.verifyDataProductCreation - Test failed due to exception: 
org.openqa.selenium.TimeoutException: Expected condition failed: Element NOT found: By.xpath: //div[@slot='toast-supporting-text']
(tried for 10 seconds with 500 milliseconds interval)
	at org.openqa.selenium.support.ui.FluentWait.timeoutException(FluentWait.java:279)
	at org.openqa.selenium.support.ui.FluentWait.until(FluentWait.java:234)
	at base.BasePage.waitForElement1(BasePage.java:1316)
	at base.BasePage.isTransactionCreated(BasePage.java:1377)
	at testCases.DataProducts.DataProductsTest.verifyDataProductCreation(DataProductsTest.java:56)
	at java.base/jdk.internal.reflect.DirectMethodHandleAccessor.invoke(DirectMethodHandleAccessor.java:103)
	at java.base/java.lang.reflect.Method.invoke(Method.java:580)
	at org.testng.internal.invokers.MethodInvocationHelper.invokeMethod(MethodInvocationHelper.java:141)
	at org.testng.internal.invokers.TestInvoker.invokeMethod(TestInvoker.java:686)
	at org.testng.internal.invokers.TestInvoker.invokeTestMethod(TestInvoker.java:230)
	at org.testng.internal.invokers.MethodRunner.runInSequence(MethodRunner.java:63)
	at org.testng.internal.invokers.TestInvoker$MethodInvocationAgent.invoke(TestInvoker.java:992)
	at org.testng.internal.invokers.TestInvoker.invokeTestMethods(TestInvoker.java:203)
	at org.testng.internal.invokers.TestMethodWorker.invokeTestMethods(TestMethodWorker.java:154)
	at org.testng.internal.invokers.TestMethodWorker.run(TestMethodWorker.java:134)
	at java.base/java.util.ArrayList.forEach(ArrayList.java:1597)
	at org.testng.TestRunner.privateRun(TestRunner.java:739)
	at org.testng.TestRunner.run(TestRunner.java:614)
	at org.testng.SuiteRunner.runTest(SuiteRunner.java:421)
	at org.testng.SuiteRunner.runSequentially(SuiteRunner.java:413)
	at org.testng.SuiteRunner.privateRun(SuiteRunner.java:373)
	at org.testng.SuiteRunner.run(SuiteRunner.java:312)
	at org.testng.SuiteRunnerWorker.runSuite(SuiteRunnerWorker.java:52)
	at org.testng.SuiteRunnerWorker.run(SuiteRunnerWorker.java:95)
	at org.testng.TestNG.runSuitesSequentially(TestNG.java:1274)
	at org.testng.TestNG.runSuitesLocally(TestNG.java:1208)
	at org.testng.TestNG.runSuites(TestNG.java:1112)
	at org.testng.TestNG.run(TestNG.java:1079)
	at com.intellij.rt.testng.IDEARemoteTestNG.run(IDEARemoteTestNG.java:65)
	at com.intellij.rt.testng.RemoteTestNGStarter.main(RemoteTestNGStarter.java:109)
Caused by: org.openqa.selenium.NoSuchElementException: no such element: Unable to locate element: {"method":"xpath","selector":"//div[@slot='toast-supporting-text']"}
  (Session info: chrome=148.0.7778.217)
For documentation on this error, please visit: https://www.selenium.dev/documentation/webdriver/troubleshooting/errors#nosuchelementexception
Build info: version: '4.44.0', revision: 'da2039b'
System info: os.name: 'Windows 11', os.arch: 'amd64', os.version: '10.0', java.version: '22.0.2'
Driver info: org.openqa.selenium.chrome.ChromeDriver
Command: [3b2a4c5e40ab18f2e78833a65f018e96, findElement {using=xpath, value=//div[@slot='toast-supporting-text']}]
Capabilities {acceptInsecureCerts: false, browserName: chrome, browserVersion: 148.0.7778.217, chrome: {chromedriverVersion: 148.0.7778.178 (d096af1c9e9..., userDataDir: C:\Users\LZ172CV\AppData\Lo...}, fedcm:accounts: true, goog:chromeOptions: {debuggerAddress: localhost:50890}, goog:processID: 22516, networkConnectionEnabled: false, pageLoadStrategy: normal, platformName: windows, proxy: Proxy(), se:cdp: ws://localhost:50890/devtoo..., se:cdpVersion: 148.0.7778.217, setWindowRect: true, strictFileInteractability: false, timeouts: {implicit: 0, pageLoad: 300000, script: 30000}, unhandledPromptBehavior: dismiss and notify, webauthn:extension:credBlob: true, webauthn:extension:largeBlob: true, webauthn:extension:minPinLength: true, webauthn:extension:prf: true, webauthn:virtualAuthenticators: true}
Session ID: 3b2a4c5e40ab18f2e78833a65f018e96
	at org.openqa.selenium.remote.ErrorCodec.decode(ErrorCodec.java:169)
	at org.openqa.selenium.remote.codec.w3c.W3CHttpResponseCodec.decode(W3CHttpResponseCodec.java:143)
	at org.openqa.selenium.remote.codec.w3c.W3CHttpResponseCodec.decode(W3CHttpResponseCodec.java:50)
	at org.openqa.selenium.remote.HttpCommandExecutor.execute(HttpCommandExecutor.java:224)
	at org.openqa.selenium.remote.service.DriverCommandExecutor.invokeExecute(DriverCommandExecutor.java:217)
	at org.openqa.selenium.remote.service.DriverCommandExecutor.execute(DriverCommandExecutor.java:175)
	at org.openqa.selenium.remote.RemoteWebDriver.execute(RemoteWebDriver.java:600)
	at org.openqa.selenium.remote.ElementLocation$ElementFinder$2.findElement(ElementLocation.java:173)
	at org.openqa.selenium.remote.ElementLocation.findElement(ElementLocation.java:60)
	at org.openqa.selenium.remote.RemoteWebDriver.findElement(RemoteWebDriver.java:421)
	at org.openqa.selenium.remote.RemoteWebDriver.findElement(RemoteWebDriver.java:415)
	at base.BasePage.lambda$waitForElement1$2(BasePage.java:1318)
	at org.openqa.selenium.support.ui.FluentWait.until(FluentWait.java:210)
	... 28 more
2026-06-04 17:46:32.832 [main] INFO  org.testng.internal.Utils.info - [TestNG] Running:
  C:\Vaibhav\Automation\TDG_HybridFramework\testng-suites\NewTestCasesSuite.xml

2026-06-04 17:46:33.182 [main] INFO  testCases.DataProducts.DataProductsTest.setup - >>======>>======>> Automation Engineer (SDET)- Vaibhav Chavan <<======<<======<<
2026-06-04 17:46:33.182 [main] INFO  testCases.DataProducts.DataProductsTest.setup - --test execution started--
2026-06-04 17:46:37.788 [main] INFO  testCases.DataProducts.DataProductsTest.log - setup - browser opened
2026-06-04 17:46:37.859 [main] INFO  testCases.DataProducts.DataProductsTest.log - setup - cookies deleted
2026-06-04 17:46:37.902 [main] INFO  testCases.DataProducts.DataProductsTest.log - setup - browser maximized
2026-06-04 17:46:37.914 [main] INFO  testCases.DataProducts.DataProductsTest.log - setup - implicit wait applied for 10 seconds
2026-06-04 17:46:42.916 [main] INFO  testCases.DataProducts.DataProductsTest.log - setup - provided app URL in browser
2026-06-04 17:46:45.531 [main] INFO  testCases.DataProducts.DataProductsTest.log - setup - provided email
2026-06-04 17:46:45.733 [main] INFO  testCases.DataProducts.DataProductsTest.log - setup - clicked on log in button
2026-06-04 17:46:48.030 [main] INFO  testCases.DataProducts.DataProductsTest.log - verifyDataProductCreation - Clicked on Data Products menu item
2026-06-04 17:46:48.325 [main] INFO  testCases.DataProducts.DataProductsTest.log - verifyDataProductCreation - Clicked on Create Data Product button
2026-06-04 17:46:51.721 [main] INFO  testCases.DataProducts.DataProductsTest.log - verifyDataProductCreation - Provided name for the new data product
2026-06-04 17:46:54.324 [main] INFO  testCases.DataProducts.DataProductsTest.log - verifyDataProductCreation - Selected Business Product Manager for the new data product
2026-06-04 17:46:57.675 [main] INFO  testCases.DataProducts.DataProductsTest.log - verifyDataProductCreation - Selected Region for the new data product
2026-06-04 17:47:00.716 [main] INFO  testCases.DataProducts.DataProductsTest.log - verifyDataProductCreation - Selected Data Type for the new data product
2026-06-04 17:47:02.977 [main] INFO  testCases.DataProducts.DataProductsTest.log - verifyDataProductCreation - Selected Product Classification for the new data product
2026-06-04 17:47:05.131 [main] INFO  testCases.DataProducts.DataProductsTest.log - verifyDataProductCreation - Selected Synthetic Type for the new data product
2026-06-04 17:47:07.312 [main] INFO  testCases.DataProducts.DataProductsTest.log - verifyDataProductCreation - Selected Generation Approach for the new data product
2026-06-04 17:47:09.845 [main] INFO  testCases.DataProducts.DataProductsTest.log - verifyDataProductCreation - Provided Business Value Statement for the new data product
2026-06-04 17:47:09.953 [main] INFO  testCases.DataProducts.DataProductsTest.log - verifyDataProductCreation - Clicked on Save and Next button to create the data product
2026-06-04 18:55:41.430 [main] INFO  org.testng.internal.Utils.info - [TestNG] Running:
  C:\Vaibhav\Automation\TDG_HybridFramework\testng-suites\NewTestCasesSuite.xml

2026-06-04 18:55:41.947 [main] INFO  testCases.DataProducts.DataProductsTest.setup - >>======>>======>> Automation Engineer (SDET)- Vaibhav Chavan <<======<<======<<
2026-06-04 18:55:41.948 [main] INFO  testCases.DataProducts.DataProductsTest.setup - --test execution started--
2026-06-04 18:55:48.142 [main] INFO  testCases.DataProducts.DataProductsTest.log - setup - browser opened
2026-06-04 18:55:48.230 [main] INFO  testCases.DataProducts.DataProductsTest.log - setup - cookies deleted
2026-06-04 18:55:48.315 [main] INFO  testCases.DataProducts.DataProductsTest.log - setup - browser maximized
2026-06-04 18:55:48.327 [main] INFO  testCases.DataProducts.DataProductsTest.log - setup - implicit wait applied for 10 seconds
2026-06-04 18:55:49.776 [main] INFO  testCases.DataProducts.DataProductsTest.log - setup - provided app URL in browser
2026-06-04 18:55:56.049 [main] INFO  testCases.DataProducts.DataProductsTest.log - setup - provided email
2026-06-04 18:55:56.442 [main] INFO  testCases.DataProducts.DataProductsTest.log - setup - clicked on log in button
2026-06-04 18:55:58.894 [main] INFO  testCases.DataProducts.DataProductsTest.log - verifyDataProductCreation - Clicked on Data Products menu item
2026-06-04 18:55:59.260 [main] INFO  testCases.DataProducts.DataProductsTest.log - verifyDataProductCreation - Clicked on Create Data Product button
2026-06-04 18:56:02.882 [main] INFO  testCases.DataProducts.DataProductsTest.log - verifyDataProductCreation - Provided name for the new data product
2026-06-04 18:56:05.505 [main] INFO  testCases.DataProducts.DataProductsTest.log - verifyDataProductCreation - Selected Business Product Manager for the new data product
2026-06-04 18:56:08.477 [main] INFO  testCases.DataProducts.DataProductsTest.log - verifyDataProductCreation - Selected Region for the new data product
2026-06-04 18:56:11.555 [main] INFO  testCases.DataProducts.DataProductsTest.log - verifyDataProductCreation - Selected Data Type for the new data product
2026-06-04 18:56:13.761 [main] INFO  testCases.DataProducts.DataProductsTest.log - verifyDataProductCreation - Selected Product Classification for the new data product
2026-06-04 18:56:15.962 [main] INFO  testCases.DataProducts.DataProductsTest.log - verifyDataProductCreation - Selected Synthetic Type for the new data product
2026-06-04 18:56:18.218 [main] INFO  testCases.DataProducts.DataProductsTest.log - verifyDataProductCreation - Selected Generation Approach for the new data product
2026-06-04 18:56:20.703 [main] INFO  testCases.DataProducts.DataProductsTest.log - verifyDataProductCreation - Provided Business Value Statement for the new data product
2026-06-04 18:56:20.852 [main] INFO  testCases.DataProducts.DataProductsTest.log - verifyDataProductCreation - Clicked on Save and Next button to create the data product
2026-06-04 18:56:21.558 [main] INFO  testCases.DataProducts.DataProductsTest.log - verifyDataProductCreation - Clicked on Save and Next button to save Enabling Data Storage details
2026-06-04 18:59:39.571 [main] INFO  org.testng.internal.Utils.info - [TestNG] Running:
  C:\Vaibhav\Automation\TDG_HybridFramework\testng-suites\NewTestCasesSuite.xml

2026-06-04 18:59:39.972 [main] INFO  testCases.DataProducts.DataProductsTest.setup - >>======>>======>> Automation Engineer (SDET)- Vaibhav Chavan <<======<<======<<
2026-06-04 18:59:39.974 [main] INFO  testCases.DataProducts.DataProductsTest.setup - --test execution started--
2026-06-04 18:59:44.886 [main] INFO  testCases.DataProducts.DataProductsTest.log - setup - browser opened
2026-06-04 18:59:45.974 [main] INFO  testCases.DataProducts.DataProductsTest.log - setup - cookies deleted
2026-06-04 18:59:46.016 [main] INFO  testCases.DataProducts.DataProductsTest.log - setup - browser maximized
2026-06-04 18:59:46.059 [main] INFO  testCases.DataProducts.DataProductsTest.log - setup - implicit wait applied for 10 seconds
2026-06-04 18:59:51.255 [main] INFO  testCases.DataProducts.DataProductsTest.log - setup - provided app URL in browser
2026-06-04 18:59:53.801 [main] INFO  testCases.DataProducts.DataProductsTest.log - setup - provided email
2026-06-04 18:59:53.978 [main] INFO  testCases.DataProducts.DataProductsTest.log - setup - clicked on log in button
2026-06-04 18:59:56.679 [main] INFO  testCases.DataProducts.DataProductsTest.log - verifyDataProductCreation - Clicked on Data Products menu item
2026-06-04 18:59:57.069 [main] INFO  testCases.DataProducts.DataProductsTest.log - verifyDataProductCreation - Clicked on Create Data Product button
2026-06-04 18:59:59.908 [main] INFO  testCases.DataProducts.DataProductsTest.log - verifyDataProductCreation - Provided name for the new data product
2026-06-04 19:00:02.491 [main] INFO  testCases.DataProducts.DataProductsTest.log - verifyDataProductCreation - Selected Business Product Manager for the new data product
2026-06-04 19:00:05.895 [main] INFO  testCases.DataProducts.DataProductsTest.log - verifyDataProductCreation - Selected Region for the new data product
2026-06-04 19:00:08.911 [main] INFO  testCases.DataProducts.DataProductsTest.log - verifyDataProductCreation - Selected Data Type for the new data product
2026-06-04 19:00:11.140 [main] INFO  testCases.DataProducts.DataProductsTest.log - verifyDataProductCreation - Selected Product Classification for the new data product
2026-06-04 19:00:13.401 [main] INFO  testCases.DataProducts.DataProductsTest.log - verifyDataProductCreation - Selected Synthetic Type for the new data product
2026-06-04 19:00:15.613 [main] INFO  testCases.DataProducts.DataProductsTest.log - verifyDataProductCreation - Selected Generation Approach for the new data product
2026-06-04 19:00:18.097 [main] INFO  testCases.DataProducts.DataProductsTest.log - verifyDataProductCreation - Provided Business Value Statement for the new data product
2026-06-04 19:00:18.249 [main] INFO  testCases.DataProducts.DataProductsTest.log - verifyDataProductCreation - Clicked on Save and Next button to create the data product
2026-06-04 19:05:16.469 [main] INFO  testCases.DataProducts.DataProductsTest.log - verifyDataProductCreation - Clicked on Save and Next button to save Enabling Data Storage details
2026-06-04 19:05:36.622 [main] INFO  org.testng.internal.Utils.info - [TestNG] Running:
  C:\Vaibhav\Automation\TDG_HybridFramework\testng-suites\NewTestCasesSuite.xml

2026-06-04 19:05:37.099 [main] INFO  testCases.DataProducts.DataProductsTest.setup - >>======>>======>> Automation Engineer (SDET)- Vaibhav Chavan <<======<<======<<
2026-06-04 19:05:37.100 [main] INFO  testCases.DataProducts.DataProductsTest.setup - --test execution started--
2026-06-04 19:05:42.481 [main] INFO  testCases.DataProducts.DataProductsTest.log - setup - browser opened
2026-06-04 19:05:43.694 [main] INFO  testCases.DataProducts.DataProductsTest.log - setup - cookies deleted
2026-06-04 19:05:43.777 [main] INFO  testCases.DataProducts.DataProductsTest.log - setup - browser maximized
2026-06-04 19:05:43.808 [main] INFO  testCases.DataProducts.DataProductsTest.log - setup - implicit wait applied for 10 seconds
2026-06-04 19:05:45.244 [main] INFO  testCases.DataProducts.DataProductsTest.log - setup - provided app URL in browser
2026-06-04 19:05:51.421 [main] INFO  testCases.DataProducts.DataProductsTest.log - setup - provided email
2026-06-04 19:05:51.838 [main] INFO  testCases.DataProducts.DataProductsTest.log - setup - clicked on log in button
2026-06-04 19:05:54.209 [main] INFO  testCases.DataProducts.DataProductsTest.log - verifyDataProductCreation - Clicked on Data Products menu item
2026-06-04 19:05:54.583 [main] INFO  testCases.DataProducts.DataProductsTest.log - verifyDataProductCreation - Clicked on Create Data Product button
2026-06-04 19:05:58.093 [main] INFO  testCases.DataProducts.DataProductsTest.log - verifyDataProductCreation - Provided name for the new data product
2026-06-04 19:06:00.551 [main] INFO  testCases.DataProducts.DataProductsTest.log - verifyDataProductCreation - Selected Business Product Manager for the new data product
2026-06-04 19:06:03.256 [main] INFO  testCases.DataProducts.DataProductsTest.log - verifyDataProductCreation - Selected Region for the new data product
2026-06-04 19:06:06.247 [main] INFO  testCases.DataProducts.DataProductsTest.log - verifyDataProductCreation - Selected Data Type for the new data product
2026-06-04 19:06:08.774 [main] INFO  testCases.DataProducts.DataProductsTest.log - verifyDataProductCreation - Selected Product Classification for the new data product
2026-06-04 19:06:11.001 [main] INFO  testCases.DataProducts.DataProductsTest.log - verifyDataProductCreation - Selected Synthetic Type for the new data product
2026-06-04 19:06:13.176 [main] INFO  testCases.DataProducts.DataProductsTest.log - verifyDataProductCreation - Selected Generation Approach for the new data product
2026-06-04 19:06:15.503 [main] INFO  testCases.DataProducts.DataProductsTest.log - verifyDataProductCreation - Provided Business Value Statement for the new data product
2026-06-04 19:06:15.664 [main] INFO  testCases.DataProducts.DataProductsTest.log - verifyDataProductCreation - Clicked on Save and Next button to create the data product
2026-06-04 19:13:02.236 [main] INFO  org.testng.internal.Utils.info - [TestNG] Running:
  C:\Vaibhav\Automation\TDG_HybridFramework\testng-suites\NewTestCasesSuite.xml

2026-06-04 19:13:02.658 [main] INFO  testCases.DataProducts.DataProductsTest.setup - >>======>>======>> Automation Engineer (SDET)- Vaibhav Chavan <<======<<======<<
2026-06-04 19:13:02.659 [main] INFO  testCases.DataProducts.DataProductsTest.setup - --test execution started--
2026-06-04 19:13:07.512 [main] INFO  testCases.DataProducts.DataProductsTest.log - setup - browser opened
2026-06-04 19:13:08.330 [main] INFO  testCases.DataProducts.DataProductsTest.log - setup - cookies deleted
2026-06-04 19:13:08.416 [main] INFO  testCases.DataProducts.DataProductsTest.log - setup - browser maximized
2026-06-04 19:13:08.430 [main] INFO  testCases.DataProducts.DataProductsTest.log - setup - implicit wait applied for 10 seconds
2026-06-04 19:13:13.512 [main] INFO  testCases.DataProducts.DataProductsTest.log - setup - provided app URL in browser
2026-06-04 19:13:16.220 [main] INFO  testCases.DataProducts.DataProductsTest.log - setup - provided email
2026-06-04 19:13:16.415 [main] INFO  testCases.DataProducts.DataProductsTest.log - setup - clicked on log in button
2026-06-04 19:13:18.847 [main] INFO  testCases.DataProducts.DataProductsTest.log - verifyDataProductCreation - Clicked on Data Products menu item
2026-06-04 19:13:19.185 [main] INFO  testCases.DataProducts.DataProductsTest.log - verifyDataProductCreation - Clicked on Create Data Product button
2026-06-04 19:13:21.818 [main] INFO  testCases.DataProducts.DataProductsTest.log - verifyDataProductCreation - Provided name for the new data product
2026-06-04 19:13:24.036 [main] INFO  testCases.DataProducts.DataProductsTest.log - verifyDataProductCreation - Selected Business Product Manager for the new data product
2026-06-04 19:13:26.591 [main] INFO  testCases.DataProducts.DataProductsTest.log - verifyDataProductCreation - Selected Region for the new data product
2026-06-04 19:13:29.236 [main] INFO  testCases.DataProducts.DataProductsTest.log - verifyDataProductCreation - Selected Data Type for the new data product
2026-06-04 19:13:32.501 [main] INFO  testCases.DataProducts.DataProductsTest.log - verifyDataProductCreation - Selected Product Classification for the new data product
2026-06-04 19:13:35.132 [main] INFO  testCases.DataProducts.DataProductsTest.log - verifyDataProductCreation - Selected Synthetic Type for the new data product
2026-06-04 19:13:37.357 [main] INFO  testCases.DataProducts.DataProductsTest.log - verifyDataProductCreation - Selected Generation Approach for the new data product
2026-06-04 19:13:39.934 [main] INFO  testCases.DataProducts.DataProductsTest.log - verifyDataProductCreation - Provided Business Value Statement for the new data product
2026-06-04 19:13:40.073 [main] INFO  testCases.DataProducts.DataProductsTest.log - verifyDataProductCreation - Clicked on Save and Next button to create the data product
2026-06-04 19:19:30.419 [main] ERROR testCases.DataProducts.DataProductsTest.verifyDataProductCreation - Test failed due to exception: 
org.openqa.selenium.ElementClickInterceptedException: element click intercepted: Element <button part="button" type="button" class="motif-button motif-button--sm motif-button--primary motif-button--default" aria-pressed="false">...</button> is not clickable at point (1128, 590). Other element would receive the click: <motif-button _ngcontent-ng-c3466919919="" variant="primary" class="hydrated" size="sm" type="button" shape="default" href="">...</motif-button>
  (Session info: chrome=148.0.7778.217)
Build info: version: '4.44.0', revision: 'da2039b'
System info: os.name: 'Windows 11', os.arch: 'amd64', os.version: '10.0', java.version: '22.0.2'
Driver info: org.openqa.selenium.chrome.ChromeDriver
Command: [5d58406e9fafbef1c6cf89682896f101, clickElement {id=f.F6B0E7348FFC83889736FE3674338730.d.363882F59B52059E184FB1F7CDC4DA75.e.269}]
Capabilities {acceptInsecureCerts: false, browserName: chrome, browserVersion: 148.0.7778.217, chrome: {chromedriverVersion: 148.0.7778.178 (d096af1c9e9..., userDataDir: C:\Users\LZ172CV\AppData\Lo...}, fedcm:accounts: true, goog:chromeOptions: {debuggerAddress: localhost:58655}, goog:processID: 14696, networkConnectionEnabled: false, pageLoadStrategy: normal, platformName: windows, proxy: Proxy(), se:cdp: ws://localhost:58655/devtoo..., se:cdpVersion: 148.0.7778.217, setWindowRect: true, strictFileInteractability: false, timeouts: {implicit: 0, pageLoad: 300000, script: 30000}, unhandledPromptBehavior: dismiss and notify, webauthn:extension:credBlob: true, webauthn:extension:largeBlob: true, webauthn:extension:minPinLength: true, webauthn:extension:prf: true, webauthn:virtualAuthenticators: true}
Element: [[org.openqa.selenium.remote.ShadowRoot@9c18dcac] -> css selector: .motif-button.motif-button--sm.motif-button--primary.motif-button--default]
Session ID: 5d58406e9fafbef1c6cf89682896f101
	at org.openqa.selenium.remote.ErrorCodec.decode(ErrorCodec.java:169)
	at org.openqa.selenium.remote.codec.w3c.W3CHttpResponseCodec.decode(W3CHttpResponseCodec.java:143)
	at org.openqa.selenium.remote.codec.w3c.W3CHttpResponseCodec.decode(W3CHttpResponseCodec.java:50)
	at org.openqa.selenium.remote.HttpCommandExecutor.execute(HttpCommandExecutor.java:224)
	at org.openqa.selenium.remote.service.DriverCommandExecutor.invokeExecute(DriverCommandExecutor.java:217)
	at org.openqa.selenium.remote.service.DriverCommandExecutor.execute(DriverCommandExecutor.java:175)
	at org.openqa.selenium.remote.RemoteWebDriver.execute(RemoteWebDriver.java:600)
	at org.openqa.selenium.remote.RemoteWebElement.execute(RemoteWebElement.java:225)
	at org.openqa.selenium.remote.RemoteWebElement.click(RemoteWebElement.java:79)
	at pageObjects.DataProducts.DataProductsPage.clickSaveAndNextBtn(DataProductsPage.java:133)
	at testCases.DataProducts.DataProductsTest.verifyDataProductCreation(DataProductsTest.java:63)
	at java.base/jdk.internal.reflect.DirectMethodHandleAccessor.invoke(DirectMethodHandleAccessor.java:103)
	at java.base/java.lang.reflect.Method.invoke(Method.java:580)
	at org.testng.internal.invokers.MethodInvocationHelper.invokeMethod(MethodInvocationHelper.java:141)
	at org.testng.internal.invokers.TestInvoker.invokeMethod(TestInvoker.java:686)
	at org.testng.internal.invokers.TestInvoker.invokeTestMethod(TestInvoker.java:230)
	at org.testng.internal.invokers.MethodRunner.runInSequence(MethodRunner.java:63)
	at org.testng.internal.invokers.TestInvoker$MethodInvocationAgent.invoke(TestInvoker.java:992)
	at org.testng.internal.invokers.TestInvoker.invokeTestMethods(TestInvoker.java:203)
	at org.testng.internal.invokers.TestMethodWorker.invokeTestMethods(TestMethodWorker.java:154)
	at org.testng.internal.invokers.TestMethodWorker.run(TestMethodWorker.java:134)
	at java.base/java.util.ArrayList.forEach(ArrayList.java:1597)
	at org.testng.TestRunner.privateRun(TestRunner.java:739)
	at org.testng.TestRunner.run(TestRunner.java:614)
	at org.testng.SuiteRunner.runTest(SuiteRunner.java:421)
	at org.testng.SuiteRunner.runSequentially(SuiteRunner.java:413)
	at org.testng.SuiteRunner.privateRun(SuiteRunner.java:373)
	at org.testng.SuiteRunner.run(SuiteRunner.java:312)
	at org.testng.SuiteRunnerWorker.runSuite(SuiteRunnerWorker.java:52)
	at org.testng.SuiteRunnerWorker.run(SuiteRunnerWorker.java:95)
	at org.testng.TestNG.runSuitesSequentially(TestNG.java:1274)
	at org.testng.TestNG.runSuitesLocally(TestNG.java:1208)
	at org.testng.TestNG.runSuites(TestNG.java:1112)
	at org.testng.TestNG.run(TestNG.java:1079)
	at com.intellij.rt.testng.IDEARemoteTestNG.run(IDEARemoteTestNG.java:65)
	at com.intellij.rt.testng.RemoteTestNGStarter.main(RemoteTestNGStarter.java:109)
2026-06-04 19:19:57.719 [main] INFO  org.testng.internal.Utils.info - [TestNG] Running:
  C:\Vaibhav\Automation\TDG_HybridFramework\testng-suites\NewTestCasesSuite.xml

2026-06-04 19:19:58.288 [main] INFO  testCases.DataProducts.DataProductsTest.setup - >>======>>======>> Automation Engineer (SDET)- Vaibhav Chavan <<======<<======<<
2026-06-04 19:19:58.289 [main] INFO  testCases.DataProducts.DataProductsTest.setup - --test execution started--
2026-06-04 19:20:03.784 [main] INFO  testCases.DataProducts.DataProductsTest.log - setup - browser opened
2026-06-04 19:20:03.815 [main] INFO  testCases.DataProducts.DataProductsTest.log - setup - cookies deleted
2026-06-04 19:20:03.946 [main] INFO  testCases.DataProducts.DataProductsTest.log - setup - browser maximized
2026-06-04 19:20:04.022 [main] INFO  testCases.DataProducts.DataProductsTest.log - setup - implicit wait applied for 10 seconds
2026-06-04 19:20:08.965 [main] INFO  testCases.DataProducts.DataProductsTest.log - setup - provided app URL in browser
2026-06-04 19:20:11.903 [main] INFO  testCases.DataProducts.DataProductsTest.log - setup - provided email
2026-06-04 19:20:12.285 [main] INFO  testCases.DataProducts.DataProductsTest.log - setup - clicked on log in button
2026-06-04 19:20:14.676 [main] INFO  testCases.DataProducts.DataProductsTest.log - verifyDataProductCreation - Clicked on Data Products menu item
2026-06-04 19:20:15.355 [main] INFO  testCases.DataProducts.DataProductsTest.log - verifyDataProductCreation - Clicked on Create Data Product button
2026-06-04 19:20:19.041 [main] INFO  testCases.DataProducts.DataProductsTest.log - verifyDataProductCreation - Provided name for the new data product
2026-06-04 19:20:21.722 [main] INFO  testCases.DataProducts.DataProductsTest.log - verifyDataProductCreation - Selected Business Product Manager for the new data product
2026-06-04 19:20:25.065 [main] INFO  testCases.DataProducts.DataProductsTest.log - verifyDataProductCreation - Selected Region for the new data product
2026-06-04 19:20:28.524 [main] INFO  testCases.DataProducts.DataProductsTest.log - verifyDataProductCreation - Selected Data Type for the new data product
2026-06-04 19:20:30.829 [main] INFO  testCases.DataProducts.DataProductsTest.log - verifyDataProductCreation - Selected Product Classification for the new data product
2026-06-04 19:20:33.108 [main] INFO  testCases.DataProducts.DataProductsTest.log - verifyDataProductCreation - Selected Synthetic Type for the new data product
2026-06-04 19:20:35.309 [main] INFO  testCases.DataProducts.DataProductsTest.log - verifyDataProductCreation - Selected Generation Approach for the new data product
2026-06-04 19:20:37.881 [main] INFO  testCases.DataProducts.DataProductsTest.log - verifyDataProductCreation - Provided Business Value Statement for the new data product
2026-06-04 19:20:38.102 [main] INFO  testCases.DataProducts.DataProductsTest.log - verifyDataProductCreation - Clicked on Save and Next button to create the data product
2026-06-04 19:21:45.628 [main] ERROR testCases.DataProducts.DataProductsTest.verifyDataProductCreation - Test failed due to exception: 
org.openqa.selenium.ElementClickInterceptedException: element click intercepted: Element <button part="button" type="button" class="motif-button motif-button--md motif-button--ghost motif-button--default motif-button--icon-only" aria-label="Notifications" aria-pressed="false" title="Notifications">...</button> is not clickable at point (1186, 22). Other element would receive the click: <motif-icon _ngcontent-ng-c2487809113="" fill="var(--icon-icon-color)" size="20" stroke="none" stroke-width="0" icon-aria-label="icon" class="hydrated"></motif-icon>
  (Session info: chrome=148.0.7778.217)
Build info: version: '4.44.0', revision: 'da2039b'
System info: os.name: 'Windows 11', os.arch: 'amd64', os.version: '10.0', java.version: '22.0.2'
Driver info: org.openqa.selenium.chrome.ChromeDriver
Command: [66f171cdff2592875e6d070a1707f8af, clickElement {id=f.9B1F3D68B9DB0E6029EB06EACF55E4AE.d.417A993DCAF8ABD0D56B4527B35CEBE1.e.24}]
Capabilities {acceptInsecureCerts: false, browserName: chrome, browserVersion: 148.0.7778.217, chrome: {chromedriverVersion: 148.0.7778.178 (d096af1c9e9..., userDataDir: C:\Users\LZ172CV\AppData\Lo...}, fedcm:accounts: true, goog:chromeOptions: {debuggerAddress: localhost:60005}, goog:processID: 17900, networkConnectionEnabled: false, pageLoadStrategy: normal, platformName: windows, proxy: Proxy(), se:cdp: ws://localhost:60005/devtoo..., se:cdpVersion: 148.0.7778.217, setWindowRect: true, strictFileInteractability: false, timeouts: {implicit: 0, pageLoad: 300000, script: 30000}, unhandledPromptBehavior: dismiss and notify, webauthn:extension:credBlob: true, webauthn:extension:largeBlob: true, webauthn:extension:minPinLength: true, webauthn:extension:prf: true, webauthn:virtualAuthenticators: true}
Element: [org.openqa.selenium.remote.RemoteWebElement@54721a -> unknown locator]
Session ID: 66f171cdff2592875e6d070a1707f8af
	at org.openqa.selenium.remote.ErrorCodec.decode(ErrorCodec.java:169)
	at org.openqa.selenium.remote.codec.w3c.W3CHttpResponseCodec.decode(W3CHttpResponseCodec.java:143)
	at org.openqa.selenium.remote.codec.w3c.W3CHttpResponseCodec.decode(W3CHttpResponseCodec.java:50)
	at org.openqa.selenium.remote.HttpCommandExecutor.execute(HttpCommandExecutor.java:224)
	at org.openqa.selenium.remote.service.DriverCommandExecutor.invokeExecute(DriverCommandExecutor.java:217)
	at org.openqa.selenium.remote.service.DriverCommandExecutor.execute(DriverCommandExecutor.java:175)
	at org.openqa.selenium.remote.RemoteWebDriver.execute(RemoteWebDriver.java:600)
	at org.openqa.selenium.remote.RemoteWebElement.execute(RemoteWebElement.java:225)
	at org.openqa.selenium.remote.RemoteWebElement.click(RemoteWebElement.java:79)
	at pageObjects.DataProducts.DataProductsPage.clickSaveAndNextBtn(DataProductsPage.java:130)
	at testCases.DataProducts.DataProductsTest.verifyDataProductCreation(DataProductsTest.java:63)
	at java.base/jdk.internal.reflect.DirectMethodHandleAccessor.invoke(DirectMethodHandleAccessor.java:103)
	at java.base/java.lang.reflect.Method.invoke(Method.java:580)
	at org.testng.internal.invokers.MethodInvocationHelper.invokeMethod(MethodInvocationHelper.java:141)
	at org.testng.internal.invokers.TestInvoker.invokeMethod(TestInvoker.java:686)
	at org.testng.internal.invokers.TestInvoker.invokeTestMethod(TestInvoker.java:230)
	at org.testng.internal.invokers.MethodRunner.runInSequence(MethodRunner.java:63)
	at org.testng.internal.invokers.TestInvoker$MethodInvocationAgent.invoke(TestInvoker.java:992)
	at org.testng.internal.invokers.TestInvoker.invokeTestMethods(TestInvoker.java:203)
	at org.testng.internal.invokers.TestMethodWorker.invokeTestMethods(TestMethodWorker.java:154)
	at org.testng.internal.invokers.TestMethodWorker.run(TestMethodWorker.java:134)
	at java.base/java.util.ArrayList.forEach(ArrayList.java:1597)
	at org.testng.TestRunner.privateRun(TestRunner.java:739)
	at org.testng.TestRunner.run(TestRunner.java:614)
	at org.testng.SuiteRunner.runTest(SuiteRunner.java:421)
	at org.testng.SuiteRunner.runSequentially(SuiteRunner.java:413)
	at org.testng.SuiteRunner.privateRun(SuiteRunner.java:373)
	at org.testng.SuiteRunner.run(SuiteRunner.java:312)
	at org.testng.SuiteRunnerWorker.runSuite(SuiteRunnerWorker.java:52)
	at org.testng.SuiteRunnerWorker.run(SuiteRunnerWorker.java:95)
	at org.testng.TestNG.runSuitesSequentially(TestNG.java:1274)
	at org.testng.TestNG.runSuitesLocally(TestNG.java:1208)
	at org.testng.TestNG.runSuites(TestNG.java:1112)
	at org.testng.TestNG.run(TestNG.java:1079)
	at com.intellij.rt.testng.IDEARemoteTestNG.run(IDEARemoteTestNG.java:65)
	at com.intellij.rt.testng.RemoteTestNGStarter.main(RemoteTestNGStarter.java:109)
2026-06-04 19:21:45.887 [main] INFO  testCases.DataProducts.DataProductsTest.log - verifyDataProductCreation - Clicked on Data Products menu item
2026-06-04 19:21:59.428 [main] INFO  org.testng.internal.Utils.info - [TestNG] Running:
  C:\Vaibhav\Automation\TDG_HybridFramework\testng-suites\NewTestCasesSuite.xml

2026-06-04 19:21:59.882 [main] INFO  testCases.DataProducts.DataProductsTest.setup - >>======>>======>> Automation Engineer (SDET)- Vaibhav Chavan <<======<<======<<
2026-06-04 19:21:59.883 [main] INFO  testCases.DataProducts.DataProductsTest.setup - --test execution started--
2026-06-04 19:22:04.706 [main] INFO  testCases.DataProducts.DataProductsTest.log - setup - browser opened
2026-06-04 19:22:05.418 [main] INFO  testCases.DataProducts.DataProductsTest.log - setup - cookies deleted
2026-06-04 19:22:05.488 [main] INFO  testCases.DataProducts.DataProductsTest.log - setup - browser maximized
2026-06-04 19:22:05.518 [main] INFO  testCases.DataProducts.DataProductsTest.log - setup - implicit wait applied for 10 seconds
2026-06-04 19:22:10.842 [main] INFO  testCases.DataProducts.DataProductsTest.log - setup - provided app URL in browser
2026-06-04 19:22:13.618 [main] INFO  testCases.DataProducts.DataProductsTest.log - setup - provided email
2026-06-04 19:22:13.886 [main] INFO  testCases.DataProducts.DataProductsTest.log - setup - clicked on log in button
2026-06-04 19:22:16.308 [main] INFO  testCases.DataProducts.DataProductsTest.log - verifyDataProductCreation - Clicked on Data Products menu item
2026-06-04 19:22:16.612 [main] INFO  testCases.DataProducts.DataProductsTest.log - verifyDataProductCreation - Clicked on Create Data Product button
2026-06-04 19:22:19.758 [main] INFO  testCases.DataProducts.DataProductsTest.log - verifyDataProductCreation - Provided name for the new data product
2026-06-04 19:22:22.317 [main] INFO  testCases.DataProducts.DataProductsTest.log - verifyDataProductCreation - Selected Business Product Manager for the new data product
2026-06-04 19:22:25.768 [main] INFO  testCases.DataProducts.DataProductsTest.log - verifyDataProductCreation - Selected Region for the new data product
2026-06-04 19:22:28.641 [main] INFO  testCases.DataProducts.DataProductsTest.log - verifyDataProductCreation - Selected Data Type for the new data product
2026-06-04 19:22:31.044 [main] INFO  testCases.DataProducts.DataProductsTest.log - verifyDataProductCreation - Selected Product Classification for the new data product
2026-06-04 19:22:33.264 [main] INFO  testCases.DataProducts.DataProductsTest.log - verifyDataProductCreation - Selected Synthetic Type for the new data product
2026-06-04 19:22:35.543 [main] INFO  testCases.DataProducts.DataProductsTest.log - verifyDataProductCreation - Selected Generation Approach for the new data product
2026-06-04 19:22:37.988 [main] INFO  testCases.DataProducts.DataProductsTest.log - verifyDataProductCreation - Provided Business Value Statement for the new data product
2026-06-04 19:22:38.131 [main] INFO  testCases.DataProducts.DataProductsTest.log - verifyDataProductCreation - Clicked on Save and Next button to create the data product
2026-06-04 19:23:15.752 [main] INFO  testCases.DataProducts.DataProductsTest.log - verifyDataProductCreation - Clicked on Save and Next button to save Enabling Data Storage details
2026-06-04 20:16:31.847 [main] ERROR testCases.DataProducts.DataProductsTest.verifyDataProductCreation - Test failed due to exception: 
org.openqa.selenium.TimeoutException: Expected condition failed: Element NOT found: By.xpath: //div[@slot='toast-supporting-text']
(tried for 10 seconds with 500 milliseconds interval)
	at org.openqa.selenium.support.ui.FluentWait.timeoutException(FluentWait.java:279)
	at org.openqa.selenium.support.ui.FluentWait.until(FluentWait.java:234)
	at base.BasePage.waitForElement1(BasePage.java:1316)
	at base.BasePage.isTransactionCreated(BasePage.java:1377)
	at testCases.DataProducts.DataProductsTest.verifyDataProductCreation(DataProductsTest.java:67)
	at java.base/jdk.internal.reflect.DirectMethodHandleAccessor.invoke(DirectMethodHandleAccessor.java:103)
	at java.base/java.lang.reflect.Method.invoke(Method.java:580)
	at org.testng.internal.invokers.MethodInvocationHelper.invokeMethod(MethodInvocationHelper.java:141)
	at org.testng.internal.invokers.TestInvoker.invokeMethod(TestInvoker.java:686)
	at org.testng.internal.invokers.TestInvoker.invokeTestMethod(TestInvoker.java:230)
	at org.testng.internal.invokers.MethodRunner.runInSequence(MethodRunner.java:63)
	at org.testng.internal.invokers.TestInvoker$MethodInvocationAgent.invoke(TestInvoker.java:992)
	at org.testng.internal.invokers.TestInvoker.invokeTestMethods(TestInvoker.java:203)
	at org.testng.internal.invokers.TestMethodWorker.invokeTestMethods(TestMethodWorker.java:154)
	at org.testng.internal.invokers.TestMethodWorker.run(TestMethodWorker.java:134)
	at java.base/java.util.ArrayList.forEach(ArrayList.java:1597)
	at org.testng.TestRunner.privateRun(TestRunner.java:739)
	at org.testng.TestRunner.run(TestRunner.java:614)
	at org.testng.SuiteRunner.runTest(SuiteRunner.java:421)
	at org.testng.SuiteRunner.runSequentially(SuiteRunner.java:413)
	at org.testng.SuiteRunner.privateRun(SuiteRunner.java:373)
	at org.testng.SuiteRunner.run(SuiteRunner.java:312)
	at org.testng.SuiteRunnerWorker.runSuite(SuiteRunnerWorker.java:52)
	at org.testng.SuiteRunnerWorker.run(SuiteRunnerWorker.java:95)
	at org.testng.TestNG.runSuitesSequentially(TestNG.java:1274)
	at org.testng.TestNG.runSuitesLocally(TestNG.java:1208)
	at org.testng.TestNG.runSuites(TestNG.java:1112)
	at org.testng.TestNG.run(TestNG.java:1079)
	at com.intellij.rt.testng.IDEARemoteTestNG.run(IDEARemoteTestNG.java:65)
	at com.intellij.rt.testng.RemoteTestNGStarter.main(RemoteTestNGStarter.java:109)
Caused by: org.openqa.selenium.NoSuchElementException: no such element: Unable to locate element: {"method":"xpath","selector":"//div[@slot='toast-supporting-text']"}
  (Session info: chrome=148.0.7778.217)
For documentation on this error, please visit: https://www.selenium.dev/documentation/webdriver/troubleshooting/errors#nosuchelementexception
Build info: version: '4.44.0', revision: 'da2039b'
System info: os.name: 'Windows 11', os.arch: 'amd64', os.version: '10.0', java.version: '22.0.2'
Driver info: org.openqa.selenium.chrome.ChromeDriver
Command: [23eaa99e20294413f17b8e1d79f98298, findElement {value=//div[@slot='toast-supporting-text'], using=xpath}]
Capabilities {acceptInsecureCerts: false, browserName: chrome, browserVersion: 148.0.7778.217, chrome: {chromedriverVersion: 148.0.7778.178 (d096af1c9e9..., userDataDir: C:\Users\LZ172CV\AppData\Lo...}, fedcm:accounts: true, goog:chromeOptions: {debuggerAddress: localhost:55054}, goog:processID: 38160, networkConnectionEnabled: false, pageLoadStrategy: normal, platformName: windows, proxy: Proxy(), se:cdp: ws://localhost:55054/devtoo..., se:cdpVersion: 148.0.7778.217, setWindowRect: true, strictFileInteractability: false, timeouts: {implicit: 0, pageLoad: 300000, script: 30000}, unhandledPromptBehavior: dismiss and notify, webauthn:extension:credBlob: true, webauthn:extension:largeBlob: true, webauthn:extension:minPinLength: true, webauthn:extension:prf: true, webauthn:virtualAuthenticators: true}
Session ID: 23eaa99e20294413f17b8e1d79f98298
	at org.openqa.selenium.remote.ErrorCodec.decode(ErrorCodec.java:169)
	at org.openqa.selenium.remote.codec.w3c.W3CHttpResponseCodec.decode(W3CHttpResponseCodec.java:143)
	at org.openqa.selenium.remote.codec.w3c.W3CHttpResponseCodec.decode(W3CHttpResponseCodec.java:50)
	at org.openqa.selenium.remote.HttpCommandExecutor.execute(HttpCommandExecutor.java:224)
	at org.openqa.selenium.remote.service.DriverCommandExecutor.invokeExecute(DriverCommandExecutor.java:217)
	at org.openqa.selenium.remote.service.DriverCommandExecutor.execute(DriverCommandExecutor.java:175)
	at org.openqa.selenium.remote.RemoteWebDriver.execute(RemoteWebDriver.java:600)
	at org.openqa.selenium.remote.ElementLocation$ElementFinder$2.findElement(ElementLocation.java:173)
	at org.openqa.selenium.remote.ElementLocation.findElement(ElementLocation.java:60)
	at org.openqa.selenium.remote.RemoteWebDriver.findElement(RemoteWebDriver.java:421)
	at org.openqa.selenium.remote.RemoteWebDriver.findElement(RemoteWebDriver.java:415)
	at base.BasePage.lambda$waitForElement1$2(BasePage.java:1318)
	at org.openqa.selenium.support.ui.FluentWait.until(FluentWait.java:210)
	... 28 more
2026-06-08 12:36:20.818 [main] INFO  org.testng.internal.Utils.info - [TestNG] Running:
  C:\Vaibhav\Automation\TDG_HybridFramework\testng-suites\NewTestCasesSuite.xml

2026-06-08 12:36:21.477 [main] INFO  testCases.DataProducts.DataProductsTest.setup - >>======>>======>> Automation Engineer (SDET)- Vaibhav Chavan <<======<<======<<
2026-06-08 12:36:21.478 [main] INFO  testCases.DataProducts.DataProductsTest.setup - --test execution started--
2026-06-08 12:36:28.485 [main] INFO  testCases.DataProducts.DataProductsTest.log - setup - browser opened
2026-06-08 12:36:28.545 [main] INFO  testCases.DataProducts.DataProductsTest.log - setup - cookies deleted
2026-06-08 12:36:28.610 [main] INFO  testCases.DataProducts.DataProductsTest.log - setup - browser maximized
2026-06-08 12:36:28.624 [main] INFO  testCases.DataProducts.DataProductsTest.log - setup - implicit wait applied for 10 seconds
2026-06-08 12:36:30.127 [main] INFO  testCases.DataProducts.DataProductsTest.log - setup - provided app URL in browser
2026-06-08 12:36:36.965 [main] INFO  testCases.DataProducts.DataProductsTest.log - setup - provided email
2026-06-08 12:36:37.447 [main] INFO  testCases.DataProducts.DataProductsTest.log - setup - clicked on log in button
2026-06-08 12:36:39.921 [main] INFO  testCases.DataProducts.DataProductsTest.log - verifyDataProductCreation - Clicked on Data Products menu item
2026-06-08 12:36:40.341 [main] INFO  testCases.DataProducts.DataProductsTest.log - verifyDataProductCreation - Clicked on Create Data Product button
2026-06-08 12:36:43.828 [main] INFO  testCases.DataProducts.DataProductsTest.log - verifyDataProductCreation - Provided name for the new data product
2026-06-08 12:36:46.733 [main] INFO  testCases.DataProducts.DataProductsTest.log - verifyDataProductCreation - Selected Business Product Manager for the new data product
2026-06-08 12:36:49.566 [main] INFO  testCases.DataProducts.DataProductsTest.log - verifyDataProductCreation - Selected Region for the new data product
2026-06-08 12:36:52.657 [main] INFO  testCases.DataProducts.DataProductsTest.log - verifyDataProductCreation - Selected Data Type for the new data product
2026-06-08 12:36:55.092 [main] INFO  testCases.DataProducts.DataProductsTest.log - verifyDataProductCreation - Selected Product Classification for the new data product
2026-06-08 12:36:57.594 [main] INFO  testCases.DataProducts.DataProductsTest.log - verifyDataProductCreation - Selected Synthetic Type for the new data product
2026-06-08 12:37:00.107 [main] INFO  testCases.DataProducts.DataProductsTest.log - verifyDataProductCreation - Selected Generation Approach for the new data product
2026-06-08 12:37:02.592 [main] INFO  testCases.DataProducts.DataProductsTest.log - verifyDataProductCreation - Provided Business Value Statement for the new data product
2026-06-08 12:37:02.765 [main] INFO  testCases.DataProducts.DataProductsTest.log - verifyDataProductCreation - Clicked on Save and Next button to create the data product
2026-06-09 16:01:07.896 [main] INFO  org.testng.internal.Utils.info - [TestNG] Running:
  C:\Vaibhav\Automation\TDG_HybridFramework\testng-suites\NewTestCasesSuite.xml

2026-06-09 16:01:08.552 [main] INFO  testCases.DataProducts.DataProductsTest.setup - >>======>>======>> Automation Engineer (SDET)- Vaibhav Chavan <<======<<======<<
2026-06-09 16:01:08.554 [main] INFO  testCases.DataProducts.DataProductsTest.setup - --test execution started--
2026-06-09 16:02:12.422 [main] INFO  org.testng.internal.Utils.info - [TestNG] Running:
  C:\Vaibhav\Automation\TDG_HybridFramework\testng-suites\NewTestCasesSuite.xml

2026-06-09 16:02:12.909 [main] INFO  testCases.DataProducts.DataProductsTest.setup - >>======>>======>> Automation Engineer (SDET)- Vaibhav Chavan <<======<<======<<
2026-06-09 16:02:12.910 [main] INFO  testCases.DataProducts.DataProductsTest.setup - --test execution started--
2026-06-09 16:02:31.929 [main] INFO  testCases.DataProducts.DataProductsTest.log - setup - browser opened
2026-06-09 16:02:32.020 [main] INFO  testCases.DataProducts.DataProductsTest.log - setup - cookies deleted
2026-06-09 16:02:32.128 [main] INFO  testCases.DataProducts.DataProductsTest.log - setup - browser maximized
2026-06-09 16:02:32.175 [main] INFO  testCases.DataProducts.DataProductsTest.log - setup - implicit wait applied for 10 seconds
2026-06-09 16:02:37.329 [main] INFO  testCases.DataProducts.DataProductsTest.log - setup - provided app URL in browser
2026-06-09 16:02:39.878 [main] INFO  testCases.DataProducts.DataProductsTest.log - setup - provided email
2026-06-09 16:02:40.067 [main] INFO  testCases.DataProducts.DataProductsTest.log - setup - clicked on log in button
2026-06-09 16:02:42.427 [main] INFO  testCases.DataProducts.DataProductsTest.log - verifyDataProductCreation - Clicked on Data Products menu item
2026-06-09 16:02:42.780 [main] INFO  testCases.DataProducts.DataProductsTest.log - verifyDataProductCreation - Clicked on Create Data Product button
2026-06-09 16:02:46.181 [main] INFO  testCases.DataProducts.DataProductsTest.log - verifyDataProductCreation - Provided name for the new data product
2026-06-09 16:02:48.924 [main] INFO  testCases.DataProducts.DataProductsTest.log - verifyDataProductCreation - Selected Business Product Manager for the new data product
2026-06-09 16:02:51.717 [main] INFO  testCases.DataProducts.DataProductsTest.log - verifyDataProductCreation - Selected Region for the new data product
2026-06-09 16:02:54.775 [main] INFO  testCases.DataProducts.DataProductsTest.log - verifyDataProductCreation - Selected Data Type for the new data product
2026-06-09 16:02:57.056 [main] INFO  testCases.DataProducts.DataProductsTest.log - verifyDataProductCreation - Selected Product Classification for the new data product
2026-06-09 16:02:59.300 [main] INFO  testCases.DataProducts.DataProductsTest.log - verifyDataProductCreation - Selected Synthetic Type for the new data product
2026-06-09 16:03:01.738 [main] INFO  testCases.DataProducts.DataProductsTest.log - verifyDataProductCreation - Selected Generation Approach for the new data product
2026-06-09 16:03:04.328 [main] INFO  testCases.DataProducts.DataProductsTest.log - verifyDataProductCreation - Provided Business Value Statement for the new data product
2026-06-09 16:03:04.455 [main] INFO  testCases.DataProducts.DataProductsTest.log - verifyDataProductCreation - Clicked on Save and Next button to create the data product
2026-06-09 16:04:06.915 [main] INFO  testCases.DataProducts.DataProductsTest.log - verifyDataProductCreation - Clicked on Save and Next button to save Enabling Data Storage details
2026-06-09 16:04:30.607 [main] INFO  org.testng.internal.Utils.info - [TestNG] Running:
  C:\Vaibhav\Automation\TDG_HybridFramework\testng-suites\NewTestCasesSuite.xml

2026-06-09 16:04:31.106 [main] INFO  testCases.DataProducts.DataProductsTest.setup - >>======>>======>> Automation Engineer (SDET)- Vaibhav Chavan <<======<<======<<
2026-06-09 16:04:31.107 [main] INFO  testCases.DataProducts.DataProductsTest.setup - --test execution started--
2026-06-09 16:04:38.423 [main] INFO  testCases.DataProducts.DataProductsTest.log - setup - browser opened
2026-06-09 16:04:38.470 [main] INFO  testCases.DataProducts.DataProductsTest.log - setup - cookies deleted
2026-06-09 16:04:38.544 [main] INFO  testCases.DataProducts.DataProductsTest.log - setup - browser maximized
2026-06-09 16:04:38.582 [main] INFO  testCases.DataProducts.DataProductsTest.log - setup - implicit wait applied for 10 seconds
2026-06-09 16:04:43.919 [main] INFO  testCases.DataProducts.DataProductsTest.log - setup - provided app URL in browser
2026-06-09 16:04:46.666 [main] INFO  testCases.DataProducts.DataProductsTest.log - setup - provided email
2026-06-09 16:04:47.026 [main] INFO  testCases.DataProducts.DataProductsTest.log - setup - clicked on log in button
2026-06-09 16:04:49.422 [main] INFO  testCases.DataProducts.DataProductsTest.log - verifyDataProductCreation - Clicked on Data Products menu item
2026-06-09 16:04:49.748 [main] INFO  testCases.DataProducts.DataProductsTest.log - verifyDataProductCreation - Clicked on Create Data Product button
2026-06-09 16:04:52.448 [main] INFO  testCases.DataProducts.DataProductsTest.log - verifyDataProductCreation - Provided name for the new data product
2026-06-09 16:04:54.936 [main] INFO  testCases.DataProducts.DataProductsTest.log - verifyDataProductCreation - Selected Business Product Manager for the new data product
2026-06-09 16:04:57.625 [main] INFO  testCases.DataProducts.DataProductsTest.log - verifyDataProductCreation - Selected Region for the new data product
2026-06-09 16:05:01.597 [main] INFO  testCases.DataProducts.DataProductsTest.log - verifyDataProductCreation - Selected Data Type for the new data product
2026-06-09 16:05:04.271 [main] INFO  testCases.DataProducts.DataProductsTest.log - verifyDataProductCreation - Selected Product Classification for the new data product
2026-06-09 16:05:06.529 [main] INFO  testCases.DataProducts.DataProductsTest.log - verifyDataProductCreation - Selected Synthetic Type for the new data product
2026-06-09 16:05:08.841 [main] INFO  testCases.DataProducts.DataProductsTest.log - verifyDataProductCreation - Selected Generation Approach for the new data product
2026-06-09 16:05:11.330 [main] INFO  testCases.DataProducts.DataProductsTest.log - verifyDataProductCreation - Provided Business Value Statement for the new data product
2026-06-09 16:05:11.467 [main] INFO  testCases.DataProducts.DataProductsTest.log - verifyDataProductCreation - Clicked on Save and Next button to create the data product
2026-06-09 16:24:34.482 [main] INFO  testCases.DataProducts.DataProductsTest.log - verifyDataProductCreation - Clicked on Save and Next button to save Enabling Data Storage details
2026-06-09 16:45:43.090 [main] INFO  org.testng.internal.Utils.info - [TestNG] Running:
  C:\Vaibhav\Automation\TDG_HybridFramework\testng-suites\NewTestCasesSuite.xml

2026-06-09 16:45:43.524 [main] INFO  testCases.DataProducts.DataProductsTest.setup - >>======>>======>> Automation Engineer (SDET)- Vaibhav Chavan <<======<<======<<
2026-06-09 16:45:43.524 [main] INFO  testCases.DataProducts.DataProductsTest.setup - --test execution started--
2026-06-09 16:46:12.313 [main] INFO  org.testng.internal.Utils.info - [TestNG] Running:
  C:\Vaibhav\Automation\TDG_HybridFramework\testng-suites\NewTestCasesSuite.xml

2026-06-09 16:46:12.776 [main] INFO  testCases.DataProducts.DataProductsTest.setup - >>======>>======>> Automation Engineer (SDET)- Vaibhav Chavan <<======<<======<<
2026-06-09 16:46:12.777 [main] INFO  testCases.DataProducts.DataProductsTest.setup - --test execution started--
2026-06-09 16:46:20.392 [main] INFO  testCases.DataProducts.DataProductsTest.log - setup - browser opened
2026-06-09 16:46:20.441 [main] INFO  testCases.DataProducts.DataProductsTest.log - setup - cookies deleted
2026-06-09 16:46:20.506 [main] INFO  testCases.DataProducts.DataProductsTest.log - setup - browser maximized
2026-06-09 16:46:20.519 [main] INFO  testCases.DataProducts.DataProductsTest.log - setup - implicit wait applied for 10 seconds
2026-06-09 16:46:26.737 [main] INFO  testCases.DataProducts.DataProductsTest.log - setup - provided app URL in browser
2026-06-09 16:46:29.503 [main] INFO  testCases.DataProducts.DataProductsTest.log - setup - provided email
2026-06-09 16:46:29.878 [main] INFO  testCases.DataProducts.DataProductsTest.log - setup - clicked on log in button
2026-06-09 16:46:32.451 [main] INFO  testCases.DataProducts.DataProductsTest.log - verifyDataProductCreation - Clicked on Data Products menu item
2026-06-09 16:46:33.146 [main] INFO  testCases.DataProducts.DataProductsTest.log - verifyDataProductCreation - Clicked on Create Data Product button
2026-06-09 16:46:36.521 [main] INFO  testCases.DataProducts.DataProductsTest.log - verifyDataProductCreation - Provided name for the new data product
2026-06-09 16:46:39.624 [main] INFO  testCases.DataProducts.DataProductsTest.log - verifyDataProductCreation - Selected Business Product Manager for the new data product
2026-06-09 16:46:42.138 [main] INFO  testCases.DataProducts.DataProductsTest.log - verifyDataProductCreation - Selected Region for the new data product
2026-06-09 16:46:44.391 [main] INFO  testCases.DataProducts.DataProductsTest.log - verifyDataProductCreation - Selected Data Type for the new data product
2026-06-09 16:46:46.645 [main] INFO  testCases.DataProducts.DataProductsTest.log - verifyDataProductCreation - Selected Product Classification for the new data product
2026-06-09 16:46:48.982 [main] INFO  testCases.DataProducts.DataProductsTest.log - verifyDataProductCreation - Selected Synthetic Type for the new data product
2026-06-09 16:46:51.291 [main] INFO  testCases.DataProducts.DataProductsTest.log - verifyDataProductCreation - Selected Generation Approach for the new data product
2026-06-09 16:46:53.697 [main] INFO  testCases.DataProducts.DataProductsTest.log - verifyDataProductCreation - Provided Business Value Statement for the new data product
2026-06-09 16:46:53.848 [main] INFO  testCases.DataProducts.DataProductsTest.log - verifyDataProductCreation - Clicked on Save and Next button to create the data product
2026-06-09 16:47:05.240 [main] INFO  testCases.DataProducts.DataProductsTest.log - verifyDataProductCreation - Clicked on Save and Next button to save Enabling Data Storage details
2026-06-09 16:47:37.201 [main] INFO  testCases.DataProducts.DataProductsTest.log - verifyDataProductCreation - Selected Green Lane for the new data product
2026-06-09 16:47:51.742 [main] INFO  testCases.DataProducts.DataProductsTest.log - verifyDataProductCreation - Selected Access for the new data product
2026-06-09 16:47:59.435 [main] INFO  testCases.DataProducts.DataProductsTest.log - verifyDataProductCreation - Selected Restricted to Super Region for the new data product
2026-06-09 16:48:06.919 [main] INFO  testCases.DataProducts.DataProductsTest.log - verifyDataProductCreation - Selected Restricted to Service Line for the new data product
2026-06-09 16:51:35.026 [main] INFO  testCases.DataProducts.DataProductsTest.log - verifyDataProductCreation - Selected Restricted to Domain for the new data product
2026-06-09 16:51:48.337 [main] INFO  testCases.DataProducts.DataProductsTest.log - verifyDataProductCreation - Selected Content Jurisdiction for the new data product
2026-06-09 16:52:03.135 [main] INFO  testCases.DataProducts.DataProductsTest.log - verifyDataProductCreation - Selected Storage Jurisdiction for the new data product
2026-06-09 17:02:13.856 [main] INFO  testCases.DataProducts.DataProductsTest.log - verifyDataProductCreation - Selected Permitted Use Cases for the new data product
2026-06-09 17:02:31.427 [main] INFO  org.testng.internal.Utils.info - [TestNG] Running:
  C:\Vaibhav\Automation\TDG_HybridFramework\testng-suites\NewTestCasesSuite.xml

2026-06-09 17:02:31.846 [main] INFO  testCases.DataProducts.DataProductsTest.setup - >>======>>======>> Automation Engineer (SDET)- Vaibhav Chavan <<======<<======<<
2026-06-09 17:02:31.871 [main] INFO  testCases.DataProducts.DataProductsTest.setup - --test execution started--
2026-06-09 17:02:38.988 [main] INFO  testCases.DataProducts.DataProductsTest.log - setup - browser opened
2026-06-09 17:02:40.257 [main] INFO  testCases.DataProducts.DataProductsTest.log - setup - cookies deleted
2026-06-09 17:02:40.328 [main] INFO  testCases.DataProducts.DataProductsTest.log - setup - browser maximized
2026-06-09 17:02:40.340 [main] INFO  testCases.DataProducts.DataProductsTest.log - setup - implicit wait applied for 10 seconds
2026-06-09 17:02:41.455 [main] INFO  testCases.DataProducts.DataProductsTest.log - setup - provided app URL in browser
2026-06-09 17:02:47.398 [main] INFO  testCases.DataProducts.DataProductsTest.log - setup - provided email
2026-06-09 17:02:47.805 [main] INFO  testCases.DataProducts.DataProductsTest.log - setup - clicked on log in button
2026-06-09 17:02:50.122 [main] INFO  testCases.DataProducts.DataProductsTest.log - verifyDataProductCreation - Clicked on Data Products menu item
2026-06-09 17:02:50.425 [main] INFO  testCases.DataProducts.DataProductsTest.log - verifyDataProductCreation - Clicked on Create Data Product button
2026-06-09 17:02:53.239 [main] INFO  testCases.DataProducts.DataProductsTest.log - verifyDataProductCreation - Provided name for the new data product
2026-06-09 17:02:55.735 [main] INFO  testCases.DataProducts.DataProductsTest.log - verifyDataProductCreation - Selected Business Product Manager for the new data product
2026-06-09 17:02:58.457 [main] INFO  testCases.DataProducts.DataProductsTest.log - verifyDataProductCreation - Selected Region for the new data product
2026-06-09 17:03:01.246 [main] INFO  testCases.DataProducts.DataProductsTest.log - verifyDataProductCreation - Selected Data Type for the new data product
2026-06-09 17:03:03.453 [main] INFO  testCases.DataProducts.DataProductsTest.log - verifyDataProductCreation - Selected Product Classification for the new data product
2026-06-09 17:03:05.609 [main] INFO  testCases.DataProducts.DataProductsTest.log - verifyDataProductCreation - Selected Synthetic Type for the new data product
2026-06-09 17:03:07.765 [main] INFO  testCases.DataProducts.DataProductsTest.log - verifyDataProductCreation - Selected Generation Approach for the new data product
2026-06-09 17:03:10.087 [main] INFO  testCases.DataProducts.DataProductsTest.log - verifyDataProductCreation - Provided Business Value Statement for the new data product
2026-06-09 17:03:10.239 [main] INFO  testCases.DataProducts.DataProductsTest.log - verifyDataProductCreation - Clicked on Save and Next button to create the data product
2026-06-09 17:03:12.766 [main] INFO  testCases.DataProducts.DataProductsTest.log - verifyDataProductCreation - Clicked on Save and Next button to save Enabling Data Storage details
2026-06-09 17:03:15.904 [main] INFO  testCases.DataProducts.DataProductsTest.log - verifyDataProductCreation - Selected Green Lane for the new data product
2026-06-09 17:03:18.084 [main] INFO  testCases.DataProducts.DataProductsTest.log - verifyDataProductCreation - Selected Access for the new data product
2026-06-09 17:03:20.266 [main] INFO  testCases.DataProducts.DataProductsTest.log - verifyDataProductCreation - Selected Restricted to Super Region for the new data product
2026-06-09 17:03:22.451 [main] INFO  testCases.DataProducts.DataProductsTest.log - verifyDataProductCreation - Selected Restricted to Service Line for the new data product
2026-06-09 17:03:24.579 [main] INFO  testCases.DataProducts.DataProductsTest.log - verifyDataProductCreation - Selected Restricted to Domain for the new data product
2026-06-09 17:03:34.354 [main] INFO  testCases.DataProducts.DataProductsTest.log - verifyDataProductCreation - Selected Content Jurisdiction for the new data product
2026-06-09 17:03:40.508 [main] INFO  testCases.DataProducts.DataProductsTest.log - verifyDataProductCreation - Selected Storage Jurisdiction for the new data product
2026-06-09 17:03:51.499 [main] INFO  testCases.DataProducts.DataProductsTest.log - verifyDataProductCreation - Selected Permitted Use Cases for the new data product
2026-06-09 17:06:10.603 [main] ERROR testCases.DataProducts.DataProductsTest.verifyDataProductCreation - Test failed due to exception: 
org.openqa.selenium.ElementClickInterceptedException: element click intercepted: Element <svg xmlns="http://www.w3.org/2000/svg" width="20" height="20" viewBox="0 0 24 24" fill="var(--select-input-icon-color,var(--input-leading-icon-color))" stroke="none" class="motif-icon" role="graphics-document" aria-label="icon" part="icon">...</svg> is not clickable at point (899, 654). Other element would receive the click: <motif-select _ngcontent-ng-c955975204="" label="Permitted Use Cases" multiple="" hint="" error-message="" required-message="" filter-placeholder="Search..." filter-mode="contains" no-results-text="No results" announce-filter-count="" value-selected="[&quot;Internal analytics and reporting&quot;]" class="hydrated">...</motif-select>
  (Session info: chrome=149.0.7827.55)
Build info: version: '4.44.0', revision: 'da2039b'
System info: os.name: 'Windows 11', os.arch: 'amd64', os.version: '10.0', java.version: '22.0.2'
Driver info: org.openqa.selenium.chrome.ChromeDriver
Command: [392e3bdb275069cdeede12a84b5dee28, clickElement {id=f.F4FB85462168F3AA635F546D63D407B5.d.381C9FBC43320E5AFCD2D922970D7C40.e.385}]
Capabilities {acceptInsecureCerts: false, browserName: chrome, browserVersion: 149.0.7827.55, chrome: {chromedriverVersion: 149.0.7827.55 (3188f8a607ae..., userDataDir: C:\Users\LZ172CV\AppData\Lo...}, fedcm:accounts: true, goog:chromeOptions: {debuggerAddress: localhost:51581}, goog:processID: 16124, networkConnectionEnabled: false, pageLoadStrategy: normal, platformName: windows, proxy: Proxy(), se:cdp: ws://localhost:51581/devtoo..., se:cdpVersion: 149.0.7827.55, setWindowRect: true, strictFileInteractability: false, timeouts: {implicit: 0, pageLoad: 300000, script: 30000}, unhandledPromptBehavior: dismiss and notify, webauthn:extension:credBlob: true, webauthn:extension:largeBlob: true, webauthn:extension:minPinLength: true, webauthn:extension:prf: true, webauthn:virtualAuthenticators: true}
Element: [[org.openqa.selenium.remote.ShadowRoot@99d8154f] -> css selector: svg[aria-label='icon']]
Session ID: 392e3bdb275069cdeede12a84b5dee28
	at org.openqa.selenium.remote.ErrorCodec.decode(ErrorCodec.java:169)
	at org.openqa.selenium.remote.codec.w3c.W3CHttpResponseCodec.decode(W3CHttpResponseCodec.java:143)
	at org.openqa.selenium.remote.codec.w3c.W3CHttpResponseCodec.decode(W3CHttpResponseCodec.java:50)
	at org.openqa.selenium.remote.HttpCommandExecutor.execute(HttpCommandExecutor.java:224)
	at org.openqa.selenium.remote.service.DriverCommandExecutor.invokeExecute(DriverCommandExecutor.java:217)
	at org.openqa.selenium.remote.service.DriverCommandExecutor.execute(DriverCommandExecutor.java:175)
	at org.openqa.selenium.remote.RemoteWebDriver.execute(RemoteWebDriver.java:600)
	at org.openqa.selenium.remote.RemoteWebElement.execute(RemoteWebElement.java:225)
	at org.openqa.selenium.remote.RemoteWebElement.click(RemoteWebElement.java:79)
	at base.BasePage.selectOption2(BasePage.java:571)
	at pageObjects.DataProducts.DataProductsPage.selectProhibitedUses(DataProductsPage.java:199)
	at testCases.DataProducts.DataProductsTest.verifyDataProductCreation(DataProductsTest.java:99)
	at java.base/jdk.internal.reflect.DirectMethodHandleAccessor.invoke(DirectMethodHandleAccessor.java:103)
	at java.base/java.lang.reflect.Method.invoke(Method.java:580)
	at org.testng.internal.invokers.MethodInvocationHelper.invokeMethod(MethodInvocationHelper.java:141)
	at org.testng.internal.invokers.TestInvoker.invokeMethod(TestInvoker.java:686)
	at org.testng.internal.invokers.TestInvoker.invokeTestMethod(TestInvoker.java:230)
	at org.testng.internal.invokers.MethodRunner.runInSequence(MethodRunner.java:63)
	at org.testng.internal.invokers.TestInvoker$MethodInvocationAgent.invoke(TestInvoker.java:992)
	at org.testng.internal.invokers.TestInvoker.invokeTestMethods(TestInvoker.java:203)
	at org.testng.internal.invokers.TestMethodWorker.invokeTestMethods(TestMethodWorker.java:154)
	at org.testng.internal.invokers.TestMethodWorker.run(TestMethodWorker.java:134)
	at java.base/java.util.ArrayList.forEach(ArrayList.java:1597)
	at org.testng.TestRunner.privateRun(TestRunner.java:739)
	at org.testng.TestRunner.run(TestRunner.java:614)
	at org.testng.SuiteRunner.runTest(SuiteRunner.java:421)
	at org.testng.SuiteRunner.runSequentially(SuiteRunner.java:413)
	at org.testng.SuiteRunner.privateRun(SuiteRunner.java:373)
	at org.testng.SuiteRunner.run(SuiteRunner.java:312)
	at org.testng.SuiteRunnerWorker.runSuite(SuiteRunnerWorker.java:52)
	at org.testng.SuiteRunnerWorker.run(SuiteRunnerWorker.java:95)
	at org.testng.TestNG.runSuitesSequentially(TestNG.java:1274)
	at org.testng.TestNG.runSuitesLocally(TestNG.java:1208)
	at org.testng.TestNG.runSuites(TestNG.java:1112)
	at org.testng.TestNG.run(TestNG.java:1079)
	at com.intellij.rt.testng.IDEARemoteTestNG.run(IDEARemoteTestNG.java:65)
	at com.intellij.rt.testng.RemoteTestNGStarter.main(RemoteTestNGStarter.java:109)
2026-06-09 17:06:28.845 [main] INFO  org.testng.internal.Utils.info - [TestNG] Running:
  C:\Vaibhav\Automation\TDG_HybridFramework\testng-suites\NewTestCasesSuite.xml

2026-06-09 17:06:29.288 [main] INFO  testCases.DataProducts.DataProductsTest.setup - >>======>>======>> Automation Engineer (SDET)- Vaibhav Chavan <<======<<======<<
2026-06-09 17:06:29.288 [main] INFO  testCases.DataProducts.DataProductsTest.setup - --test execution started--
2026-06-09 17:06:35.322 [main] INFO  testCases.DataProducts.DataProductsTest.log - setup - browser opened
2026-06-09 17:06:36.104 [main] INFO  testCases.DataProducts.DataProductsTest.log - setup - cookies deleted
2026-06-09 17:06:36.130 [main] INFO  testCases.DataProducts.DataProductsTest.log - setup - browser maximized
2026-06-09 17:06:36.141 [main] INFO  testCases.DataProducts.DataProductsTest.log - setup - implicit wait applied for 10 seconds
2026-06-09 17:06:40.640 [main] INFO  testCases.DataProducts.DataProductsTest.log - setup - provided app URL in browser
2026-06-09 17:06:43.133 [main] INFO  testCases.DataProducts.DataProductsTest.log - setup - provided email
2026-06-09 17:06:43.343 [main] INFO  testCases.DataProducts.DataProductsTest.log - setup - clicked on log in button
2026-06-09 17:06:45.627 [main] INFO  testCases.DataProducts.DataProductsTest.log - verifyDataProductCreation - Clicked on Data Products menu item
2026-06-09 17:06:45.928 [main] INFO  testCases.DataProducts.DataProductsTest.log - verifyDataProductCreation - Clicked on Create Data Product button
2026-06-09 17:06:48.614 [main] INFO  testCases.DataProducts.DataProductsTest.log - verifyDataProductCreation - Provided name for the new data product
2026-06-09 17:06:51.278 [main] INFO  testCases.DataProducts.DataProductsTest.log - verifyDataProductCreation - Selected Business Product Manager for the new data product
2026-06-09 17:06:53.878 [main] INFO  testCases.DataProducts.DataProductsTest.log - verifyDataProductCreation - Selected Region for the new data product
2026-06-09 17:06:56.193 [main] INFO  testCases.DataProducts.DataProductsTest.log - verifyDataProductCreation - Selected Data Type for the new data product
2026-06-09 17:06:58.439 [main] INFO  testCases.DataProducts.DataProductsTest.log - verifyDataProductCreation - Selected Product Classification for the new data product
2026-06-09 17:07:00.595 [main] INFO  testCases.DataProducts.DataProductsTest.log - verifyDataProductCreation - Selected Synthetic Type for the new data product
2026-06-09 17:07:02.751 [main] INFO  testCases.DataProducts.DataProductsTest.log - verifyDataProductCreation - Selected Generation Approach for the new data product
2026-06-09 17:07:05.136 [main] INFO  testCases.DataProducts.DataProductsTest.log - verifyDataProductCreation - Provided Business Value Statement for the new data product
2026-06-09 17:07:05.249 [main] INFO  testCases.DataProducts.DataProductsTest.log - verifyDataProductCreation - Clicked on Save and Next button to create the data product
2026-06-09 17:07:07.754 [main] INFO  testCases.DataProducts.DataProductsTest.log - verifyDataProductCreation - Clicked on Save and Next button to save Enabling Data Storage details
2026-06-09 17:07:11.178 [main] INFO  testCases.DataProducts.DataProductsTest.log - verifyDataProductCreation - Selected Green Lane for the new data product
2026-06-09 17:07:13.379 [main] INFO  testCases.DataProducts.DataProductsTest.log - verifyDataProductCreation - Selected Access for the new data product
2026-06-09 17:07:15.525 [main] INFO  testCases.DataProducts.DataProductsTest.log - verifyDataProductCreation - Selected Restricted to Super Region for the new data product
2026-06-09 17:07:17.659 [main] INFO  testCases.DataProducts.DataProductsTest.log - verifyDataProductCreation - Selected Restricted to Service Line for the new data product
2026-06-09 17:07:19.797 [main] INFO  testCases.DataProducts.DataProductsTest.log - verifyDataProductCreation - Selected Restricted to Domain for the new data product
2026-06-09 17:07:21.969 [main] INFO  testCases.DataProducts.DataProductsTest.log - verifyDataProductCreation - Selected Content Jurisdiction for the new data product
2026-06-09 17:07:24.151 [main] INFO  testCases.DataProducts.DataProductsTest.log - verifyDataProductCreation - Selected Storage Jurisdiction for the new data product
2026-06-09 17:07:26.374 [main] INFO  testCases.DataProducts.DataProductsTest.log - verifyDataProductCreation - Selected Permitted Use Cases for the new data product
2026-06-09 17:30:37.126 [main] INFO  org.testng.internal.Utils.info - [TestNG] Running:
  C:\Vaibhav\Automation\TDG_HybridFramework\testng-suites\NewTestCasesSuite.xml

2026-06-09 17:30:37.580 [main] INFO  testCases.DataProducts.DataProductsTest.setup - >>======>>======>> Automation Engineer (SDET)- Vaibhav Chavan <<======<<======<<
2026-06-09 17:30:37.580 [main] INFO  testCases.DataProducts.DataProductsTest.setup - --test execution started--
2026-06-09 17:30:43.721 [main] INFO  testCases.DataProducts.DataProductsTest.log - setup - browser opened
2026-06-09 17:30:44.931 [main] INFO  testCases.DataProducts.DataProductsTest.log - setup - cookies deleted
2026-06-09 17:30:44.993 [main] INFO  testCases.DataProducts.DataProductsTest.log - setup - browser maximized
2026-06-09 17:30:45.003 [main] INFO  testCases.DataProducts.DataProductsTest.log - setup - implicit wait applied for 10 seconds
2026-06-09 17:30:49.786 [main] INFO  testCases.DataProducts.DataProductsTest.log - setup - provided app URL in browser
2026-06-09 17:30:52.437 [main] INFO  testCases.DataProducts.DataProductsTest.log - setup - provided email
2026-06-09 17:30:52.676 [main] INFO  testCases.DataProducts.DataProductsTest.log - setup - clicked on log in button
2026-06-09 17:30:55.074 [main] INFO  testCases.DataProducts.DataProductsTest.log - verifyDataProductCreation - Clicked on Data Products menu item
2026-06-09 17:30:55.487 [main] INFO  testCases.DataProducts.DataProductsTest.log - verifyDataProductCreation - Clicked on Create Data Product button
2026-06-09 17:30:58.381 [main] INFO  testCases.DataProducts.DataProductsTest.log - verifyDataProductCreation - Provided name for the new data product
2026-06-09 17:31:00.867 [main] INFO  testCases.DataProducts.DataProductsTest.log - verifyDataProductCreation - Selected Business Product Manager for the new data product
2026-06-09 17:31:03.590 [main] INFO  testCases.DataProducts.DataProductsTest.log - verifyDataProductCreation - Selected Region for the new data product
2026-06-09 17:31:06.211 [main] INFO  testCases.DataProducts.DataProductsTest.log - verifyDataProductCreation - Selected Data Type for the new data product
2026-06-09 17:31:08.397 [main] INFO  testCases.DataProducts.DataProductsTest.log - verifyDataProductCreation - Selected Product Classification for the new data product
2026-06-09 17:31:10.577 [main] INFO  testCases.DataProducts.DataProductsTest.log - verifyDataProductCreation - Selected Synthetic Type for the new data product
2026-06-09 17:31:12.762 [main] INFO  testCases.DataProducts.DataProductsTest.log - verifyDataProductCreation - Selected Generation Approach for the new data product
2026-06-09 17:31:15.172 [main] INFO  testCases.DataProducts.DataProductsTest.log - verifyDataProductCreation - Provided Business Value Statement for the new data product
2026-06-09 17:31:15.308 [main] INFO  testCases.DataProducts.DataProductsTest.log - verifyDataProductCreation - Clicked on Save and Next button to create the data product
2026-06-09 17:31:17.894 [main] INFO  testCases.DataProducts.DataProductsTest.log - verifyDataProductCreation - Clicked on Save and Next button to save Enabling Data Storage details
2026-06-09 17:31:21.002 [main] INFO  testCases.DataProducts.DataProductsTest.log - verifyDataProductCreation - Selected Green Lane for the new data product
2026-06-09 17:31:23.187 [main] INFO  testCases.DataProducts.DataProductsTest.log - verifyDataProductCreation - Selected Access for the new data product
2026-06-09 17:31:25.348 [main] INFO  testCases.DataProducts.DataProductsTest.log - verifyDataProductCreation - Selected Restricted to Super Region for the new data product
2026-06-09 17:31:27.488 [main] INFO  testCases.DataProducts.DataProductsTest.log - verifyDataProductCreation - Selected Restricted to Service Line for the new data product
2026-06-09 17:31:29.642 [main] INFO  testCases.DataProducts.DataProductsTest.log - verifyDataProductCreation - Selected Restricted to Domain for the new data product
2026-06-09 17:31:31.809 [main] INFO  testCases.DataProducts.DataProductsTest.log - verifyDataProductCreation - Selected Content Jurisdiction for the new data product
2026-06-09 17:31:34.031 [main] INFO  testCases.DataProducts.DataProductsTest.log - verifyDataProductCreation - Selected Storage Jurisdiction for the new data product
2026-06-09 17:31:36.379 [main] INFO  testCases.DataProducts.DataProductsTest.log - verifyDataProductCreation - Selected Permitted Use Cases for the new data product
2026-06-09 17:31:55.396 [main] INFO  testCases.DataProducts.DataProductsTest.log - verifyDataProductCreation - Selected Prohibited Uses for the new data product
2026-06-09 17:31:55.794 [main] INFO  testCases.DataProducts.DataProductsTest.log - verifyDataProductCreation - Clicked on Save and Next button to save Enabling Data Product and Governance details
2026-06-10 19:10:05.883 [main] INFO  org.testng.internal.Utils.info - [TestNG] Running:
  C:\Vaibhav\Automation\TDG_HybridFramework\testng-suites\NewTestCasesSuite.xml

2026-06-10 19:10:06.294 [main] INFO  testCases.DataProducts.DataProductsTest.setup - >>======>>======>> Automation Engineer (SDET)- Vaibhav Chavan <<======<<======<<
2026-06-10 19:10:06.296 [main] INFO  testCases.DataProducts.DataProductsTest.setup - --test execution started--
2026-06-10 19:10:19.943 [main] INFO  testCases.DataProducts.DataProductsTest.log - setup - browser opened
2026-06-10 19:10:19.958 [main] INFO  testCases.DataProducts.DataProductsTest.log - setup - cookies deleted
2026-06-10 19:10:20.027 [main] INFO  testCases.DataProducts.DataProductsTest.log - setup - browser maximized
2026-06-10 19:10:20.035 [main] INFO  testCases.DataProducts.DataProductsTest.log - setup - implicit wait applied for 10 seconds
2026-06-10 19:10:24.957 [main] INFO  testCases.DataProducts.DataProductsTest.log - setup - provided app URL in browser
2026-06-10 19:10:27.706 [main] INFO  testCases.DataProducts.DataProductsTest.log - setup - provided email
2026-06-10 19:10:27.971 [main] INFO  testCases.DataProducts.DataProductsTest.log - setup - clicked on log in button
2026-06-10 19:10:30.279 [main] INFO  testCases.DataProducts.DataProductsTest.log - verifyDataProductCreation - Clicked on Data Products menu item
2026-06-10 19:10:30.560 [main] INFO  testCases.DataProducts.DataProductsTest.log - verifyDataProductCreation - Clicked on Create Data Product button
2026-06-10 19:10:33.148 [main] INFO  testCases.DataProducts.DataProductsTest.log - verifyDataProductCreation - Provided name for the new data product
2026-06-10 19:10:35.518 [main] INFO  testCases.DataProducts.DataProductsTest.log - verifyDataProductCreation - Selected Business Product Manager for the new data product
2026-06-10 19:10:45.594 [main] ERROR testCases.DataProducts.DataProductsTest.verifyDataProductCreation - Test failed due to exception: 
org.openqa.selenium.NoSuchElementException: no such element: Unable to locate element: {"method":"css selector","selector":"motif-select[class='hydrated'][label='Region *']"}
  (Session info: chrome=149.0.7827.103)
For documentation on this error, please visit: https://www.selenium.dev/documentation/webdriver/troubleshooting/errors#nosuchelementexception
Build info: version: '4.44.0', revision: 'da2039b'
System info: os.name: 'Windows 11', os.arch: 'amd64', os.version: '10.0', java.version: '22.0.2'
Driver info: org.openqa.selenium.chrome.ChromeDriver
Command: [d82202f1dfb9286934071d40eee7f89d, findElement {using=css selector, value=motif-select[class='hydrated'][label='Region *']}]
Capabilities {acceptInsecureCerts: false, browserName: chrome, browserVersion: 149.0.7827.103, chrome: {chromedriverVersion: 149.0.7827.55 (3188f8a607ae..., userDataDir: C:\Users\LZ172CV\AppData\Lo...}, fedcm:accounts: true, goog:chromeOptions: {debuggerAddress: localhost:49945}, goog:processID: 14412, networkConnectionEnabled: false, pageLoadStrategy: normal, platformName: windows, proxy: Proxy(), se:cdp: ws://localhost:49945/devtoo..., se:cdpVersion: 149.0.7827.103, setWindowRect: true, strictFileInteractability: false, timeouts: {implicit: 0, pageLoad: 300000, script: 30000}, unhandledPromptBehavior: dismiss and notify, webauthn:extension:credBlob: true, webauthn:extension:largeBlob: true, webauthn:extension:minPinLength: true, webauthn:extension:prf: true, webauthn:virtualAuthenticators: true}
Session ID: d82202f1dfb9286934071d40eee7f89d
	at org.openqa.selenium.remote.ErrorCodec.decode(ErrorCodec.java:169)
	at org.openqa.selenium.remote.codec.w3c.W3CHttpResponseCodec.decode(W3CHttpResponseCodec.java:143)
	at org.openqa.selenium.remote.codec.w3c.W3CHttpResponseCodec.decode(W3CHttpResponseCodec.java:50)
	at org.openqa.selenium.remote.HttpCommandExecutor.execute(HttpCommandExecutor.java:224)
	at org.openqa.selenium.remote.service.DriverCommandExecutor.invokeExecute(DriverCommandExecutor.java:217)
	at org.openqa.selenium.remote.service.DriverCommandExecutor.execute(DriverCommandExecutor.java:175)
	at org.openqa.selenium.remote.RemoteWebDriver.execute(RemoteWebDriver.java:600)
	at org.openqa.selenium.remote.ElementLocation$ElementFinder$2.findElement(ElementLocation.java:173)
	at org.openqa.selenium.remote.ElementLocation.findElement(ElementLocation.java:60)
	at org.openqa.selenium.remote.RemoteWebDriver.findElement(RemoteWebDriver.java:421)
	at org.openqa.selenium.remote.RemoteWebDriver.findElement(RemoteWebDriver.java:415)
	at pageObjects.DataProducts.DataProductsPage.selectRegion(DataProductsPage.java:81)
	at testCases.DataProducts.DataProductsTest.verifyDataProductCreation(DataProductsTest.java:37)
	at java.base/jdk.internal.reflect.DirectMethodHandleAccessor.invoke(DirectMethodHandleAccessor.java:103)
	at java.base/java.lang.reflect.Method.invoke(Method.java:580)
	at org.testng.internal.invokers.MethodInvocationHelper.invokeMethod(MethodInvocationHelper.java:141)
	at org.testng.internal.invokers.TestInvoker.invokeMethod(TestInvoker.java:686)
	at org.testng.internal.invokers.TestInvoker.invokeTestMethod(TestInvoker.java:230)
	at org.testng.internal.invokers.MethodRunner.runInSequence(MethodRunner.java:63)
	at org.testng.internal.invokers.TestInvoker$MethodInvocationAgent.invoke(TestInvoker.java:992)
	at org.testng.internal.invokers.TestInvoker.invokeTestMethods(TestInvoker.java:203)
	at org.testng.internal.invokers.TestMethodWorker.invokeTestMethods(TestMethodWorker.java:154)
	at org.testng.internal.invokers.TestMethodWorker.run(TestMethodWorker.java:134)
	at java.base/java.util.ArrayList.forEach(ArrayList.java:1597)
	at org.testng.TestRunner.privateRun(TestRunner.java:739)
	at org.testng.TestRunner.run(TestRunner.java:614)
	at org.testng.SuiteRunner.runTest(SuiteRunner.java:421)
	at org.testng.SuiteRunner.runSequentially(SuiteRunner.java:413)
	at org.testng.SuiteRunner.privateRun(SuiteRunner.java:373)
	at org.testng.SuiteRunner.run(SuiteRunner.java:312)
	at org.testng.SuiteRunnerWorker.runSuite(SuiteRunnerWorker.java:52)
	at org.testng.SuiteRunnerWorker.run(SuiteRunnerWorker.java:95)
	at org.testng.TestNG.runSuitesSequentially(TestNG.java:1274)
	at org.testng.TestNG.runSuitesLocally(TestNG.java:1208)
	at org.testng.TestNG.runSuites(TestNG.java:1112)
	at org.testng.TestNG.run(TestNG.java:1079)
	at com.intellij.rt.testng.IDEARemoteTestNG.run(IDEARemoteTestNG.java:65)
	at com.intellij.rt.testng.RemoteTestNGStarter.main(RemoteTestNGStarter.java:109)
2026-06-10 19:10:45.835 [main] INFO  testCases.DataProducts.DataProductsTest.log - verifyDataProductCreation - Clicked on Data Products menu item
2026-06-10 19:10:45.893 [main] INFO  testCases.DataProducts.DataProductsTest.log - verifyDataProductCreation - Clicked on Create Data Product button
2026-06-10 19:10:48.325 [main] INFO  testCases.DataProducts.DataProductsTest.log - verifyDataProductCreation - Provided name for the new data product
2026-06-10 19:10:50.510 [main] INFO  testCases.DataProducts.DataProductsTest.log - verifyDataProductCreation - Selected Business Product Manager for the new data product
2026-06-10 19:11:00.577 [main] ERROR testCases.DataProducts.DataProductsTest.verifyDataProductCreation - Test failed due to exception: 
org.openqa.selenium.NoSuchElementException: no such element: Unable to locate element: {"method":"css selector","selector":"motif-select[class='hydrated'][label='Region *']"}
  (Session info: chrome=149.0.7827.103)
For documentation on this error, please visit: https://www.selenium.dev/documentation/webdriver/troubleshooting/errors#nosuchelementexception
Build info: version: '4.44.0', revision: 'da2039b'
System info: os.name: 'Windows 11', os.arch: 'amd64', os.version: '10.0', java.version: '22.0.2'
Driver info: org.openqa.selenium.chrome.ChromeDriver
Command: [d82202f1dfb9286934071d40eee7f89d, findElement {using=css selector, value=motif-select[class='hydrated'][label='Region *']}]
Capabilities {acceptInsecureCerts: false, browserName: chrome, browserVersion: 149.0.7827.103, chrome: {chromedriverVersion: 149.0.7827.55 (3188f8a607ae..., userDataDir: C:\Users\LZ172CV\AppData\Lo...}, fedcm:accounts: true, goog:chromeOptions: {debuggerAddress: localhost:49945}, goog:processID: 14412, networkConnectionEnabled: false, pageLoadStrategy: normal, platformName: windows, proxy: Proxy(), se:cdp: ws://localhost:49945/devtoo..., se:cdpVersion: 149.0.7827.103, setWindowRect: true, strictFileInteractability: false, timeouts: {implicit: 0, pageLoad: 300000, script: 30000}, unhandledPromptBehavior: dismiss and notify, webauthn:extension:credBlob: true, webauthn:extension:largeBlob: true, webauthn:extension:minPinLength: true, webauthn:extension:prf: true, webauthn:virtualAuthenticators: true}
Session ID: d82202f1dfb9286934071d40eee7f89d
	at org.openqa.selenium.remote.ErrorCodec.decode(ErrorCodec.java:169)
	at org.openqa.selenium.remote.codec.w3c.W3CHttpResponseCodec.decode(W3CHttpResponseCodec.java:143)
	at org.openqa.selenium.remote.codec.w3c.W3CHttpResponseCodec.decode(W3CHttpResponseCodec.java:50)
	at org.openqa.selenium.remote.HttpCommandExecutor.execute(HttpCommandExecutor.java:224)
	at org.openqa.selenium.remote.service.DriverCommandExecutor.invokeExecute(DriverCommandExecutor.java:217)
	at org.openqa.selenium.remote.service.DriverCommandExecutor.execute(DriverCommandExecutor.java:175)
	at org.openqa.selenium.remote.RemoteWebDriver.execute(RemoteWebDriver.java:600)
	at org.openqa.selenium.remote.ElementLocation$ElementFinder$2.findElement(ElementLocation.java:173)
	at org.openqa.selenium.remote.ElementLocation.findElement(ElementLocation.java:60)
	at org.openqa.selenium.remote.RemoteWebDriver.findElement(RemoteWebDriver.java:421)
	at org.openqa.selenium.remote.RemoteWebDriver.findElement(RemoteWebDriver.java:415)
	at pageObjects.DataProducts.DataProductsPage.selectRegion(DataProductsPage.java:81)
	at testCases.DataProducts.DataProductsTest.verifyDataProductCreation(DataProductsTest.java:37)
	at java.base/jdk.internal.reflect.DirectMethodHandleAccessor.invoke(DirectMethodHandleAccessor.java:103)
	at java.base/java.lang.reflect.Method.invoke(Method.java:580)
	at org.testng.internal.invokers.MethodInvocationHelper.invokeMethod(MethodInvocationHelper.java:141)
	at org.testng.internal.invokers.TestInvoker.invokeMethod(TestInvoker.java:686)
	at org.testng.internal.invokers.TestInvoker.retryFailed(TestInvoker.java:269)
	at org.testng.internal.invokers.MethodRunner.runInSequence(MethodRunner.java:76)
	at org.testng.internal.invokers.TestInvoker$MethodInvocationAgent.invoke(TestInvoker.java:992)
	at org.testng.internal.invokers.TestInvoker.invokeTestMethods(TestInvoker.java:203)
	at org.testng.internal.invokers.TestMethodWorker.invokeTestMethods(TestMethodWorker.java:154)
	at org.testng.internal.invokers.TestMethodWorker.run(TestMethodWorker.java:134)
	at java.base/java.util.ArrayList.forEach(ArrayList.java:1597)
	at org.testng.TestRunner.privateRun(TestRunner.java:739)
	at org.testng.TestRunner.run(TestRunner.java:614)
	at org.testng.SuiteRunner.runTest(SuiteRunner.java:421)
	at org.testng.SuiteRunner.runSequentially(SuiteRunner.java:413)
	at org.testng.SuiteRunner.privateRun(SuiteRunner.java:373)
	at org.testng.SuiteRunner.run(SuiteRunner.java:312)
	at org.testng.SuiteRunnerWorker.runSuite(SuiteRunnerWorker.java:52)
	at org.testng.SuiteRunnerWorker.run(SuiteRunnerWorker.java:95)
	at org.testng.TestNG.runSuitesSequentially(TestNG.java:1274)
	at org.testng.TestNG.runSuitesLocally(TestNG.java:1208)
	at org.testng.TestNG.runSuites(TestNG.java:1112)
	at org.testng.TestNG.run(TestNG.java:1079)
	at com.intellij.rt.testng.IDEARemoteTestNG.run(IDEARemoteTestNG.java:65)
	at com.intellij.rt.testng.RemoteTestNGStarter.main(RemoteTestNGStarter.java:109)
2026-06-10 19:28:17.664 [main] INFO  org.testng.internal.Utils.info - [TestNG] Running:
  C:\Vaibhav\Automation\TDG_HybridFramework\testng-suites\NewTestCasesSuite.xml

2026-06-10 19:28:18.134 [main] INFO  testCases.DataProducts.DataProductsTest.setup - >>======>>======>> Automation Engineer (SDET)- Vaibhav Chavan <<======<<======<<
2026-06-10 19:28:18.135 [main] INFO  testCases.DataProducts.DataProductsTest.setup - --test execution started--
2026-06-10 19:28:33.518 [main] INFO  testCases.DataProducts.DataProductsTest.log - setup - browser opened
2026-06-10 19:28:33.565 [main] INFO  testCases.DataProducts.DataProductsTest.log - setup - cookies deleted
2026-06-10 19:28:33.629 [main] INFO  testCases.DataProducts.DataProductsTest.log - setup - browser maximized
2026-06-10 19:28:33.647 [main] INFO  testCases.DataProducts.DataProductsTest.log - setup - implicit wait applied for 10 seconds
2026-06-10 19:28:38.986 [main] INFO  testCases.DataProducts.DataProductsTest.log - setup - provided app URL in browser
2026-06-10 19:28:41.595 [main] INFO  testCases.DataProducts.DataProductsTest.log - setup - provided email
2026-06-10 19:28:41.987 [main] INFO  testCases.DataProducts.DataProductsTest.log - setup - clicked on log in button
2026-06-10 19:28:44.426 [main] INFO  testCases.DataProducts.DataProductsTest.log - verifyDataProductCreation - Clicked on Data Products menu item
2026-06-10 19:28:44.712 [main] INFO  testCases.DataProducts.DataProductsTest.log - verifyDataProductCreation - Clicked on Create Data Product button
2026-06-10 19:28:47.978 [main] INFO  testCases.DataProducts.DataProductsTest.log - verifyDataProductCreation - Provided name for the new data product
2026-06-10 19:28:50.602 [main] INFO  testCases.DataProducts.DataProductsTest.log - verifyDataProductCreation - Selected Business Product Manager for the new data product
2026-06-10 19:30:20.492 [main] INFO  org.testng.internal.Utils.info - [TestNG] Running:
  C:\Vaibhav\Automation\TDG_HybridFramework\testng-suites\NewTestCasesSuite.xml

2026-06-10 19:30:20.901 [main] INFO  testCases.DataProducts.DataProductsTest.setup - >>======>>======>> Automation Engineer (SDET)- Vaibhav Chavan <<======<<======<<
2026-06-10 19:30:20.901 [main] INFO  testCases.DataProducts.DataProductsTest.setup - --test execution started--
2026-06-10 19:30:27.200 [main] INFO  testCases.DataProducts.DataProductsTest.log - setup - browser opened
2026-06-10 19:30:27.233 [main] INFO  testCases.DataProducts.DataProductsTest.log - setup - cookies deleted
2026-06-10 19:30:27.281 [main] INFO  testCases.DataProducts.DataProductsTest.log - setup - browser maximized
2026-06-10 19:30:27.297 [main] INFO  testCases.DataProducts.DataProductsTest.log - setup - implicit wait applied for 10 seconds
2026-06-10 19:30:32.573 [main] INFO  testCases.DataProducts.DataProductsTest.log - setup - provided app URL in browser
2026-06-10 19:30:35.151 [main] INFO  testCases.DataProducts.DataProductsTest.log - setup - provided email
2026-06-10 19:30:35.466 [main] INFO  testCases.DataProducts.DataProductsTest.log - setup - clicked on log in button
2026-06-10 19:30:37.844 [main] INFO  testCases.DataProducts.DataProductsTest.log - verifyDataProductCreation - Clicked on Data Products menu item
2026-06-10 19:30:38.139 [main] INFO  testCases.DataProducts.DataProductsTest.log - verifyDataProductCreation - Clicked on Create Data Product button
2026-06-10 19:30:40.829 [main] INFO  testCases.DataProducts.DataProductsTest.log - verifyDataProductCreation - Provided name for the new data product
2026-06-10 19:30:43.362 [main] INFO  testCases.DataProducts.DataProductsTest.log - verifyDataProductCreation - Selected Business Product Manager for the new data product
2026-06-10 19:30:54.948 [main] INFO  testCases.DataProducts.DataProductsTest.log - verifyDataProductCreation - Selected Region for the new data product
2026-06-10 19:30:59.863 [main] INFO  testCases.DataProducts.DataProductsTest.log - verifyDataProductCreation - Selected Data Type for the new data product
2026-06-10 19:34:32.838 [main] ERROR testCases.DataProducts.DataProductsTest.verifyDataProductCreation - Test failed due to exception: 
org.openqa.selenium.NoSuchElementException: no such element: Unable to locate element: {"method":"css selector","selector":"motif-select[class='hydrated'][label='Product Classification *']"}
  (Session info: chrome=149.0.7827.103)
For documentation on this error, please visit: https://www.selenium.dev/documentation/webdriver/troubleshooting/errors#nosuchelementexception
Build info: version: '4.44.0', revision: 'da2039b'
System info: os.name: 'Windows 11', os.arch: 'amd64', os.version: '10.0', java.version: '22.0.2'
Driver info: org.openqa.selenium.chrome.ChromeDriver
Command: [f4241700f8c8d2a7109c3950531a2eda, findElement {using=css selector, value=motif-select[class='hydrated'][label='Product Classification *']}]
Capabilities {acceptInsecureCerts: false, browserName: chrome, browserVersion: 149.0.7827.103, chrome: {chromedriverVersion: 149.0.7827.55 (3188f8a607ae..., userDataDir: C:\Users\LZ172CV\AppData\Lo...}, fedcm:accounts: true, goog:chromeOptions: {debuggerAddress: localhost:56668}, goog:processID: 7376, networkConnectionEnabled: false, pageLoadStrategy: normal, platformName: windows, proxy: Proxy(), se:cdp: ws://localhost:56668/devtoo..., se:cdpVersion: 149.0.7827.103, setWindowRect: true, strictFileInteractability: false, timeouts: {implicit: 0, pageLoad: 300000, script: 30000}, unhandledPromptBehavior: dismiss and notify, webauthn:extension:credBlob: true, webauthn:extension:largeBlob: true, webauthn:extension:minPinLength: true, webauthn:extension:prf: true, webauthn:virtualAuthenticators: true}
Session ID: f4241700f8c8d2a7109c3950531a2eda
	at org.openqa.selenium.remote.ErrorCodec.decode(ErrorCodec.java:169)
	at org.openqa.selenium.remote.codec.w3c.W3CHttpResponseCodec.decode(W3CHttpResponseCodec.java:143)
	at org.openqa.selenium.remote.codec.w3c.W3CHttpResponseCodec.decode(W3CHttpResponseCodec.java:50)
	at org.openqa.selenium.remote.HttpCommandExecutor.execute(HttpCommandExecutor.java:224)
	at org.openqa.selenium.remote.service.DriverCommandExecutor.invokeExecute(DriverCommandExecutor.java:217)
	at org.openqa.selenium.remote.service.DriverCommandExecutor.execute(DriverCommandExecutor.java:175)
	at org.openqa.selenium.remote.RemoteWebDriver.execute(RemoteWebDriver.java:600)
	at org.openqa.selenium.remote.ElementLocation$ElementFinder$2.findElement(ElementLocation.java:173)
	at org.openqa.selenium.remote.ElementLocation.findElement(ElementLocation.java:60)
	at org.openqa.selenium.remote.RemoteWebDriver.findElement(RemoteWebDriver.java:421)
	at org.openqa.selenium.remote.RemoteWebDriver.findElement(RemoteWebDriver.java:415)
	at utilities.ShadowDomUtils.getShadowRoot(ShadowDomUtils.java:20)
	at base.BasePage.selectOption2(BasePage.java:569)
	at pageObjects.DataProducts.DataProductsPage.selectProductClassification(DataProductsPage.java:107)
	at testCases.DataProducts.DataProductsTest.verifyDataProductCreation(DataProductsTest.java:43)
	at java.base/jdk.internal.reflect.DirectMethodHandleAccessor.invoke(DirectMethodHandleAccessor.java:103)
	at java.base/java.lang.reflect.Method.invoke(Method.java:580)
	at org.testng.internal.invokers.MethodInvocationHelper.invokeMethod(MethodInvocationHelper.java:141)
	at org.testng.internal.invokers.TestInvoker.invokeMethod(TestInvoker.java:686)
	at org.testng.internal.invokers.TestInvoker.invokeTestMethod(TestInvoker.java:230)
	at org.testng.internal.invokers.MethodRunner.runInSequence(MethodRunner.java:63)
	at org.testng.internal.invokers.TestInvoker$MethodInvocationAgent.invoke(TestInvoker.java:992)
	at org.testng.internal.invokers.TestInvoker.invokeTestMethods(TestInvoker.java:203)
	at org.testng.internal.invokers.TestMethodWorker.invokeTestMethods(TestMethodWorker.java:154)
	at org.testng.internal.invokers.TestMethodWorker.run(TestMethodWorker.java:134)
	at java.base/java.util.ArrayList.forEach(ArrayList.java:1597)
	at org.testng.TestRunner.privateRun(TestRunner.java:739)
	at org.testng.TestRunner.run(TestRunner.java:614)
	at org.testng.SuiteRunner.runTest(SuiteRunner.java:421)
	at org.testng.SuiteRunner.runSequentially(SuiteRunner.java:413)
	at org.testng.SuiteRunner.privateRun(SuiteRunner.java:373)
	at org.testng.SuiteRunner.run(SuiteRunner.java:312)
	at org.testng.SuiteRunnerWorker.runSuite(SuiteRunnerWorker.java:52)
	at org.testng.SuiteRunnerWorker.run(SuiteRunnerWorker.java:95)
	at org.testng.TestNG.runSuitesSequentially(TestNG.java:1274)
	at org.testng.TestNG.runSuitesLocally(TestNG.java:1208)
	at org.testng.TestNG.runSuites(TestNG.java:1112)
	at org.testng.TestNG.run(TestNG.java:1079)
	at com.intellij.rt.testng.IDEARemoteTestNG.run(IDEARemoteTestNG.java:65)
	at com.intellij.rt.testng.RemoteTestNGStarter.main(RemoteTestNGStarter.java:109)
2026-06-10 19:34:56.563 [main] INFO  org.testng.internal.Utils.info - [TestNG] Running:
  C:\Vaibhav\Automation\TDG_HybridFramework\testng-suites\NewTestCasesSuite.xml

2026-06-10 19:34:56.967 [main] INFO  testCases.DataProducts.DataProductsTest.setup - >>======>>======>> Automation Engineer (SDET)- Vaibhav Chavan <<======<<======<<
2026-06-10 19:34:56.967 [main] INFO  testCases.DataProducts.DataProductsTest.setup - --test execution started--
2026-06-10 19:35:03.247 [main] INFO  testCases.DataProducts.DataProductsTest.log - setup - browser opened
2026-06-10 19:35:03.303 [main] INFO  testCases.DataProducts.DataProductsTest.log - setup - cookies deleted
2026-06-10 19:35:03.404 [main] INFO  testCases.DataProducts.DataProductsTest.log - setup - browser maximized
2026-06-10 19:35:03.437 [main] INFO  testCases.DataProducts.DataProductsTest.log - setup - implicit wait applied for 10 seconds
2026-06-10 19:35:08.046 [main] INFO  testCases.DataProducts.DataProductsTest.log - setup - provided app URL in browser
2026-06-10 19:35:10.518 [main] INFO  testCases.DataProducts.DataProductsTest.log - setup - provided email
2026-06-10 19:35:10.709 [main] INFO  testCases.DataProducts.DataProductsTest.log - setup - clicked on log in button
2026-06-10 19:35:12.968 [main] INFO  testCases.DataProducts.DataProductsTest.log - verifyDataProductCreation - Clicked on Data Products menu item
2026-06-10 19:35:13.197 [main] INFO  testCases.DataProducts.DataProductsTest.log - verifyDataProductCreation - Clicked on Create Data Product button
2026-06-10 19:35:15.760 [main] INFO  testCases.DataProducts.DataProductsTest.log - verifyDataProductCreation - Provided name for the new data product
2026-06-10 19:35:18.240 [main] INFO  testCases.DataProducts.DataProductsTest.log - verifyDataProductCreation - Selected Business Product Manager for the new data product
2026-06-10 19:35:30.672 [main] INFO  testCases.DataProducts.DataProductsTest.log - verifyDataProductCreation - Selected Region for the new data product
2026-06-10 19:35:32.954 [main] INFO  testCases.DataProducts.DataProductsTest.log - verifyDataProductCreation - Selected Data Type for the new data product
2026-06-10 19:35:35.365 [main] INFO  testCases.DataProducts.DataProductsTest.log - verifyDataProductCreation - Provided Business Value Statement for the new data product
2026-06-10 19:35:35.464 [main] INFO  testCases.DataProducts.DataProductsTest.log - verifyDataProductCreation - Clicked on Save and Next button to create the data product
2026-06-10 19:35:38.007 [main] INFO  testCases.DataProducts.DataProductsTest.log - verifyDataProductCreation - Clicked on Save and Next button to save Enabling Data Storage details
2026-06-10 19:35:40.884 [main] INFO  testCases.DataProducts.DataProductsTest.log - verifyDataProductCreation - Selected Green Lane for the new data product
2026-06-10 19:35:43.082 [main] INFO  testCases.DataProducts.DataProductsTest.log - verifyDataProductCreation - Selected Access for the new data product
2026-06-10 19:35:53.122 [main] ERROR testCases.DataProducts.DataProductsTest.verifyDataProductCreation - Test failed due to exception: 
org.openqa.selenium.NoSuchElementException: no such element: Unable to locate element: {"method":"css selector","selector":"motif-select[class='hydrated'][label='Restricted to super region']"}
  (Session info: chrome=149.0.7827.103)
For documentation on this error, please visit: https://www.selenium.dev/documentation/webdriver/troubleshooting/errors#nosuchelementexception
Build info: version: '4.44.0', revision: 'da2039b'
System info: os.name: 'Windows 11', os.arch: 'amd64', os.version: '10.0', java.version: '22.0.2'
Driver info: org.openqa.selenium.chrome.ChromeDriver
Command: [194fc83611acc86601f412e6510da8af, findElement {value=motif-select[class='hydrated'][label='Restricted to super region'], using=css selector}]
Capabilities {acceptInsecureCerts: false, browserName: chrome, browserVersion: 149.0.7827.103, chrome: {chromedriverVersion: 149.0.7827.55 (3188f8a607ae..., userDataDir: C:\Users\LZ172CV\AppData\Lo...}, fedcm:accounts: true, goog:chromeOptions: {debuggerAddress: localhost:53726}, goog:processID: 27740, networkConnectionEnabled: false, pageLoadStrategy: normal, platformName: windows, proxy: Proxy(), se:cdp: ws://localhost:53726/devtoo..., se:cdpVersion: 149.0.7827.103, setWindowRect: true, strictFileInteractability: false, timeouts: {implicit: 0, pageLoad: 300000, script: 30000}, unhandledPromptBehavior: dismiss and notify, webauthn:extension:credBlob: true, webauthn:extension:largeBlob: true, webauthn:extension:minPinLength: true, webauthn:extension:prf: true, webauthn:virtualAuthenticators: true}
Session ID: 194fc83611acc86601f412e6510da8af
	at org.openqa.selenium.remote.ErrorCodec.decode(ErrorCodec.java:169)
	at org.openqa.selenium.remote.codec.w3c.W3CHttpResponseCodec.decode(W3CHttpResponseCodec.java:143)
	at org.openqa.selenium.remote.codec.w3c.W3CHttpResponseCodec.decode(W3CHttpResponseCodec.java:50)
	at org.openqa.selenium.remote.HttpCommandExecutor.execute(HttpCommandExecutor.java:224)
	at org.openqa.selenium.remote.service.DriverCommandExecutor.invokeExecute(DriverCommandExecutor.java:217)
	at org.openqa.selenium.remote.service.DriverCommandExecutor.execute(DriverCommandExecutor.java:175)
	at org.openqa.selenium.remote.RemoteWebDriver.execute(RemoteWebDriver.java:600)
	at org.openqa.selenium.remote.ElementLocation$ElementFinder$2.findElement(ElementLocation.java:173)
	at org.openqa.selenium.remote.ElementLocation.findElement(ElementLocation.java:60)
	at org.openqa.selenium.remote.RemoteWebDriver.findElement(RemoteWebDriver.java:421)
	at org.openqa.selenium.remote.RemoteWebDriver.findElement(RemoteWebDriver.java:415)
	at utilities.ShadowDomUtils.getShadowRoot(ShadowDomUtils.java:20)
	at base.BasePage.selectOption2(BasePage.java:569)
	at pageObjects.DataProducts.DataProductsPage.selectRestrictedToSuperRegion(DataProductsPage.java:160)
	at testCases.DataProducts.DataProductsTest.verifyDataProductCreation(DataProductsTest.java:86)
	at java.base/jdk.internal.reflect.DirectMethodHandleAccessor.invoke(DirectMethodHandleAccessor.java:103)
	at java.base/java.lang.reflect.Method.invoke(Method.java:580)
	at org.testng.internal.invokers.MethodInvocationHelper.invokeMethod(MethodInvocationHelper.java:141)
	at org.testng.internal.invokers.TestInvoker.invokeMethod(TestInvoker.java:686)
	at org.testng.internal.invokers.TestInvoker.invokeTestMethod(TestInvoker.java:230)
	at org.testng.internal.invokers.MethodRunner.runInSequence(MethodRunner.java:63)
	at org.testng.internal.invokers.TestInvoker$MethodInvocationAgent.invoke(TestInvoker.java:992)
	at org.testng.internal.invokers.TestInvoker.invokeTestMethods(TestInvoker.java:203)
	at org.testng.internal.invokers.TestMethodWorker.invokeTestMethods(TestMethodWorker.java:154)
	at org.testng.internal.invokers.TestMethodWorker.run(TestMethodWorker.java:134)
	at java.base/java.util.ArrayList.forEach(ArrayList.java:1597)
	at org.testng.TestRunner.privateRun(TestRunner.java:739)
	at org.testng.TestRunner.run(TestRunner.java:614)
	at org.testng.SuiteRunner.runTest(SuiteRunner.java:421)
	at org.testng.SuiteRunner.runSequentially(SuiteRunner.java:413)
	at org.testng.SuiteRunner.privateRun(SuiteRunner.java:373)
	at org.testng.SuiteRunner.run(SuiteRunner.java:312)
	at org.testng.SuiteRunnerWorker.runSuite(SuiteRunnerWorker.java:52)
	at org.testng.SuiteRunnerWorker.run(SuiteRunnerWorker.java:95)
	at org.testng.TestNG.runSuitesSequentially(TestNG.java:1274)
	at org.testng.TestNG.runSuitesLocally(TestNG.java:1208)
	at org.testng.TestNG.runSuites(TestNG.java:1112)
	at org.testng.TestNG.run(TestNG.java:1079)
	at com.intellij.rt.testng.IDEARemoteTestNG.run(IDEARemoteTestNG.java:65)
	at com.intellij.rt.testng.RemoteTestNGStarter.main(RemoteTestNGStarter.java:109)
2026-06-10 19:35:53.255 [main] INFO  testCases.DataProducts.DataProductsTest.log - verifyDataProductCreation - Clicked on Data Products menu item
2026-06-10 19:35:53.339 [main] INFO  testCases.DataProducts.DataProductsTest.log - verifyDataProductCreation - Clicked on Create Data Product button
2026-06-10 19:36:08.540 [main] INFO  org.testng.internal.Utils.info - [TestNG] Running:
  C:\Vaibhav\Automation\TDG_HybridFramework\testng-suites\NewTestCasesSuite.xml

2026-06-10 19:36:08.976 [main] INFO  testCases.DataProducts.DataProductsTest.setup - >>======>>======>> Automation Engineer (SDET)- Vaibhav Chavan <<======<<======<<
2026-06-10 19:36:08.977 [main] INFO  testCases.DataProducts.DataProductsTest.setup - --test execution started--
2026-06-10 19:36:15.050 [main] INFO  testCases.DataProducts.DataProductsTest.log - setup - browser opened
2026-06-10 19:36:15.115 [main] INFO  testCases.DataProducts.DataProductsTest.log - setup - cookies deleted
2026-06-10 19:36:15.196 [main] INFO  testCases.DataProducts.DataProductsTest.log - setup - browser maximized
2026-06-10 19:36:15.220 [main] INFO  testCases.DataProducts.DataProductsTest.log - setup - implicit wait applied for 10 seconds
2026-06-10 19:36:20.402 [main] INFO  testCases.DataProducts.DataProductsTest.log - setup - provided app URL in browser
2026-06-10 19:36:22.939 [main] INFO  testCases.DataProducts.DataProductsTest.log - setup - provided email
2026-06-10 19:36:23.161 [main] INFO  testCases.DataProducts.DataProductsTest.log - setup - clicked on log in button
2026-06-10 19:36:25.551 [main] INFO  testCases.DataProducts.DataProductsTest.log - verifyDataProductCreation - Clicked on Data Products menu item
2026-06-10 19:36:25.929 [main] INFO  testCases.DataProducts.DataProductsTest.log - verifyDataProductCreation - Clicked on Create Data Product button
2026-06-10 19:36:29.138 [main] INFO  testCases.DataProducts.DataProductsTest.log - verifyDataProductCreation - Provided name for the new data product
2026-06-10 19:36:31.501 [main] INFO  testCases.DataProducts.DataProductsTest.log - verifyDataProductCreation - Selected Business Product Manager for the new data product
2026-06-10 19:36:57.582 [main] INFO  testCases.DataProducts.DataProductsTest.log - verifyDataProductCreation - Selected Region for the new data product
2026-06-10 19:37:02.120 [main] INFO  testCases.DataProducts.DataProductsTest.log - verifyDataProductCreation - Selected Data Type for the new data product
2026-06-10 19:37:04.828 [main] INFO  testCases.DataProducts.DataProductsTest.log - verifyDataProductCreation - Provided Business Value Statement for the new data product
2026-06-10 19:37:05.081 [main] INFO  testCases.DataProducts.DataProductsTest.log - verifyDataProductCreation - Clicked on Save and Next button to create the data product
2026-06-10 19:37:08.161 [main] INFO  testCases.DataProducts.DataProductsTest.log - verifyDataProductCreation - Clicked on Save and Next button to save Enabling Data Storage details
2026-06-10 19:37:11.219 [main] INFO  testCases.DataProducts.DataProductsTest.log - verifyDataProductCreation - Selected Green Lane for the new data product
2026-06-10 19:37:13.408 [main] INFO  testCases.DataProducts.DataProductsTest.log - verifyDataProductCreation - Selected Access for the new data product
2026-06-10 19:37:23.460 [main] ERROR testCases.DataProducts.DataProductsTest.verifyDataProductCreation - Test failed due to exception: 
org.openqa.selenium.NoSuchElementException: no such element: Unable to locate element: {"method":"css selector","selector":"motif-select[class='hydrated'][label='Restricted to super region']"}
  (Session info: chrome=149.0.7827.103)
For documentation on this error, please visit: https://www.selenium.dev/documentation/webdriver/troubleshooting/errors#nosuchelementexception
Build info: version: '4.44.0', revision: 'da2039b'
System info: os.name: 'Windows 11', os.arch: 'amd64', os.version: '10.0', java.version: '22.0.2'
Driver info: org.openqa.selenium.chrome.ChromeDriver
Command: [9df2a64159701269dbdc06294f203e89, findElement {value=motif-select[class='hydrated'][label='Restricted to super region'], using=css selector}]
Capabilities {acceptInsecureCerts: false, browserName: chrome, browserVersion: 149.0.7827.103, chrome: {chromedriverVersion: 149.0.7827.55 (3188f8a607ae..., userDataDir: C:\Users\LZ172CV\AppData\Lo...}, fedcm:accounts: true, goog:chromeOptions: {debuggerAddress: localhost:52224}, goog:processID: 20440, networkConnectionEnabled: false, pageLoadStrategy: normal, platformName: windows, proxy: Proxy(), se:cdp: ws://localhost:52224/devtoo..., se:cdpVersion: 149.0.7827.103, setWindowRect: true, strictFileInteractability: false, timeouts: {implicit: 0, pageLoad: 300000, script: 30000}, unhandledPromptBehavior: dismiss and notify, webauthn:extension:credBlob: true, webauthn:extension:largeBlob: true, webauthn:extension:minPinLength: true, webauthn:extension:prf: true, webauthn:virtualAuthenticators: true}
Session ID: 9df2a64159701269dbdc06294f203e89
	at org.openqa.selenium.remote.ErrorCodec.decode(ErrorCodec.java:169)
	at org.openqa.selenium.remote.codec.w3c.W3CHttpResponseCodec.decode(W3CHttpResponseCodec.java:143)
	at org.openqa.selenium.remote.codec.w3c.W3CHttpResponseCodec.decode(W3CHttpResponseCodec.java:50)
	at org.openqa.selenium.remote.HttpCommandExecutor.execute(HttpCommandExecutor.java:224)
	at org.openqa.selenium.remote.service.DriverCommandExecutor.invokeExecute(DriverCommandExecutor.java:217)
	at org.openqa.selenium.remote.service.DriverCommandExecutor.execute(DriverCommandExecutor.java:175)
	at org.openqa.selenium.remote.RemoteWebDriver.execute(RemoteWebDriver.java:600)
	at org.openqa.selenium.remote.ElementLocation$ElementFinder$2.findElement(ElementLocation.java:173)
	at org.openqa.selenium.remote.ElementLocation.findElement(ElementLocation.java:60)
	at org.openqa.selenium.remote.RemoteWebDriver.findElement(RemoteWebDriver.java:421)
	at org.openqa.selenium.remote.RemoteWebDriver.findElement(RemoteWebDriver.java:415)
	at utilities.ShadowDomUtils.getShadowRoot(ShadowDomUtils.java:20)
	at base.BasePage.selectOption2(BasePage.java:569)
	at pageObjects.DataProducts.DataProductsPage.selectRestrictedToSuperRegion(DataProductsPage.java:160)
	at testCases.DataProducts.DataProductsTest.verifyDataProductCreation(DataProductsTest.java:86)
	at java.base/jdk.internal.reflect.DirectMethodHandleAccessor.invoke(DirectMethodHandleAccessor.java:103)
	at java.base/java.lang.reflect.Method.invoke(Method.java:580)
	at org.testng.internal.invokers.MethodInvocationHelper.invokeMethod(MethodInvocationHelper.java:141)
	at org.testng.internal.invokers.TestInvoker.invokeMethod(TestInvoker.java:686)
	at org.testng.internal.invokers.TestInvoker.invokeTestMethod(TestInvoker.java:230)
	at org.testng.internal.invokers.MethodRunner.runInSequence(MethodRunner.java:63)
	at org.testng.internal.invokers.TestInvoker$MethodInvocationAgent.invoke(TestInvoker.java:992)
	at org.testng.internal.invokers.TestInvoker.invokeTestMethods(TestInvoker.java:203)
	at org.testng.internal.invokers.TestMethodWorker.invokeTestMethods(TestMethodWorker.java:154)
	at org.testng.internal.invokers.TestMethodWorker.run(TestMethodWorker.java:134)
	at java.base/java.util.ArrayList.forEach(ArrayList.java:1597)
	at org.testng.TestRunner.privateRun(TestRunner.java:739)
	at org.testng.TestRunner.run(TestRunner.java:614)
	at org.testng.SuiteRunner.runTest(SuiteRunner.java:421)
	at org.testng.SuiteRunner.runSequentially(SuiteRunner.java:413)
	at org.testng.SuiteRunner.privateRun(SuiteRunner.java:373)
	at org.testng.SuiteRunner.run(SuiteRunner.java:312)
	at org.testng.SuiteRunnerWorker.runSuite(SuiteRunnerWorker.java:52)
	at org.testng.SuiteRunnerWorker.run(SuiteRunnerWorker.java:95)
	at org.testng.TestNG.runSuitesSequentially(TestNG.java:1274)
	at org.testng.TestNG.runSuitesLocally(TestNG.java:1208)
	at org.testng.TestNG.runSuites(TestNG.java:1112)
	at org.testng.TestNG.run(TestNG.java:1079)
	at com.intellij.rt.testng.IDEARemoteTestNG.run(IDEARemoteTestNG.java:65)
	at com.intellij.rt.testng.RemoteTestNGStarter.main(RemoteTestNGStarter.java:109)
2026-06-10 19:37:23.624 [main] INFO  testCases.DataProducts.DataProductsTest.log - verifyDataProductCreation - Clicked on Data Products menu item
2026-06-10 19:37:23.739 [main] INFO  testCases.DataProducts.DataProductsTest.log - verifyDataProductCreation - Clicked on Create Data Product button
2026-06-10 19:37:43.962 [main] ERROR testCases.DataProducts.DataProductsTest.verifyDataProductCreation - Test failed due to exception: 
org.openqa.selenium.TimeoutException: Expected condition failed: Element NOT found: Proxy element for: DefaultElementLocator 'By.xpath: //input[contains(@aria-label,'Data Product Name')]'
(tried for 10 seconds with 500 milliseconds interval)
	at org.openqa.selenium.support.ui.FluentWait.timeoutException(FluentWait.java:279)
	at org.openqa.selenium.support.ui.FluentWait.until(FluentWait.java:234)
	at base.BasePage.waitForElement(BasePage.java:1313)
	at base.BasePage.clearAndProvide1(BasePage.java:642)
	at pageObjects.DataProducts.DataProductsPage.provideataProductName(DataProductsPage.java:63)
	at testCases.DataProducts.DataProductsTest.verifyDataProductCreation(DataProductsTest.java:31)
	at java.base/jdk.internal.reflect.DirectMethodHandleAccessor.invoke(DirectMethodHandleAccessor.java:103)
	at java.base/java.lang.reflect.Method.invoke(Method.java:580)
	at org.testng.internal.invokers.MethodInvocationHelper.invokeMethod(MethodInvocationHelper.java:141)
	at org.testng.internal.invokers.TestInvoker.invokeMethod(TestInvoker.java:686)
	at org.testng.internal.invokers.TestInvoker.retryFailed(TestInvoker.java:269)
	at org.testng.internal.invokers.MethodRunner.runInSequence(MethodRunner.java:76)
	at org.testng.internal.invokers.TestInvoker$MethodInvocationAgent.invoke(TestInvoker.java:992)
	at org.testng.internal.invokers.TestInvoker.invokeTestMethods(TestInvoker.java:203)
	at org.testng.internal.invokers.TestMethodWorker.invokeTestMethods(TestMethodWorker.java:154)
	at org.testng.internal.invokers.TestMethodWorker.run(TestMethodWorker.java:134)
	at java.base/java.util.ArrayList.forEach(ArrayList.java:1597)
	at org.testng.TestRunner.privateRun(TestRunner.java:739)
	at org.testng.TestRunner.run(TestRunner.java:614)
	at org.testng.SuiteRunner.runTest(SuiteRunner.java:421)
	at org.testng.SuiteRunner.runSequentially(SuiteRunner.java:413)
	at org.testng.SuiteRunner.privateRun(SuiteRunner.java:373)
	at org.testng.SuiteRunner.run(SuiteRunner.java:312)
	at org.testng.SuiteRunnerWorker.runSuite(SuiteRunnerWorker.java:52)
	at org.testng.SuiteRunnerWorker.run(SuiteRunnerWorker.java:95)
	at org.testng.TestNG.runSuitesSequentially(TestNG.java:1274)
	at org.testng.TestNG.runSuitesLocally(TestNG.java:1208)
	at org.testng.TestNG.runSuites(TestNG.java:1112)
	at org.testng.TestNG.run(TestNG.java:1079)
	at com.intellij.rt.testng.IDEARemoteTestNG.run(IDEARemoteTestNG.java:65)
	at com.intellij.rt.testng.RemoteTestNGStarter.main(RemoteTestNGStarter.java:109)
Caused by: org.openqa.selenium.NoSuchElementException: no such element: Unable to locate element: {"method":"xpath","selector":"//input[contains(@aria-label,'Data Product Name')]"}
  (Session info: chrome=149.0.7827.103)
For documentation on this error, please visit: https://www.selenium.dev/documentation/webdriver/troubleshooting/errors#nosuchelementexception
Build info: version: '4.44.0', revision: 'da2039b'
System info: os.name: 'Windows 11', os.arch: 'amd64', os.version: '10.0', java.version: '22.0.2'
Driver info: org.openqa.selenium.chrome.ChromeDriver
Command: [9df2a64159701269dbdc06294f203e89, findElement {value=//input[contains(@aria-label,'Data Product Name')], using=xpath}]
Capabilities {acceptInsecureCerts: false, browserName: chrome, browserVersion: 149.0.7827.103, chrome: {chromedriverVersion: 149.0.7827.55 (3188f8a607ae..., userDataDir: C:\Users\LZ172CV\AppData\Lo...}, fedcm:accounts: true, goog:chromeOptions: {debuggerAddress: localhost:52224}, goog:processID: 20440, networkConnectionEnabled: false, pageLoadStrategy: normal, platformName: windows, proxy: Proxy(), se:cdp: ws://localhost:52224/devtoo..., se:cdpVersion: 149.0.7827.103, setWindowRect: true, strictFileInteractability: false, timeouts: {implicit: 0, pageLoad: 300000, script: 30000}, unhandledPromptBehavior: dismiss and notify, webauthn:extension:credBlob: true, webauthn:extension:largeBlob: true, webauthn:extension:minPinLength: true, webauthn:extension:prf: true, webauthn:virtualAuthenticators: true}
Session ID: 9df2a64159701269dbdc06294f203e89
	at org.openqa.selenium.remote.ErrorCodec.decode(ErrorCodec.java:169)
	at org.openqa.selenium.remote.codec.w3c.W3CHttpResponseCodec.decode(W3CHttpResponseCodec.java:143)
	at org.openqa.selenium.remote.codec.w3c.W3CHttpResponseCodec.decode(W3CHttpResponseCodec.java:50)
	at org.openqa.selenium.remote.HttpCommandExecutor.execute(HttpCommandExecutor.java:224)
	at org.openqa.selenium.remote.service.DriverCommandExecutor.invokeExecute(DriverCommandExecutor.java:217)
	at org.openqa.selenium.remote.service.DriverCommandExecutor.execute(DriverCommandExecutor.java:175)
	at org.openqa.selenium.remote.RemoteWebDriver.execute(RemoteWebDriver.java:600)
	at org.openqa.selenium.remote.ElementLocation$ElementFinder$2.findElement(ElementLocation.java:173)
	at org.openqa.selenium.remote.ElementLocation.findElement(ElementLocation.java:60)
	at org.openqa.selenium.remote.RemoteWebDriver.findElement(RemoteWebDriver.java:421)
	at org.openqa.selenium.remote.RemoteWebDriver.findElement(RemoteWebDriver.java:415)
	at org.openqa.selenium.support.pagefactory.DefaultElementLocator.findElement(DefaultElementLocator.java:69)
	at org.openqa.selenium.support.pagefactory.internal.LocatingElementHandler.invoke(LocatingElementHandler.java:38)
	at jdk.proxy2/jdk.proxy2.$Proxy30.isDisplayed(Unknown Source)
	at base.BasePage.lambda$waitForElement$1(BasePage.java:1316)
	at org.openqa.selenium.support.ui.FluentWait.until(FluentWait.java:210)
	... 29 more
2026-06-10 19:40:28.547 [main] INFO  org.testng.internal.Utils.info - [TestNG] Running:
  C:\Vaibhav\Automation\TDG_HybridFramework\testng-suites\NewTestCasesSuite.xml

2026-06-10 19:40:28.991 [main] INFO  testCases.DataProducts.DataProductsTest.setup - >>======>>======>> Automation Engineer (SDET)- Vaibhav Chavan <<======<<======<<
2026-06-10 19:40:28.992 [main] INFO  testCases.DataProducts.DataProductsTest.setup - --test execution started--
2026-06-10 19:40:35.199 [main] INFO  testCases.DataProducts.DataProductsTest.log - setup - browser opened
2026-06-10 19:40:35.231 [main] INFO  testCases.DataProducts.DataProductsTest.log - setup - cookies deleted
2026-06-10 19:40:35.282 [main] INFO  testCases.DataProducts.DataProductsTest.log - setup - browser maximized
2026-06-10 19:40:35.292 [main] INFO  testCases.DataProducts.DataProductsTest.log - setup - implicit wait applied for 10 seconds
2026-06-10 19:40:36.370 [main] INFO  testCases.DataProducts.DataProductsTest.log - setup - provided app URL in browser
2026-06-10 19:40:42.045 [main] INFO  testCases.DataProducts.DataProductsTest.log - setup - provided email
2026-06-10 19:40:42.231 [main] INFO  testCases.DataProducts.DataProductsTest.log - setup - clicked on log in button
2026-06-10 19:40:44.557 [main] INFO  testCases.DataProducts.DataProductsTest.log - verifyDataProductCreation - Clicked on Data Products menu item
2026-06-10 19:40:44.807 [main] INFO  testCases.DataProducts.DataProductsTest.log - verifyDataProductCreation - Clicked on Create Data Product button
2026-06-10 19:40:47.550 [main] INFO  testCases.DataProducts.DataProductsTest.log - verifyDataProductCreation - Provided name for the new data product
2026-06-10 19:40:49.840 [main] INFO  testCases.DataProducts.DataProductsTest.log - verifyDataProductCreation - Selected Business Product Manager for the new data product
2026-06-10 19:40:52.996 [main] INFO  testCases.DataProducts.DataProductsTest.log - verifyDataProductCreation - Selected Region for the new data product
2026-06-10 19:40:56.007 [main] INFO  testCases.DataProducts.DataProductsTest.log - verifyDataProductCreation - Selected Data Type for the new data product
2026-06-10 19:40:58.344 [main] INFO  testCases.DataProducts.DataProductsTest.log - verifyDataProductCreation - Provided Business Value Statement for the new data product
2026-06-10 19:40:58.470 [main] INFO  testCases.DataProducts.DataProductsTest.log - verifyDataProductCreation - Clicked on Save and Next button to create the data product
2026-06-10 19:41:01.099 [main] INFO  testCases.DataProducts.DataProductsTest.log - verifyDataProductCreation - Clicked on Save and Next button to save Enabling Data Storage details
2026-06-10 19:41:04.092 [main] INFO  testCases.DataProducts.DataProductsTest.log - verifyDataProductCreation - Selected Green Lane for the new data product
2026-06-10 19:44:47.552 [main] INFO  testCases.DataProducts.DataProductsTest.log - verifyDataProductCreation - Selected Access for the new data product
2026-06-10 19:45:00.621 [main] INFO  org.testng.internal.Utils.info - [TestNG] Running:
  C:\Vaibhav\Automation\TDG_HybridFramework\testng-suites\NewTestCasesSuite.xml

2026-06-10 19:45:01.040 [main] INFO  testCases.DataProducts.DataProductsTest.setup - >>======>>======>> Automation Engineer (SDET)- Vaibhav Chavan <<======<<======<<
2026-06-10 19:45:01.041 [main] INFO  testCases.DataProducts.DataProductsTest.setup - --test execution started--
2026-06-10 19:45:07.321 [main] INFO  testCases.DataProducts.DataProductsTest.log - setup - browser opened
2026-06-10 19:45:07.657 [main] INFO  testCases.DataProducts.DataProductsTest.log - setup - cookies deleted
2026-06-10 19:45:07.755 [main] INFO  testCases.DataProducts.DataProductsTest.log - setup - browser maximized
2026-06-10 19:45:07.781 [main] INFO  testCases.DataProducts.DataProductsTest.log - setup - implicit wait applied for 10 seconds
2026-06-10 19:45:11.797 [main] INFO  testCases.DataProducts.DataProductsTest.log - setup - provided app URL in browser
2026-06-10 19:45:14.385 [main] INFO  testCases.DataProducts.DataProductsTest.log - setup - provided email
2026-06-10 19:45:14.697 [main] INFO  testCases.DataProducts.DataProductsTest.log - setup - clicked on log in button
2026-06-10 19:45:17.146 [main] INFO  testCases.DataProducts.DataProductsTest.log - verifyDataProductCreation - Clicked on Data Products menu item
2026-06-10 19:45:17.418 [main] INFO  testCases.DataProducts.DataProductsTest.log - verifyDataProductCreation - Clicked on Create Data Product button
2026-06-10 19:45:19.950 [main] INFO  testCases.DataProducts.DataProductsTest.log - verifyDataProductCreation - Provided name for the new data product
2026-06-10 19:45:22.531 [main] INFO  testCases.DataProducts.DataProductsTest.log - verifyDataProductCreation - Selected Business Product Manager for the new data product
2026-06-10 19:45:25.625 [main] INFO  testCases.DataProducts.DataProductsTest.log - verifyDataProductCreation - Selected Region for the new data product
2026-06-10 19:45:28.563 [main] INFO  testCases.DataProducts.DataProductsTest.log - verifyDataProductCreation - Selected Data Type for the new data product
2026-06-10 19:45:30.988 [main] INFO  testCases.DataProducts.DataProductsTest.log - verifyDataProductCreation - Provided Business Value Statement for the new data product
2026-06-10 19:45:31.092 [main] INFO  testCases.DataProducts.DataProductsTest.log - verifyDataProductCreation - Clicked on Save and Next button to create the data product
2026-06-10 19:45:33.703 [main] INFO  testCases.DataProducts.DataProductsTest.log - verifyDataProductCreation - Clicked on Save and Next button to save Enabling Data Storage details
2026-06-10 19:45:36.691 [main] INFO  testCases.DataProducts.DataProductsTest.log - verifyDataProductCreation - Selected Green Lane for the new data product
2026-06-10 19:45:50.587 [main] INFO  testCases.DataProducts.DataProductsTest.log - verifyDataProductCreation - Selected Access for the new data product
2026-06-10 19:56:07.377 [main] ERROR testCases.DataProducts.DataProductsTest.verifyDataProductCreation - Test failed due to exception: 
org.openqa.selenium.NoSuchElementException: no such element: Unable to locate element: {"method":"css selector","selector":"motif-select[class='hydrated'][label='Restricted to super region']"}
  (Session info: chrome=149.0.7827.103)
For documentation on this error, please visit: https://www.selenium.dev/documentation/webdriver/troubleshooting/errors#nosuchelementexception
Build info: version: '4.44.0', revision: 'da2039b'
System info: os.name: 'Windows 11', os.arch: 'amd64', os.version: '10.0', java.version: '22.0.2'
Driver info: org.openqa.selenium.chrome.ChromeDriver
Command: [cb7f03122523d2d52e732109295b349f, findElement {using=css selector, value=motif-select[class='hydrated'][label='Restricted to super region']}]
Capabilities {acceptInsecureCerts: false, browserName: chrome, browserVersion: 149.0.7827.103, chrome: {chromedriverVersion: 149.0.7827.55 (3188f8a607ae..., userDataDir: C:\Users\LZ172CV\AppData\Lo...}, fedcm:accounts: true, goog:chromeOptions: {debuggerAddress: localhost:56057}, goog:processID: 3744, networkConnectionEnabled: false, pageLoadStrategy: normal, platformName: windows, proxy: Proxy(), se:cdp: ws://localhost:56057/devtoo..., se:cdpVersion: 149.0.7827.103, setWindowRect: true, strictFileInteractability: false, timeouts: {implicit: 0, pageLoad: 300000, script: 30000}, unhandledPromptBehavior: dismiss and notify, webauthn:extension:credBlob: true, webauthn:extension:largeBlob: true, webauthn:extension:minPinLength: true, webauthn:extension:prf: true, webauthn:virtualAuthenticators: true}
Session ID: cb7f03122523d2d52e732109295b349f
	at org.openqa.selenium.remote.ErrorCodec.decode(ErrorCodec.java:169)
	at org.openqa.selenium.remote.codec.w3c.W3CHttpResponseCodec.decode(W3CHttpResponseCodec.java:143)
	at org.openqa.selenium.remote.codec.w3c.W3CHttpResponseCodec.decode(W3CHttpResponseCodec.java:50)
	at org.openqa.selenium.remote.HttpCommandExecutor.execute(HttpCommandExecutor.java:224)
	at org.openqa.selenium.remote.service.DriverCommandExecutor.invokeExecute(DriverCommandExecutor.java:217)
	at org.openqa.selenium.remote.service.DriverCommandExecutor.execute(DriverCommandExecutor.java:175)
	at org.openqa.selenium.remote.RemoteWebDriver.execute(RemoteWebDriver.java:600)
	at org.openqa.selenium.remote.ElementLocation$ElementFinder$2.findElement(ElementLocation.java:173)
	at org.openqa.selenium.remote.ElementLocation.findElement(ElementLocation.java:60)
	at org.openqa.selenium.remote.RemoteWebDriver.findElement(RemoteWebDriver.java:421)
	at org.openqa.selenium.remote.RemoteWebDriver.findElement(RemoteWebDriver.java:415)
	at utilities.ShadowDomUtils.getShadowRoot(ShadowDomUtils.java:20)
	at base.BasePage.selectOption2(BasePage.java:569)
	at pageObjects.DataProducts.DataProductsPage.selectRestrictedToSuperRegion(DataProductsPage.java:160)
	at testCases.DataProducts.DataProductsTest.verifyDataProductCreation(DataProductsTest.java:86)
	at java.base/jdk.internal.reflect.DirectMethodHandleAccessor.invoke(DirectMethodHandleAccessor.java:103)
	at java.base/java.lang.reflect.Method.invoke(Method.java:580)
	at org.testng.internal.invokers.MethodInvocationHelper.invokeMethod(MethodInvocationHelper.java:141)
	at org.testng.internal.invokers.TestInvoker.invokeMethod(TestInvoker.java:686)
	at org.testng.internal.invokers.TestInvoker.invokeTestMethod(TestInvoker.java:230)
	at org.testng.internal.invokers.MethodRunner.runInSequence(MethodRunner.java:63)
	at org.testng.internal.invokers.TestInvoker$MethodInvocationAgent.invoke(TestInvoker.java:992)
	at org.testng.internal.invokers.TestInvoker.invokeTestMethods(TestInvoker.java:203)
	at org.testng.internal.invokers.TestMethodWorker.invokeTestMethods(TestMethodWorker.java:154)
	at org.testng.internal.invokers.TestMethodWorker.run(TestMethodWorker.java:134)
	at java.base/java.util.ArrayList.forEach(ArrayList.java:1597)
	at org.testng.TestRunner.privateRun(TestRunner.java:739)
	at org.testng.TestRunner.run(TestRunner.java:614)
	at org.testng.SuiteRunner.runTest(SuiteRunner.java:421)
	at org.testng.SuiteRunner.runSequentially(SuiteRunner.java:413)
	at org.testng.SuiteRunner.privateRun(SuiteRunner.java:373)
	at org.testng.SuiteRunner.run(SuiteRunner.java:312)
	at org.testng.SuiteRunnerWorker.runSuite(SuiteRunnerWorker.java:52)
	at org.testng.SuiteRunnerWorker.run(SuiteRunnerWorker.java:95)
	at org.testng.TestNG.runSuitesSequentially(TestNG.java:1274)
	at org.testng.TestNG.runSuitesLocally(TestNG.java:1208)
	at org.testng.TestNG.runSuites(TestNG.java:1112)
	at org.testng.TestNG.run(TestNG.java:1079)
	at com.intellij.rt.testng.IDEARemoteTestNG.run(IDEARemoteTestNG.java:65)
	at com.intellij.rt.testng.RemoteTestNGStarter.main(RemoteTestNGStarter.java:109)
2026-06-11 12:24:44.272 [main] INFO  org.testng.internal.Utils.info - [TestNG] Running:
  C:\Vaibhav\Automation\TDG_HybridFramework\testng-suites\NewTestCasesSuite.xml

2026-06-11 12:24:44.857 [main] INFO  testCases.DataProducts.DataProductsTest.setup - >>======>>======>> Automation Engineer (SDET)- Vaibhav Chavan <<======<<======<<
2026-06-11 12:24:44.858 [main] INFO  testCases.DataProducts.DataProductsTest.setup - --test execution started--
2026-06-11 12:24:54.003 [main] INFO  testCases.DataProducts.DataProductsTest.log - setup - browser opened
2026-06-11 12:24:54.111 [main] INFO  testCases.DataProducts.DataProductsTest.log - setup - cookies deleted
2026-06-11 12:24:54.188 [main] INFO  testCases.DataProducts.DataProductsTest.log - setup - browser maximized
2026-06-11 12:24:54.219 [main] INFO  testCases.DataProducts.DataProductsTest.log - setup - implicit wait applied for 10 seconds
2026-06-11 12:24:55.693 [main] INFO  testCases.DataProducts.DataProductsTest.log - setup - provided app URL in browser
2026-06-11 12:25:02.682 [main] INFO  testCases.DataProducts.DataProductsTest.log - setup - provided email
2026-06-11 12:25:02.884 [main] INFO  testCases.DataProducts.DataProductsTest.log - setup - clicked on log in button
2026-06-11 12:25:05.307 [main] INFO  testCases.DataProducts.DataProductsTest.log - verifyDataProductCreation - Clicked on Data Products menu item
2026-06-11 12:25:05.632 [main] INFO  testCases.DataProducts.DataProductsTest.log - verifyDataProductCreation - Clicked on Create Data Product button
2026-06-11 12:25:08.335 [main] INFO  testCases.DataProducts.DataProductsTest.log - verifyDataProductCreation - Provided name for the new data product
2026-06-11 12:25:11.346 [main] INFO  testCases.DataProducts.DataProductsTest.log - verifyDataProductCreation - Selected Business Product Manager for the new data product
2026-06-11 12:25:14.074 [main] INFO  testCases.DataProducts.DataProductsTest.log - verifyDataProductCreation - Selected Region for the new data product
2026-06-11 12:25:16.396 [main] INFO  testCases.DataProducts.DataProductsTest.log - verifyDataProductCreation - Selected Data Type for the new data product
2026-06-11 12:25:18.910 [main] INFO  testCases.DataProducts.DataProductsTest.log - verifyDataProductCreation - Provided Business Value Statement for the new data product
2026-06-11 12:25:19.111 [main] INFO  testCases.DataProducts.DataProductsTest.log - verifyDataProductCreation - Clicked on Save and Next button to create the data product
2026-06-11 12:25:22.053 [main] INFO  testCases.DataProducts.DataProductsTest.log - verifyDataProductCreation - Clicked on Save and Next button to save Enabling Data Storage details
2026-06-11 12:25:25.054 [main] INFO  testCases.DataProducts.DataProductsTest.log - verifyDataProductCreation - Selected Green Lane for the new data product
2026-06-11 12:25:38.072 [main] INFO  testCases.DataProducts.DataProductsTest.log - verifyDataProductCreation - Selected Access for the new data product
2026-06-11 12:25:40.299 [main] INFO  testCases.DataProducts.DataProductsTest.log - verifyDataProductCreation - Selected Restricted to Super Region for the new data product
2026-06-11 12:25:42.472 [main] INFO  testCases.DataProducts.DataProductsTest.log - verifyDataProductCreation - Selected Restricted to Service Line for the new data product
2026-06-11 12:25:44.696 [main] INFO  testCases.DataProducts.DataProductsTest.log - verifyDataProductCreation - Selected Restricted to Domain for the new data product
2026-06-11 12:25:46.896 [main] INFO  testCases.DataProducts.DataProductsTest.log - verifyDataProductCreation - Selected Content Jurisdiction for the new data product
2026-06-11 12:25:49.153 [main] INFO  testCases.DataProducts.DataProductsTest.log - verifyDataProductCreation - Selected Storage Jurisdiction for the new data product
2026-06-11 12:25:51.462 [main] INFO  testCases.DataProducts.DataProductsTest.log - verifyDataProductCreation - Selected Permitted Use Cases for the new data product
2026-06-11 12:26:20.438 [main] ERROR testCases.DataProducts.DataProductsTest.verifyDataProductCreation - Test failed due to exception: 
org.openqa.selenium.NoSuchElementException: no such element: Unable to locate element: {"method":"css selector","selector":"motif-select[class='hydrated'][label='Prohibited Uses']"}
  (Session info: chrome=149.0.7827.103)
For documentation on this error, please visit: https://www.selenium.dev/documentation/webdriver/troubleshooting/errors#nosuchelementexception
Build info: version: '4.44.0', revision: 'da2039b'
System info: os.name: 'Windows 11', os.arch: 'amd64', os.version: '10.0', java.version: '22.0.2'
Driver info: org.openqa.selenium.chrome.ChromeDriver
Command: [790e6ea03533b90739e145077887a4dd, findElement {value=motif-select[class='hydrated'][label='Prohibited Uses'], using=css selector}]
Capabilities {acceptInsecureCerts: false, browserName: chrome, browserVersion: 149.0.7827.103, chrome: {chromedriverVersion: 149.0.7827.55 (3188f8a607ae..., userDataDir: C:\Users\LZ172CV\AppData\Lo...}, fedcm:accounts: true, goog:chromeOptions: {debuggerAddress: localhost:52969}, goog:processID: 24936, networkConnectionEnabled: false, pageLoadStrategy: normal, platformName: windows, proxy: Proxy(), se:cdp: ws://localhost:52969/devtoo..., se:cdpVersion: 149.0.7827.103, setWindowRect: true, strictFileInteractability: false, timeouts: {implicit: 0, pageLoad: 300000, script: 30000}, unhandledPromptBehavior: dismiss and notify, webauthn:extension:credBlob: true, webauthn:extension:largeBlob: true, webauthn:extension:minPinLength: true, webauthn:extension:prf: true, webauthn:virtualAuthenticators: true}
Session ID: 790e6ea03533b90739e145077887a4dd
	at org.openqa.selenium.remote.ErrorCodec.decode(ErrorCodec.java:169)
	at org.openqa.selenium.remote.codec.w3c.W3CHttpResponseCodec.decode(W3CHttpResponseCodec.java:143)
	at org.openqa.selenium.remote.codec.w3c.W3CHttpResponseCodec.decode(W3CHttpResponseCodec.java:50)
	at org.openqa.selenium.remote.HttpCommandExecutor.execute(HttpCommandExecutor.java:224)
	at org.openqa.selenium.remote.service.DriverCommandExecutor.invokeExecute(DriverCommandExecutor.java:217)
	at org.openqa.selenium.remote.service.DriverCommandExecutor.execute(DriverCommandExecutor.java:175)
	at org.openqa.selenium.remote.RemoteWebDriver.execute(RemoteWebDriver.java:600)
	at org.openqa.selenium.remote.ElementLocation$ElementFinder$2.findElement(ElementLocation.java:173)
	at org.openqa.selenium.remote.ElementLocation.findElement(ElementLocation.java:60)
	at org.openqa.selenium.remote.RemoteWebDriver.findElement(RemoteWebDriver.java:421)
	at org.openqa.selenium.remote.RemoteWebDriver.findElement(RemoteWebDriver.java:415)
	at utilities.ShadowDomUtils.getShadowRoot(ShadowDomUtils.java:20)
	at base.BasePage.selectOption2(BasePage.java:569)
	at pageObjects.DataProducts.DataProductsPage.selectProhibitedUses(DataProductsPage.java:208)
	at testCases.DataProducts.DataProductsTest.verifyDataProductCreation(DataProductsTest.java:105)
	at java.base/jdk.internal.reflect.DirectMethodHandleAccessor.invoke(DirectMethodHandleAccessor.java:103)
	at java.base/java.lang.reflect.Method.invoke(Method.java:580)
	at org.testng.internal.invokers.MethodInvocationHelper.invokeMethod(MethodInvocationHelper.java:141)
	at org.testng.internal.invokers.TestInvoker.invokeMethod(TestInvoker.java:686)
	at org.testng.internal.invokers.TestInvoker.invokeTestMethod(TestInvoker.java:230)
	at org.testng.internal.invokers.MethodRunner.runInSequence(MethodRunner.java:63)
	at org.testng.internal.invokers.TestInvoker$MethodInvocationAgent.invoke(TestInvoker.java:992)
	at org.testng.internal.invokers.TestInvoker.invokeTestMethods(TestInvoker.java:203)
	at org.testng.internal.invokers.TestMethodWorker.invokeTestMethods(TestMethodWorker.java:154)
	at org.testng.internal.invokers.TestMethodWorker.run(TestMethodWorker.java:134)
	at java.base/java.util.ArrayList.forEach(ArrayList.java:1597)
	at org.testng.TestRunner.privateRun(TestRunner.java:739)
	at org.testng.TestRunner.run(TestRunner.java:614)
	at org.testng.SuiteRunner.runTest(SuiteRunner.java:421)
	at org.testng.SuiteRunner.runSequentially(SuiteRunner.java:413)
	at org.testng.SuiteRunner.privateRun(SuiteRunner.java:373)
	at org.testng.SuiteRunner.run(SuiteRunner.java:312)
	at org.testng.SuiteRunnerWorker.runSuite(SuiteRunnerWorker.java:52)
	at org.testng.SuiteRunnerWorker.run(SuiteRunnerWorker.java:95)
	at org.testng.TestNG.runSuitesSequentially(TestNG.java:1274)
	at org.testng.TestNG.runSuitesLocally(TestNG.java:1208)
	at org.testng.TestNG.runSuites(TestNG.java:1112)
	at org.testng.TestNG.run(TestNG.java:1079)
	at com.intellij.rt.testng.IDEARemoteTestNG.run(IDEARemoteTestNG.java:65)
	at com.intellij.rt.testng.RemoteTestNGStarter.main(RemoteTestNGStarter.java:109)
2026-06-11 12:26:20.603 [main] INFO  testCases.DataProducts.DataProductsTest.log - verifyDataProductCreation - Clicked on Data Products menu item
2026-06-11 12:26:20.668 [main] INFO  testCases.DataProducts.DataProductsTest.log - verifyDataProductCreation - Clicked on Create Data Product button
2026-06-11 12:26:40.878 [main] ERROR testCases.DataProducts.DataProductsTest.verifyDataProductCreation - Test failed due to exception: 
org.openqa.selenium.TimeoutException: Expected condition failed: Element NOT found: Proxy element for: DefaultElementLocator 'By.xpath: //input[contains(@aria-label,'Data Product Name')]'
(tried for 10 seconds with 500 milliseconds interval)
	at org.openqa.selenium.support.ui.FluentWait.timeoutException(FluentWait.java:279)
	at org.openqa.selenium.support.ui.FluentWait.until(FluentWait.java:234)
	at base.BasePage.waitForElement(BasePage.java:1314)
	at base.BasePage.clearAndProvide1(BasePage.java:643)
	at pageObjects.DataProducts.DataProductsPage.provideataProductName(DataProductsPage.java:63)
	at testCases.DataProducts.DataProductsTest.verifyDataProductCreation(DataProductsTest.java:31)
	at java.base/jdk.internal.reflect.DirectMethodHandleAccessor.invoke(DirectMethodHandleAccessor.java:103)
	at java.base/java.lang.reflect.Method.invoke(Method.java:580)
	at org.testng.internal.invokers.MethodInvocationHelper.invokeMethod(MethodInvocationHelper.java:141)
	at org.testng.internal.invokers.TestInvoker.invokeMethod(TestInvoker.java:686)
	at org.testng.internal.invokers.TestInvoker.retryFailed(TestInvoker.java:269)
	at org.testng.internal.invokers.MethodRunner.runInSequence(MethodRunner.java:76)
	at org.testng.internal.invokers.TestInvoker$MethodInvocationAgent.invoke(TestInvoker.java:992)
	at org.testng.internal.invokers.TestInvoker.invokeTestMethods(TestInvoker.java:203)
	at org.testng.internal.invokers.TestMethodWorker.invokeTestMethods(TestMethodWorker.java:154)
	at org.testng.internal.invokers.TestMethodWorker.run(TestMethodWorker.java:134)
	at java.base/java.util.ArrayList.forEach(ArrayList.java:1597)
	at org.testng.TestRunner.privateRun(TestRunner.java:739)
	at org.testng.TestRunner.run(TestRunner.java:614)
	at org.testng.SuiteRunner.runTest(SuiteRunner.java:421)
	at org.testng.SuiteRunner.runSequentially(SuiteRunner.java:413)
	at org.testng.SuiteRunner.privateRun(SuiteRunner.java:373)
	at org.testng.SuiteRunner.run(SuiteRunner.java:312)
	at org.testng.SuiteRunnerWorker.runSuite(SuiteRunnerWorker.java:52)
	at org.testng.SuiteRunnerWorker.run(SuiteRunnerWorker.java:95)
	at org.testng.TestNG.runSuitesSequentially(TestNG.java:1274)
	at org.testng.TestNG.runSuitesLocally(TestNG.java:1208)
	at org.testng.TestNG.runSuites(TestNG.java:1112)
	at org.testng.TestNG.run(TestNG.java:1079)
	at com.intellij.rt.testng.IDEARemoteTestNG.run(IDEARemoteTestNG.java:65)
	at com.intellij.rt.testng.RemoteTestNGStarter.main(RemoteTestNGStarter.java:109)
Caused by: org.openqa.selenium.NoSuchElementException: no such element: Unable to locate element: {"method":"xpath","selector":"//input[contains(@aria-label,'Data Product Name')]"}
  (Session info: chrome=149.0.7827.103)
For documentation on this error, please visit: https://www.selenium.dev/documentation/webdriver/troubleshooting/errors#nosuchelementexception
Build info: version: '4.44.0', revision: 'da2039b'
System info: os.name: 'Windows 11', os.arch: 'amd64', os.version: '10.0', java.version: '22.0.2'
Driver info: org.openqa.selenium.chrome.ChromeDriver
Command: [790e6ea03533b90739e145077887a4dd, findElement {value=//input[contains(@aria-label,'Data Product Name')], using=xpath}]
Capabilities {acceptInsecureCerts: false, browserName: chrome, browserVersion: 149.0.7827.103, chrome: {chromedriverVersion: 149.0.7827.55 (3188f8a607ae..., userDataDir: C:\Users\LZ172CV\AppData\Lo...}, fedcm:accounts: true, goog:chromeOptions: {debuggerAddress: localhost:52969}, goog:processID: 24936, networkConnectionEnabled: false, pageLoadStrategy: normal, platformName: windows, proxy: Proxy(), se:cdp: ws://localhost:52969/devtoo..., se:cdpVersion: 149.0.7827.103, setWindowRect: true, strictFileInteractability: false, timeouts: {implicit: 0, pageLoad: 300000, script: 30000}, unhandledPromptBehavior: dismiss and notify, webauthn:extension:credBlob: true, webauthn:extension:largeBlob: true, webauthn:extension:minPinLength: true, webauthn:extension:prf: true, webauthn:virtualAuthenticators: true}
Session ID: 790e6ea03533b90739e145077887a4dd
	at org.openqa.selenium.remote.ErrorCodec.decode(ErrorCodec.java:169)
	at org.openqa.selenium.remote.codec.w3c.W3CHttpResponseCodec.decode(W3CHttpResponseCodec.java:143)
	at org.openqa.selenium.remote.codec.w3c.W3CHttpResponseCodec.decode(W3CHttpResponseCodec.java:50)
	at org.openqa.selenium.remote.HttpCommandExecutor.execute(HttpCommandExecutor.java:224)
	at org.openqa.selenium.remote.service.DriverCommandExecutor.invokeExecute(DriverCommandExecutor.java:217)
	at org.openqa.selenium.remote.service.DriverCommandExecutor.execute(DriverCommandExecutor.java:175)
	at org.openqa.selenium.remote.RemoteWebDriver.execute(RemoteWebDriver.java:600)
	at org.openqa.selenium.remote.ElementLocation$ElementFinder$2.findElement(ElementLocation.java:173)
	at org.openqa.selenium.remote.ElementLocation.findElement(ElementLocation.java:60)
	at org.openqa.selenium.remote.RemoteWebDriver.findElement(RemoteWebDriver.java:421)
	at org.openqa.selenium.remote.RemoteWebDriver.findElement(RemoteWebDriver.java:415)
	at org.openqa.selenium.support.pagefactory.DefaultElementLocator.findElement(DefaultElementLocator.java:69)
	at org.openqa.selenium.support.pagefactory.internal.LocatingElementHandler.invoke(LocatingElementHandler.java:38)
	at jdk.proxy2/jdk.proxy2.$Proxy30.isDisplayed(Unknown Source)
	at base.BasePage.lambda$waitForElement$1(BasePage.java:1317)
	at org.openqa.selenium.support.ui.FluentWait.until(FluentWait.java:210)
	... 29 more
2026-06-11 12:28:06.086 [main] INFO  org.testng.internal.Utils.info - [TestNG] Running:
  C:\Vaibhav\Automation\TDG_HybridFramework\testng-suites\NewTestCasesSuite.xml

2026-06-11 12:28:06.472 [main] INFO  testCases.DataProducts.DataProductsTest.setup - >>======>>======>> Automation Engineer (SDET)- Vaibhav Chavan <<======<<======<<
2026-06-11 12:28:06.472 [main] INFO  testCases.DataProducts.DataProductsTest.setup - --test execution started--
2026-06-11 12:28:12.107 [main] INFO  testCases.DataProducts.DataProductsTest.log - setup - browser opened
2026-06-11 12:28:12.303 [main] INFO  testCases.DataProducts.DataProductsTest.log - setup - cookies deleted
2026-06-11 12:28:12.382 [main] INFO  testCases.DataProducts.DataProductsTest.log - setup - browser maximized
2026-06-11 12:28:12.388 [main] INFO  testCases.DataProducts.DataProductsTest.log - setup - implicit wait applied for 10 seconds
2026-06-11 12:28:26.328 [main] INFO  testCases.DataProducts.DataProductsTest.log - setup - provided app URL in browser
2026-06-11 12:28:28.842 [main] INFO  testCases.DataProducts.DataProductsTest.log - setup - provided email
2026-06-11 12:28:29.016 [main] INFO  testCases.DataProducts.DataProductsTest.log - setup - clicked on log in button
2026-06-11 12:28:31.763 [main] INFO  testCases.DataProducts.DataProductsTest.log - verifyDataProductCreation - Clicked on Data Products menu item
2026-06-11 12:28:32.047 [main] INFO  testCases.DataProducts.DataProductsTest.log - verifyDataProductCreation - Clicked on Create Data Product button
2026-06-11 12:28:35.080 [main] INFO  testCases.DataProducts.DataProductsTest.log - verifyDataProductCreation - Provided name for the new data product
2026-06-11 12:28:37.579 [main] INFO  testCases.DataProducts.DataProductsTest.log - verifyDataProductCreation - Selected Business Product Manager for the new data product
2026-06-11 12:28:40.084 [main] INFO  testCases.DataProducts.DataProductsTest.log - verifyDataProductCreation - Selected Region for the new data product
2026-06-11 12:28:42.347 [main] INFO  testCases.DataProducts.DataProductsTest.log - verifyDataProductCreation - Selected Data Type for the new data product
2026-06-11 12:28:44.763 [main] INFO  testCases.DataProducts.DataProductsTest.log - verifyDataProductCreation - Provided Business Value Statement for the new data product
2026-06-11 12:28:44.918 [main] INFO  testCases.DataProducts.DataProductsTest.log - verifyDataProductCreation - Clicked on Save and Next button to create the data product
2026-06-11 12:28:47.683 [main] INFO  testCases.DataProducts.DataProductsTest.log - verifyDataProductCreation - Clicked on Save and Next button to save Enabling Data Storage details
2026-06-11 12:28:50.904 [main] INFO  testCases.DataProducts.DataProductsTest.log - verifyDataProductCreation - Selected Green Lane for the new data product
2026-06-11 12:28:53.134 [main] INFO  testCases.DataProducts.DataProductsTest.log - verifyDataProductCreation - Selected Access for the new data product
2026-06-11 12:28:55.485 [main] INFO  testCases.DataProducts.DataProductsTest.log - verifyDataProductCreation - Selected Restricted to Super Region for the new data product
2026-06-11 12:28:57.661 [main] INFO  testCases.DataProducts.DataProductsTest.log - verifyDataProductCreation - Selected Restricted to Service Line for the new data product
2026-06-11 12:28:59.823 [main] INFO  testCases.DataProducts.DataProductsTest.log - verifyDataProductCreation - Selected Restricted to Domain for the new data product
2026-06-11 12:29:02.010 [main] INFO  testCases.DataProducts.DataProductsTest.log - verifyDataProductCreation - Selected Content Jurisdiction for the new data product
2026-06-11 12:29:04.180 [main] INFO  testCases.DataProducts.DataProductsTest.log - verifyDataProductCreation - Selected Storage Jurisdiction for the new data product
2026-06-11 12:29:06.530 [main] INFO  testCases.DataProducts.DataProductsTest.log - verifyDataProductCreation - Selected Permitted Use Cases for the new data product
2026-06-11 12:29:16.573 [main] ERROR testCases.DataProducts.DataProductsTest.verifyDataProductCreation - Test failed due to exception: 
org.openqa.selenium.NoSuchElementException: no such element: Unable to locate element: {"method":"css selector","selector":"motif-select[class='hydrated'][label='Prohibited Uses']"}
  (Session info: chrome=149.0.7827.103)
For documentation on this error, please visit: https://www.selenium.dev/documentation/webdriver/troubleshooting/errors#nosuchelementexception
Build info: version: '4.44.0', revision: 'da2039b'
System info: os.name: 'Windows 11', os.arch: 'amd64', os.version: '10.0', java.version: '22.0.2'
Driver info: org.openqa.selenium.chrome.ChromeDriver
Command: [82774d992071bb95d9c047c89de0efda, findElement {using=css selector, value=motif-select[class='hydrated'][label='Prohibited Uses']}]
Capabilities {acceptInsecureCerts: false, browserName: chrome, browserVersion: 149.0.7827.103, chrome: {chromedriverVersion: 149.0.7827.55 (3188f8a607ae..., userDataDir: C:\Users\LZ172CV\AppData\Lo...}, fedcm:accounts: true, goog:chromeOptions: {debuggerAddress: localhost:60891}, goog:processID: 1740, networkConnectionEnabled: false, pageLoadStrategy: normal, platformName: windows, proxy: Proxy(), se:cdp: ws://localhost:60891/devtoo..., se:cdpVersion: 149.0.7827.103, setWindowRect: true, strictFileInteractability: false, timeouts: {implicit: 0, pageLoad: 300000, script: 30000}, unhandledPromptBehavior: dismiss and notify, webauthn:extension:credBlob: true, webauthn:extension:largeBlob: true, webauthn:extension:minPinLength: true, webauthn:extension:prf: true, webauthn:virtualAuthenticators: true}
Session ID: 82774d992071bb95d9c047c89de0efda
	at org.openqa.selenium.remote.ErrorCodec.decode(ErrorCodec.java:169)
	at org.openqa.selenium.remote.codec.w3c.W3CHttpResponseCodec.decode(W3CHttpResponseCodec.java:143)
	at org.openqa.selenium.remote.codec.w3c.W3CHttpResponseCodec.decode(W3CHttpResponseCodec.java:50)
	at org.openqa.selenium.remote.HttpCommandExecutor.execute(HttpCommandExecutor.java:224)
	at org.openqa.selenium.remote.service.DriverCommandExecutor.invokeExecute(DriverCommandExecutor.java:217)
	at org.openqa.selenium.remote.service.DriverCommandExecutor.execute(DriverCommandExecutor.java:175)
	at org.openqa.selenium.remote.RemoteWebDriver.execute(RemoteWebDriver.java:600)
	at org.openqa.selenium.remote.ElementLocation$ElementFinder$2.findElement(ElementLocation.java:173)
	at org.openqa.selenium.remote.ElementLocation.findElement(ElementLocation.java:60)
	at org.openqa.selenium.remote.RemoteWebDriver.findElement(RemoteWebDriver.java:421)
	at org.openqa.selenium.remote.RemoteWebDriver.findElement(RemoteWebDriver.java:415)
	at utilities.ShadowDomUtils.getShadowRoot(ShadowDomUtils.java:20)
	at base.BasePage.selectOption2(BasePage.java:569)
	at pageObjects.DataProducts.DataProductsPage.selectProhibitedUses(DataProductsPage.java:208)
	at testCases.DataProducts.DataProductsTest.verifyDataProductCreation(DataProductsTest.java:105)
	at java.base/jdk.internal.reflect.DirectMethodHandleAccessor.invoke(DirectMethodHandleAccessor.java:103)
	at java.base/java.lang.reflect.Method.invoke(Method.java:580)
	at org.testng.internal.invokers.MethodInvocationHelper.invokeMethod(MethodInvocationHelper.java:141)
	at org.testng.internal.invokers.TestInvoker.invokeMethod(TestInvoker.java:686)
	at org.testng.internal.invokers.TestInvoker.invokeTestMethod(TestInvoker.java:230)
	at org.testng.internal.invokers.MethodRunner.runInSequence(MethodRunner.java:63)
	at org.testng.internal.invokers.TestInvoker$MethodInvocationAgent.invoke(TestInvoker.java:992)
	at org.testng.internal.invokers.TestInvoker.invokeTestMethods(TestInvoker.java:203)
	at org.testng.internal.invokers.TestMethodWorker.invokeTestMethods(TestMethodWorker.java:154)
	at org.testng.internal.invokers.TestMethodWorker.run(TestMethodWorker.java:134)
	at java.base/java.util.ArrayList.forEach(ArrayList.java:1597)
	at org.testng.TestRunner.privateRun(TestRunner.java:739)
	at org.testng.TestRunner.run(TestRunner.java:614)
	at org.testng.SuiteRunner.runTest(SuiteRunner.java:421)
	at org.testng.SuiteRunner.runSequentially(SuiteRunner.java:413)
	at org.testng.SuiteRunner.privateRun(SuiteRunner.java:373)
	at org.testng.SuiteRunner.run(SuiteRunner.java:312)
	at org.testng.SuiteRunnerWorker.runSuite(SuiteRunnerWorker.java:52)
	at org.testng.SuiteRunnerWorker.run(SuiteRunnerWorker.java:95)
	at org.testng.TestNG.runSuitesSequentially(TestNG.java:1274)
	at org.testng.TestNG.runSuitesLocally(TestNG.java:1208)
	at org.testng.TestNG.runSuites(TestNG.java:1112)
	at org.testng.TestNG.run(TestNG.java:1079)
	at com.intellij.rt.testng.IDEARemoteTestNG.run(IDEARemoteTestNG.java:65)
	at com.intellij.rt.testng.RemoteTestNGStarter.main(RemoteTestNGStarter.java:109)
2026-06-11 12:29:16.721 [main] INFO  testCases.DataProducts.DataProductsTest.log - verifyDataProductCreation - Clicked on Data Products menu item
2026-06-11 12:29:16.799 [main] INFO  testCases.DataProducts.DataProductsTest.log - verifyDataProductCreation - Clicked on Create Data Product button
2026-06-11 12:29:37.022 [main] ERROR testCases.DataProducts.DataProductsTest.verifyDataProductCreation - Test failed due to exception: 
org.openqa.selenium.TimeoutException: Expected condition failed: Element NOT found: Proxy element for: DefaultElementLocator 'By.xpath: //input[contains(@aria-label,'Data Product Name')]'
(tried for 10 seconds with 500 milliseconds interval)
	at org.openqa.selenium.support.ui.FluentWait.timeoutException(FluentWait.java:279)
	at org.openqa.selenium.support.ui.FluentWait.until(FluentWait.java:234)
	at base.BasePage.waitForElement(BasePage.java:1314)
	at base.BasePage.clearAndProvide1(BasePage.java:643)
	at pageObjects.DataProducts.DataProductsPage.provideataProductName(DataProductsPage.java:63)
	at testCases.DataProducts.DataProductsTest.verifyDataProductCreation(DataProductsTest.java:31)
	at java.base/jdk.internal.reflect.DirectMethodHandleAccessor.invoke(DirectMethodHandleAccessor.java:103)
	at java.base/java.lang.reflect.Method.invoke(Method.java:580)
	at org.testng.internal.invokers.MethodInvocationHelper.invokeMethod(MethodInvocationHelper.java:141)
	at org.testng.internal.invokers.TestInvoker.invokeMethod(TestInvoker.java:686)
	at org.testng.internal.invokers.TestInvoker.retryFailed(TestInvoker.java:269)
	at org.testng.internal.invokers.MethodRunner.runInSequence(MethodRunner.java:76)
	at org.testng.internal.invokers.TestInvoker$MethodInvocationAgent.invoke(TestInvoker.java:992)
	at org.testng.internal.invokers.TestInvoker.invokeTestMethods(TestInvoker.java:203)
	at org.testng.internal.invokers.TestMethodWorker.invokeTestMethods(TestMethodWorker.java:154)
	at org.testng.internal.invokers.TestMethodWorker.run(TestMethodWorker.java:134)
	at java.base/java.util.ArrayList.forEach(ArrayList.java:1597)
	at org.testng.TestRunner.privateRun(TestRunner.java:739)
	at org.testng.TestRunner.run(TestRunner.java:614)
	at org.testng.SuiteRunner.runTest(SuiteRunner.java:421)
	at org.testng.SuiteRunner.runSequentially(SuiteRunner.java:413)
	at org.testng.SuiteRunner.privateRun(SuiteRunner.java:373)
	at org.testng.SuiteRunner.run(SuiteRunner.java:312)
	at org.testng.SuiteRunnerWorker.runSuite(SuiteRunnerWorker.java:52)
	at org.testng.SuiteRunnerWorker.run(SuiteRunnerWorker.java:95)
	at org.testng.TestNG.runSuitesSequentially(TestNG.java:1274)
	at org.testng.TestNG.runSuitesLocally(TestNG.java:1208)
	at org.testng.TestNG.runSuites(TestNG.java:1112)
	at org.testng.TestNG.run(TestNG.java:1079)
	at com.intellij.rt.testng.IDEARemoteTestNG.run(IDEARemoteTestNG.java:65)
	at com.intellij.rt.testng.RemoteTestNGStarter.main(RemoteTestNGStarter.java:109)
Caused by: org.openqa.selenium.NoSuchElementException: no such element: Unable to locate element: {"method":"xpath","selector":"//input[contains(@aria-label,'Data Product Name')]"}
  (Session info: chrome=149.0.7827.103)
For documentation on this error, please visit: https://www.selenium.dev/documentation/webdriver/troubleshooting/errors#nosuchelementexception
Build info: version: '4.44.0', revision: 'da2039b'
System info: os.name: 'Windows 11', os.arch: 'amd64', os.version: '10.0', java.version: '22.0.2'
Driver info: org.openqa.selenium.chrome.ChromeDriver
Command: [82774d992071bb95d9c047c89de0efda, findElement {using=xpath, value=//input[contains(@aria-label,'Data Product Name')]}]
Capabilities {acceptInsecureCerts: false, browserName: chrome, browserVersion: 149.0.7827.103, chrome: {chromedriverVersion: 149.0.7827.55 (3188f8a607ae..., userDataDir: C:\Users\LZ172CV\AppData\Lo...}, fedcm:accounts: true, goog:chromeOptions: {debuggerAddress: localhost:60891}, goog:processID: 1740, networkConnectionEnabled: false, pageLoadStrategy: normal, platformName: windows, proxy: Proxy(), se:cdp: ws://localhost:60891/devtoo..., se:cdpVersion: 149.0.7827.103, setWindowRect: true, strictFileInteractability: false, timeouts: {implicit: 0, pageLoad: 300000, script: 30000}, unhandledPromptBehavior: dismiss and notify, webauthn:extension:credBlob: true, webauthn:extension:largeBlob: true, webauthn:extension:minPinLength: true, webauthn:extension:prf: true, webauthn:virtualAuthenticators: true}
Session ID: 82774d992071bb95d9c047c89de0efda
	at org.openqa.selenium.remote.ErrorCodec.decode(ErrorCodec.java:169)
	at org.openqa.selenium.remote.codec.w3c.W3CHttpResponseCodec.decode(W3CHttpResponseCodec.java:143)
	at org.openqa.selenium.remote.codec.w3c.W3CHttpResponseCodec.decode(W3CHttpResponseCodec.java:50)
	at org.openqa.selenium.remote.HttpCommandExecutor.execute(HttpCommandExecutor.java:224)
	at org.openqa.selenium.remote.service.DriverCommandExecutor.invokeExecute(DriverCommandExecutor.java:217)
	at org.openqa.selenium.remote.service.DriverCommandExecutor.execute(DriverCommandExecutor.java:175)
	at org.openqa.selenium.remote.RemoteWebDriver.execute(RemoteWebDriver.java:600)
	at org.openqa.selenium.remote.ElementLocation$ElementFinder$2.findElement(ElementLocation.java:173)
	at org.openqa.selenium.remote.ElementLocation.findElement(ElementLocation.java:60)
	at org.openqa.selenium.remote.RemoteWebDriver.findElement(RemoteWebDriver.java:421)
	at org.openqa.selenium.remote.RemoteWebDriver.findElement(RemoteWebDriver.java:415)
	at org.openqa.selenium.support.pagefactory.DefaultElementLocator.findElement(DefaultElementLocator.java:69)
	at org.openqa.selenium.support.pagefactory.internal.LocatingElementHandler.invoke(LocatingElementHandler.java:38)
	at jdk.proxy2/jdk.proxy2.$Proxy30.isDisplayed(Unknown Source)
	at base.BasePage.lambda$waitForElement$1(BasePage.java:1317)
	at org.openqa.selenium.support.ui.FluentWait.until(FluentWait.java:210)
	... 29 more
2026-06-11 12:37:54.981 [main] INFO  org.testng.internal.Utils.info - [TestNG] Running:
  C:\Vaibhav\Automation\TDG_HybridFramework\testng-suites\NewTestCasesSuite.xml

2026-06-11 12:37:55.416 [main] INFO  testCases.DataProducts.DataProductsTest.setup - >>======>>======>> Automation Engineer (SDET)- Vaibhav Chavan <<======<<======<<
2026-06-11 12:37:55.417 [main] INFO  testCases.DataProducts.DataProductsTest.setup - --test execution started--
2026-06-11 12:38:01.542 [main] INFO  testCases.DataProducts.DataProductsTest.log - setup - browser opened
2026-06-11 12:38:01.599 [main] INFO  testCases.DataProducts.DataProductsTest.log - setup - cookies deleted
2026-06-11 12:38:01.690 [main] INFO  testCases.DataProducts.DataProductsTest.log - setup - browser maximized
2026-06-11 12:38:01.708 [main] INFO  testCases.DataProducts.DataProductsTest.log - setup - implicit wait applied for 10 seconds
2026-06-11 12:38:08.781 [main] INFO  testCases.DataProducts.DataProductsTest.log - setup - provided app URL in browser
2026-06-11 12:38:11.325 [main] INFO  testCases.DataProducts.DataProductsTest.log - setup - provided email
2026-06-11 12:38:11.504 [main] INFO  testCases.DataProducts.DataProductsTest.log - setup - clicked on log in button
2026-06-11 12:38:13.872 [main] INFO  testCases.DataProducts.DataProductsTest.log - verifyDataProductCreation - Clicked on Data Products menu item
2026-06-11 12:38:14.123 [main] INFO  testCases.DataProducts.DataProductsTest.log - verifyDataProductCreation - Clicked on Create Data Product button
2026-06-11 12:38:16.739 [main] INFO  testCases.DataProducts.DataProductsTest.log - verifyDataProductCreation - Provided name for the new data product
2026-06-11 12:38:18.986 [main] INFO  testCases.DataProducts.DataProductsTest.log - verifyDataProductCreation - Selected Business Product Manager for the new data product
2026-06-11 12:38:21.276 [main] INFO  testCases.DataProducts.DataProductsTest.log - verifyDataProductCreation - Selected Region for the new data product
2026-06-11 12:38:23.473 [main] INFO  testCases.DataProducts.DataProductsTest.log - verifyDataProductCreation - Selected Data Type for the new data product
2026-06-11 12:38:26.132 [main] INFO  testCases.DataProducts.DataProductsTest.log - verifyDataProductCreation - Provided Business Value Statement for the new data product
2026-06-11 12:38:26.312 [main] INFO  testCases.DataProducts.DataProductsTest.log - verifyDataProductCreation - Clicked on Save and Next button to create the data product
2026-06-11 12:38:36.384 [main] ERROR testCases.DataProducts.DataProductsTest.verifyDataProductCreation - Test failed due to exception: 
org.openqa.selenium.TimeoutException: Expected condition failed: Element NOT found: By.xpath: //div[@slot='toast-supporting-text']
(tried for 10 seconds with 500 milliseconds interval)
	at org.openqa.selenium.support.ui.FluentWait.timeoutException(FluentWait.java:279)
	at org.openqa.selenium.support.ui.FluentWait.until(FluentWait.java:234)
	at base.BasePage.waitForElement1(BasePage.java:1327)
	at base.BasePage.isTransactionCreated(BasePage.java:1388)
	at testCases.DataProducts.DataProductsTest.verifyDataProductCreation(DataProductsTest.java:61)
	at java.base/jdk.internal.reflect.DirectMethodHandleAccessor.invoke(DirectMethodHandleAccessor.java:103)
	at java.base/java.lang.reflect.Method.invoke(Method.java:580)
	at org.testng.internal.invokers.MethodInvocationHelper.invokeMethod(MethodInvocationHelper.java:141)
	at org.testng.internal.invokers.TestInvoker.invokeMethod(TestInvoker.java:686)
	at org.testng.internal.invokers.TestInvoker.invokeTestMethod(TestInvoker.java:230)
	at org.testng.internal.invokers.MethodRunner.runInSequence(MethodRunner.java:63)
	at org.testng.internal.invokers.TestInvoker$MethodInvocationAgent.invoke(TestInvoker.java:992)
	at org.testng.internal.invokers.TestInvoker.invokeTestMethods(TestInvoker.java:203)
	at org.testng.internal.invokers.TestMethodWorker.invokeTestMethods(TestMethodWorker.java:154)
	at org.testng.internal.invokers.TestMethodWorker.run(TestMethodWorker.java:134)
	at java.base/java.util.ArrayList.forEach(ArrayList.java:1597)
	at org.testng.TestRunner.privateRun(TestRunner.java:739)
	at org.testng.TestRunner.run(TestRunner.java:614)
	at org.testng.SuiteRunner.runTest(SuiteRunner.java:421)
	at org.testng.SuiteRunner.runSequentially(SuiteRunner.java:413)
	at org.testng.SuiteRunner.privateRun(SuiteRunner.java:373)
	at org.testng.SuiteRunner.run(SuiteRunner.java:312)
	at org.testng.SuiteRunnerWorker.runSuite(SuiteRunnerWorker.java:52)
	at org.testng.SuiteRunnerWorker.run(SuiteRunnerWorker.java:95)
	at org.testng.TestNG.runSuitesSequentially(TestNG.java:1274)
	at org.testng.TestNG.runSuitesLocally(TestNG.java:1208)
	at org.testng.TestNG.runSuites(TestNG.java:1112)
	at org.testng.TestNG.run(TestNG.java:1079)
	at com.intellij.rt.testng.IDEARemoteTestNG.run(IDEARemoteTestNG.java:65)
	at com.intellij.rt.testng.RemoteTestNGStarter.main(RemoteTestNGStarter.java:109)
Caused by: org.openqa.selenium.NoSuchElementException: no such element: Unable to locate element: {"method":"xpath","selector":"//div[@slot='toast-supporting-text']"}
  (Session info: chrome=149.0.7827.103)
For documentation on this error, please visit: https://www.selenium.dev/documentation/webdriver/troubleshooting/errors#nosuchelementexception
Build info: version: '4.44.0', revision: 'da2039b'
System info: os.name: 'Windows 11', os.arch: 'amd64', os.version: '10.0', java.version: '22.0.2'
Driver info: org.openqa.selenium.chrome.ChromeDriver
Command: [79eb040aa28d432f15d7f2dd15b7b6aa, findElement {using=xpath, value=//div[@slot='toast-supporting-text']}]
Capabilities {acceptInsecureCerts: false, browserName: chrome, browserVersion: 149.0.7827.103, chrome: {chromedriverVersion: 149.0.7827.55 (3188f8a607ae..., userDataDir: C:\Users\LZ172CV\AppData\Lo...}, fedcm:accounts: true, goog:chromeOptions: {debuggerAddress: localhost:61365}, goog:processID: 6756, networkConnectionEnabled: false, pageLoadStrategy: normal, platformName: windows, proxy: Proxy(), se:cdp: ws://localhost:61365/devtoo..., se:cdpVersion: 149.0.7827.103, setWindowRect: true, strictFileInteractability: false, timeouts: {implicit: 0, pageLoad: 300000, script: 30000}, unhandledPromptBehavior: dismiss and notify, webauthn:extension:credBlob: true, webauthn:extension:largeBlob: true, webauthn:extension:minPinLength: true, webauthn:extension:prf: true, webauthn:virtualAuthenticators: true}
Session ID: 79eb040aa28d432f15d7f2dd15b7b6aa
	at org.openqa.selenium.remote.ErrorCodec.decode(ErrorCodec.java:169)
	at org.openqa.selenium.remote.codec.w3c.W3CHttpResponseCodec.decode(W3CHttpResponseCodec.java:143)
	at org.openqa.selenium.remote.codec.w3c.W3CHttpResponseCodec.decode(W3CHttpResponseCodec.java:50)
	at org.openqa.selenium.remote.HttpCommandExecutor.execute(HttpCommandExecutor.java:224)
	at org.openqa.selenium.remote.service.DriverCommandExecutor.invokeExecute(DriverCommandExecutor.java:217)
	at org.openqa.selenium.remote.service.DriverCommandExecutor.execute(DriverCommandExecutor.java:175)
	at org.openqa.selenium.remote.RemoteWebDriver.execute(RemoteWebDriver.java:600)
	at org.openqa.selenium.remote.ElementLocation$ElementFinder$2.findElement(ElementLocation.java:173)
	at org.openqa.selenium.remote.ElementLocation.findElement(ElementLocation.java:60)
	at org.openqa.selenium.remote.RemoteWebDriver.findElement(RemoteWebDriver.java:421)
	at org.openqa.selenium.remote.RemoteWebDriver.findElement(RemoteWebDriver.java:415)
	at base.BasePage.lambda$waitForElement1$2(BasePage.java:1329)
	at org.openqa.selenium.support.ui.FluentWait.until(FluentWait.java:210)
	... 28 more
2026-06-11 12:38:36.519 [main] INFO  testCases.DataProducts.DataProductsTest.log - verifyDataProductCreation - Clicked on Data Products menu item
2026-06-11 12:38:36.568 [main] INFO  testCases.DataProducts.DataProductsTest.log - verifyDataProductCreation - Clicked on Create Data Product button
2026-06-11 12:38:38.840 [main] INFO  testCases.DataProducts.DataProductsTest.log - verifyDataProductCreation - Provided name for the new data product
2026-06-11 12:38:41.032 [main] INFO  testCases.DataProducts.DataProductsTest.log - verifyDataProductCreation - Selected Business Product Manager for the new data product
2026-06-11 12:38:43.259 [main] INFO  testCases.DataProducts.DataProductsTest.log - verifyDataProductCreation - Selected Region for the new data product
2026-06-11 12:38:45.435 [main] INFO  testCases.DataProducts.DataProductsTest.log - verifyDataProductCreation - Selected Data Type for the new data product
2026-06-11 12:38:47.835 [main] INFO  testCases.DataProducts.DataProductsTest.log - verifyDataProductCreation - Provided Business Value Statement for the new data product
2026-06-11 12:38:47.955 [main] INFO  testCases.DataProducts.DataProductsTest.log - verifyDataProductCreation - Clicked on Save and Next button to create the data product
2026-06-11 12:38:55.454 [main] INFO  org.testng.internal.Utils.info - [TestNG] Running:
  C:\Vaibhav\Automation\TDG_HybridFramework\testng-suites\NewTestCasesSuite.xml

2026-06-11 12:38:55.896 [main] INFO  testCases.DataProducts.DataProductsTest.setup - >>======>>======>> Automation Engineer (SDET)- Vaibhav Chavan <<======<<======<<
2026-06-11 12:38:55.897 [main] INFO  testCases.DataProducts.DataProductsTest.setup - --test execution started--
2026-06-11 12:39:02.393 [main] INFO  testCases.DataProducts.DataProductsTest.log - setup - browser opened
2026-06-11 12:39:02.461 [main] INFO  testCases.DataProducts.DataProductsTest.log - setup - cookies deleted
2026-06-11 12:39:02.546 [main] INFO  testCases.DataProducts.DataProductsTest.log - setup - browser maximized
2026-06-11 12:39:02.570 [main] INFO  testCases.DataProducts.DataProductsTest.log - setup - implicit wait applied for 10 seconds
2026-06-11 12:39:13.660 [main] INFO  testCases.DataProducts.DataProductsTest.log - setup - provided app URL in browser
2026-06-11 12:39:16.115 [main] INFO  testCases.DataProducts.DataProductsTest.log - setup - provided email
2026-06-11 12:39:16.300 [main] INFO  testCases.DataProducts.DataProductsTest.log - setup - clicked on log in button
2026-06-11 12:39:18.810 [main] INFO  testCases.DataProducts.DataProductsTest.log - verifyDataProductCreation - Clicked on Data Products menu item
2026-06-11 12:39:19.174 [main] INFO  testCases.DataProducts.DataProductsTest.log - verifyDataProductCreation - Clicked on Create Data Product button
2026-06-11 12:39:21.782 [main] INFO  testCases.DataProducts.DataProductsTest.log - verifyDataProductCreation - Provided name for the new data product
2026-06-11 12:39:24.203 [main] INFO  testCases.DataProducts.DataProductsTest.log - verifyDataProductCreation - Selected Business Product Manager for the new data product
2026-06-11 12:39:26.375 [main] INFO  testCases.DataProducts.DataProductsTest.log - verifyDataProductCreation - Selected Region for the new data product
2026-06-11 12:39:28.585 [main] INFO  testCases.DataProducts.DataProductsTest.log - verifyDataProductCreation - Selected Data Type for the new data product
2026-06-11 12:39:31.002 [main] INFO  testCases.DataProducts.DataProductsTest.log - verifyDataProductCreation - Provided Business Value Statement for the new data product
2026-06-11 12:39:31.352 [main] INFO  testCases.DataProducts.DataProductsTest.log - verifyDataProductCreation - Clicked on Save and Next button to create the data product
2026-06-11 12:39:34.279 [main] INFO  testCases.DataProducts.DataProductsTest.log - verifyDataProductCreation - Clicked on Save and Next button to save Enabling Data Storage details
2026-06-11 12:39:37.570 [main] INFO  testCases.DataProducts.DataProductsTest.log - verifyDataProductCreation - Selected Green Lane for the new data product
2026-06-11 12:39:39.802 [main] INFO  testCases.DataProducts.DataProductsTest.log - verifyDataProductCreation - Selected Access for the new data product
2026-06-11 12:39:42.059 [main] INFO  testCases.DataProducts.DataProductsTest.log - verifyDataProductCreation - Selected Restricted to Super Region for the new data product
2026-06-11 12:39:44.194 [main] INFO  testCases.DataProducts.DataProductsTest.log - verifyDataProductCreation - Selected Restricted to Service Line for the new data product
2026-06-11 12:39:46.332 [main] INFO  testCases.DataProducts.DataProductsTest.log - verifyDataProductCreation - Selected Restricted to Domain for the new data product
2026-06-11 12:39:48.531 [main] INFO  testCases.DataProducts.DataProductsTest.log - verifyDataProductCreation - Selected Content Jurisdiction for the new data product
2026-06-11 12:39:50.718 [main] INFO  testCases.DataProducts.DataProductsTest.log - verifyDataProductCreation - Selected Storage Jurisdiction for the new data product
2026-06-11 12:39:53.146 [main] INFO  testCases.DataProducts.DataProductsTest.log - verifyDataProductCreation - Selected Permitted Use Cases for the new data product
2026-06-11 16:36:33.132 [main] INFO  org.testng.internal.Utils.info - [TestNG] Running:
  C:\Vaibhav\Automation\TDG_HybridFramework\testng-suites\NewTestCasesSuite.xml

2026-06-11 16:36:33.813 [main] INFO  testCases.DataProducts.DataProductsTest.setup - >>======>>======>> Automation Engineer (SDET)- Vaibhav Chavan <<======<<======<<
2026-06-11 16:36:33.814 [main] INFO  testCases.DataProducts.DataProductsTest.setup - --test execution started--
2026-06-11 16:37:07.343 [main] INFO  testCases.DataProducts.DataProductsTest.log - setup - browser opened
2026-06-11 16:37:07.371 [main] INFO  testCases.DataProducts.DataProductsTest.log - setup - cookies deleted
2026-06-11 16:37:07.427 [main] INFO  testCases.DataProducts.DataProductsTest.log - setup - browser maximized
2026-06-11 16:37:07.438 [main] INFO  testCases.DataProducts.DataProductsTest.log - setup - implicit wait applied for 10 seconds
2026-06-11 16:37:09.272 [main] INFO  testCases.DataProducts.DataProductsTest.log - setup - provided app URL in browser
2026-06-11 16:37:16.744 [main] INFO  testCases.DataProducts.DataProductsTest.log - setup - provided email
2026-06-11 16:37:16.946 [main] INFO  testCases.DataProducts.DataProductsTest.log - setup - clicked on log in button
2026-06-11 16:37:19.371 [main] INFO  testCases.DataProducts.DataProductsTest.log - verifyDataProductCreation - Clicked on Data Products menu item
2026-06-11 16:37:19.646 [main] INFO  testCases.DataProducts.DataProductsTest.log - verifyDataProductCreation - Clicked on Create Data Product button
2026-06-11 16:37:22.232 [main] INFO  testCases.DataProducts.DataProductsTest.log - verifyDataProductCreation - Provided name for the new data product
2026-06-11 16:37:24.535 [main] INFO  testCases.DataProducts.DataProductsTest.log - verifyDataProductCreation - Selected Business Product Manager for the new data product
2026-06-11 16:37:27.233 [main] INFO  testCases.DataProducts.DataProductsTest.log - verifyDataProductCreation - Selected Region for the new data product
2026-06-11 16:37:29.456 [main] INFO  testCases.DataProducts.DataProductsTest.log - verifyDataProductCreation - Selected Data Type for the new data product
2026-06-11 16:37:31.884 [main] INFO  testCases.DataProducts.DataProductsTest.log - verifyDataProductCreation - Provided Business Value Statement for the new data product
2026-06-11 16:37:32.042 [main] INFO  testCases.DataProducts.DataProductsTest.log - verifyDataProductCreation - Clicked on Save and Next button to create the data product
2026-06-11 16:37:33.969 [main] ERROR testCases.DataProducts.DataProductsTest.verifyDataProductCreation - Test failed due to exception: 
org.openqa.selenium.ElementClickInterceptedException: element click intercepted: Element <span _ngcontent-ng-c3204269703="" slot="verticalNavigationMenuItemElements">...</span> is not clickable at point (92, 9). Other element would receive the click: <motif-toast _ngcontent-ng-c3968270295="" type="text" role="status" aria-live="polite" duration="Infinity" is-visible="" class="hydrated">...</motif-toast>
  (Session info: chrome=149.0.7827.103)
Build info: version: '4.44.0', revision: 'da2039b'
System info: os.name: 'Windows 11', os.arch: 'amd64', os.version: '10.0', java.version: '22.0.2'
Driver info: org.openqa.selenium.chrome.ChromeDriver
Command: [bbd90cdec28d57b0aef1195dcabe5200, clickElement {id=f.8F0D35D2C3B95D828A75D0759F566D9C.d.883B4A70EF2FA077A3E87C21ABB46BD3.e.80}]
Capabilities {acceptInsecureCerts: false, browserName: chrome, browserVersion: 149.0.7827.103, chrome: {chromedriverVersion: 149.0.7827.55 (3188f8a607ae..., userDataDir: C:\Users\LZ172CV\AppData\Lo...}, fedcm:accounts: true, goog:chromeOptions: {debuggerAddress: localhost:60565}, goog:processID: 14128, networkConnectionEnabled: false, pageLoadStrategy: normal, platformName: windows, proxy: Proxy(), se:cdp: ws://localhost:60565/devtoo..., se:cdpVersion: 149.0.7827.103, setWindowRect: true, strictFileInteractability: false, timeouts: {implicit: 0, pageLoad: 300000, script: 30000}, unhandledPromptBehavior: dismiss and notify, webauthn:extension:credBlob: true, webauthn:extension:largeBlob: true, webauthn:extension:minPinLength: true, webauthn:extension:prf: true, webauthn:virtualAuthenticators: true}
Element: [[ChromeDriver: chrome on windows (bbd90cdec28d57b0aef1195dcabe5200)] -> xpath: //motif-vertical-navigation-menu-item[@slot='verticalNavigationMenuElements']//span[@slot='verticalNavigationMenuItemElements'][normalize-space()='Data Products']]
Session ID: bbd90cdec28d57b0aef1195dcabe5200
	at org.openqa.selenium.remote.ErrorCodec.decode(ErrorCodec.java:169)
	at org.openqa.selenium.remote.codec.w3c.W3CHttpResponseCodec.decode(W3CHttpResponseCodec.java:143)
	at org.openqa.selenium.remote.codec.w3c.W3CHttpResponseCodec.decode(W3CHttpResponseCodec.java:50)
	at org.openqa.selenium.remote.HttpCommandExecutor.execute(HttpCommandExecutor.java:224)
	at org.openqa.selenium.remote.service.DriverCommandExecutor.invokeExecute(DriverCommandExecutor.java:217)
	at org.openqa.selenium.remote.service.DriverCommandExecutor.execute(DriverCommandExecutor.java:175)
	at org.openqa.selenium.remote.RemoteWebDriver.execute(RemoteWebDriver.java:600)
	at org.openqa.selenium.remote.RemoteWebElement.execute(RemoteWebElement.java:225)
	at org.openqa.selenium.remote.RemoteWebElement.click(RemoteWebElement.java:79)
	at java.base/jdk.internal.reflect.DirectMethodHandleAccessor.invoke(DirectMethodHandleAccessor.java:103)
	at java.base/java.lang.reflect.Method.invoke(Method.java:580)
	at org.openqa.selenium.support.pagefactory.internal.LocatingElementHandler.invoke(LocatingElementHandler.java:51)
	at jdk.proxy2/jdk.proxy2.$Proxy30.click(Unknown Source)
	at base.BasePage.clickOnElement1(BasePage.java:411)
	at pageObjects.DataProducts.DataProductsPage.clickDataProducts(DataProductsPage.java:37)
	at testCases.DataProducts.DataProductsTest.verifyDataProductCreation(DataProductsTest.java:25)
	at java.base/jdk.internal.reflect.DirectMethodHandleAccessor.invoke(DirectMethodHandleAccessor.java:103)
	at java.base/java.lang.reflect.Method.invoke(Method.java:580)
	at org.testng.internal.invokers.MethodInvocationHelper.invokeMethod(MethodInvocationHelper.java:141)
	at org.testng.internal.invokers.TestInvoker.invokeMethod(TestInvoker.java:686)
	at org.testng.internal.invokers.TestInvoker.retryFailed(TestInvoker.java:269)
	at org.testng.internal.invokers.MethodRunner.runInSequence(MethodRunner.java:76)
	at org.testng.internal.invokers.TestInvoker$MethodInvocationAgent.invoke(TestInvoker.java:992)
	at org.testng.internal.invokers.TestInvoker.invokeTestMethods(TestInvoker.java:203)
	at org.testng.internal.invokers.TestMethodWorker.invokeTestMethods(TestMethodWorker.java:154)
	at org.testng.internal.invokers.TestMethodWorker.run(TestMethodWorker.java:134)
	at java.base/java.util.ArrayList.forEach(ArrayList.java:1597)
	at org.testng.TestRunner.privateRun(TestRunner.java:739)
	at org.testng.TestRunner.run(TestRunner.java:614)
	at org.testng.SuiteRunner.runTest(SuiteRunner.java:421)
	at org.testng.SuiteRunner.runSequentially(SuiteRunner.java:413)
	at org.testng.SuiteRunner.privateRun(SuiteRunner.java:373)
	at org.testng.SuiteRunner.run(SuiteRunner.java:312)
	at org.testng.SuiteRunnerWorker.runSuite(SuiteRunnerWorker.java:52)
	at org.testng.SuiteRunnerWorker.run(SuiteRunnerWorker.java:95)
	at org.testng.TestNG.runSuitesSequentially(TestNG.java:1274)
	at org.testng.TestNG.runSuitesLocally(TestNG.java:1208)
	at org.testng.TestNG.runSuites(TestNG.java:1112)
	at org.testng.TestNG.run(TestNG.java:1079)
	at com.intellij.rt.testng.IDEARemoteTestNG.run(IDEARemoteTestNG.java:65)
	at com.intellij.rt.testng.RemoteTestNGStarter.main(RemoteTestNGStarter.java:109)
2026-06-11 16:37:58.891 [main] INFO  org.testng.internal.Utils.info - [TestNG] Running:
  C:\Vaibhav\Automation\TDG_HybridFramework\testng-suites\NewTestCasesSuite.xml

2026-06-11 16:37:59.306 [main] INFO  testCases.DataProducts.DataProductsTest.setup - >>======>>======>> Automation Engineer (SDET)- Vaibhav Chavan <<======<<======<<
2026-06-11 16:37:59.306 [main] INFO  testCases.DataProducts.DataProductsTest.setup - --test execution started--
2026-06-11 16:38:05.465 [main] INFO  testCases.DataProducts.DataProductsTest.log - setup - browser opened
2026-06-11 16:38:06.054 [main] INFO  testCases.DataProducts.DataProductsTest.log - setup - cookies deleted
2026-06-11 16:38:06.115 [main] INFO  testCases.DataProducts.DataProductsTest.log - setup - browser maximized
2026-06-11 16:38:06.122 [main] INFO  testCases.DataProducts.DataProductsTest.log - setup - implicit wait applied for 10 seconds
2026-06-11 16:38:17.105 [main] INFO  testCases.DataProducts.DataProductsTest.log - setup - provided app URL in browser
2026-06-11 16:38:19.497 [main] INFO  testCases.DataProducts.DataProductsTest.log - setup - provided email
2026-06-11 16:38:19.801 [main] INFO  testCases.DataProducts.DataProductsTest.log - setup - clicked on log in button
2026-06-11 16:38:22.240 [main] INFO  testCases.DataProducts.DataProductsTest.log - verifyDataProductCreation - Clicked on Data Products menu item
2026-06-11 16:38:22.308 [main] ERROR testCases.DataProducts.DataProductsTest.verifyDataProductCreation - Test failed due to exception: 
org.openqa.selenium.NoSuchWindowException: no such window: target window already closed
from unknown error: web view not found
  (Session info: chrome=149.0.7827.103)
Build info: version: '4.44.0', revision: 'da2039b'
System info: os.name: 'Windows 11', os.arch: 'amd64', os.version: '10.0', java.version: '22.0.2'
Driver info: org.openqa.selenium.chrome.ChromeDriver
Command: [464ede2616b9d3c12ae52e594e771454, findElement {using=css selector, value=motif-button[variant='primary']}]
Capabilities {acceptInsecureCerts: false, browserName: chrome, browserVersion: 149.0.7827.103, chrome: {chromedriverVersion: 149.0.7827.55 (3188f8a607ae..., userDataDir: C:\Users\LZ172CV\AppData\Lo...}, fedcm:accounts: true, goog:chromeOptions: {debuggerAddress: localhost:55060}, goog:processID: 23400, networkConnectionEnabled: false, pageLoadStrategy: normal, platformName: windows, proxy: Proxy(), se:cdp: ws://localhost:55060/devtoo..., se:cdpVersion: 149.0.7827.103, setWindowRect: true, strictFileInteractability: false, timeouts: {implicit: 0, pageLoad: 300000, script: 30000}, unhandledPromptBehavior: dismiss and notify, webauthn:extension:credBlob: true, webauthn:extension:largeBlob: true, webauthn:extension:minPinLength: true, webauthn:extension:prf: true, webauthn:virtualAuthenticators: true}
Session ID: 464ede2616b9d3c12ae52e594e771454
	at org.openqa.selenium.remote.ErrorCodec.decode(ErrorCodec.java:169)
	at org.openqa.selenium.remote.codec.w3c.W3CHttpResponseCodec.decode(W3CHttpResponseCodec.java:143)
	at org.openqa.selenium.remote.codec.w3c.W3CHttpResponseCodec.decode(W3CHttpResponseCodec.java:50)
	at org.openqa.selenium.remote.HttpCommandExecutor.execute(HttpCommandExecutor.java:224)
	at org.openqa.selenium.remote.service.DriverCommandExecutor.invokeExecute(DriverCommandExecutor.java:217)
	at org.openqa.selenium.remote.service.DriverCommandExecutor.execute(DriverCommandExecutor.java:175)
	at org.openqa.selenium.remote.RemoteWebDriver.execute(RemoteWebDriver.java:600)
	at org.openqa.selenium.remote.ElementLocation$ElementFinder$2.findElement(ElementLocation.java:173)
	at org.openqa.selenium.remote.ElementLocation.findElement(ElementLocation.java:60)
	at org.openqa.selenium.remote.RemoteWebDriver.findElement(RemoteWebDriver.java:421)
	at org.openqa.selenium.remote.RemoteWebDriver.findElement(RemoteWebDriver.java:415)
	at pageObjects.DataProducts.DataProductsPage.clickCreateDataProduct(DataProductsPage.java:46)
	at testCases.DataProducts.DataProductsTest.verifyDataProductCreation(DataProductsTest.java:28)
	at java.base/jdk.internal.reflect.DirectMethodHandleAccessor.invoke(DirectMethodHandleAccessor.java:103)
	at java.base/java.lang.reflect.Method.invoke(Method.java:580)
	at org.testng.internal.invokers.MethodInvocationHelper.invokeMethod(MethodInvocationHelper.java:141)
	at org.testng.internal.invokers.TestInvoker.invokeMethod(TestInvoker.java:686)
	at org.testng.internal.invokers.TestInvoker.invokeTestMethod(TestInvoker.java:230)
	at org.testng.internal.invokers.MethodRunner.runInSequence(MethodRunner.java:63)
	at org.testng.internal.invokers.TestInvoker$MethodInvocationAgent.invoke(TestInvoker.java:992)
	at org.testng.internal.invokers.TestInvoker.invokeTestMethods(TestInvoker.java:203)
	at org.testng.internal.invokers.TestMethodWorker.invokeTestMethods(TestMethodWorker.java:154)
	at org.testng.internal.invokers.TestMethodWorker.run(TestMethodWorker.java:134)
	at java.base/java.util.ArrayList.forEach(ArrayList.java:1597)
	at org.testng.TestRunner.privateRun(TestRunner.java:739)
	at org.testng.TestRunner.run(TestRunner.java:614)
	at org.testng.SuiteRunner.runTest(SuiteRunner.java:421)
	at org.testng.SuiteRunner.runSequentially(SuiteRunner.java:413)
	at org.testng.SuiteRunner.privateRun(SuiteRunner.java:373)
	at org.testng.SuiteRunner.run(SuiteRunner.java:312)
	at org.testng.SuiteRunnerWorker.runSuite(SuiteRunnerWorker.java:52)
	at org.testng.SuiteRunnerWorker.run(SuiteRunnerWorker.java:95)
	at org.testng.TestNG.runSuitesSequentially(TestNG.java:1274)
	at org.testng.TestNG.runSuitesLocally(TestNG.java:1208)
	at org.testng.TestNG.runSuites(TestNG.java:1112)
	at org.testng.TestNG.run(TestNG.java:1079)
	at com.intellij.rt.testng.IDEARemoteTestNG.run(IDEARemoteTestNG.java:65)
	at com.intellij.rt.testng.RemoteTestNGStarter.main(RemoteTestNGStarter.java:109)
2026-06-11 16:38:22.564 [main] ERROR testCases.DataProducts.DataProductsTest.verifyDataProductCreation - Test failed due to exception: 
org.openqa.selenium.NoSuchWindowException: no such window: target window already closed
from unknown error: web view not found
  (Session info: chrome=149.0.7827.103)
Build info: version: '4.44.0', revision: 'da2039b'
System info: os.name: 'Windows 11', os.arch: 'amd64', os.version: '10.0', java.version: '22.0.2'
Driver info: org.openqa.selenium.chrome.ChromeDriver
Command: [464ede2616b9d3c12ae52e594e771454, findElement {using=xpath, value=//motif-vertical-navigation-menu-item[@slot='verticalNavigationMenuElements']//span[@slot='verticalNavigationMenuItemElements'][normalize-space()='Data Products']}]
Capabilities {acceptInsecureCerts: false, browserName: chrome, browserVersion: 149.0.7827.103, chrome: {chromedriverVersion: 149.0.7827.55 (3188f8a607ae..., userDataDir: C:\Users\LZ172CV\AppData\Lo...}, fedcm:accounts: true, goog:chromeOptions: {debuggerAddress: localhost:55060}, goog:processID: 23400, networkConnectionEnabled: false, pageLoadStrategy: normal, platformName: windows, proxy: Proxy(), se:cdp: ws://localhost:55060/devtoo..., se:cdpVersion: 149.0.7827.103, setWindowRect: true, strictFileInteractability: false, timeouts: {implicit: 0, pageLoad: 300000, script: 30000}, unhandledPromptBehavior: dismiss and notify, webauthn:extension:credBlob: true, webauthn:extension:largeBlob: true, webauthn:extension:minPinLength: true, webauthn:extension:prf: true, webauthn:virtualAuthenticators: true}
Session ID: 464ede2616b9d3c12ae52e594e771454
	at org.openqa.selenium.remote.ErrorCodec.decode(ErrorCodec.java:169)
	at org.openqa.selenium.remote.codec.w3c.W3CHttpResponseCodec.decode(W3CHttpResponseCodec.java:143)
	at org.openqa.selenium.remote.codec.w3c.W3CHttpResponseCodec.decode(W3CHttpResponseCodec.java:50)
	at org.openqa.selenium.remote.HttpCommandExecutor.execute(HttpCommandExecutor.java:224)
	at org.openqa.selenium.remote.service.DriverCommandExecutor.invokeExecute(DriverCommandExecutor.java:217)
	at org.openqa.selenium.remote.service.DriverCommandExecutor.execute(DriverCommandExecutor.java:175)
	at org.openqa.selenium.remote.RemoteWebDriver.execute(RemoteWebDriver.java:600)
	at org.openqa.selenium.remote.ElementLocation$ElementFinder$2.findElement(ElementLocation.java:173)
	at org.openqa.selenium.remote.ElementLocation.findElement(ElementLocation.java:60)
	at org.openqa.selenium.remote.RemoteWebDriver.findElement(RemoteWebDriver.java:421)
	at org.openqa.selenium.remote.RemoteWebDriver.findElement(RemoteWebDriver.java:415)
	at org.openqa.selenium.support.pagefactory.DefaultElementLocator.findElement(DefaultElementLocator.java:69)
	at org.openqa.selenium.support.pagefactory.internal.LocatingElementHandler.invoke(LocatingElementHandler.java:38)
	at jdk.proxy2/jdk.proxy2.$Proxy30.toString(Unknown Source)
	at base.BasePage.waitForElement(BasePage.java:1313)
	at base.BasePage.clickOnElement1(BasePage.java:410)
	at pageObjects.DataProducts.DataProductsPage.clickDataProducts(DataProductsPage.java:37)
	at testCases.DataProducts.DataProductsTest.verifyDataProductCreation(DataProductsTest.java:25)
	at java.base/jdk.internal.reflect.DirectMethodHandleAccessor.invoke(DirectMethodHandleAccessor.java:103)
	at java.base/java.lang.reflect.Method.invoke(Method.java:580)
	at org.testng.internal.invokers.MethodInvocationHelper.invokeMethod(MethodInvocationHelper.java:141)
	at org.testng.internal.invokers.TestInvoker.invokeMethod(TestInvoker.java:686)
	at org.testng.internal.invokers.TestInvoker.retryFailed(TestInvoker.java:269)
	at org.testng.internal.invokers.MethodRunner.runInSequence(MethodRunner.java:76)
	at org.testng.internal.invokers.TestInvoker$MethodInvocationAgent.invoke(TestInvoker.java:992)
	at org.testng.internal.invokers.TestInvoker.invokeTestMethods(TestInvoker.java:203)
	at org.testng.internal.invokers.TestMethodWorker.invokeTestMethods(TestMethodWorker.java:154)
	at org.testng.internal.invokers.TestMethodWorker.run(TestMethodWorker.java:134)
	at java.base/java.util.ArrayList.forEach(ArrayList.java:1597)
	at org.testng.TestRunner.privateRun(TestRunner.java:739)
	at org.testng.TestRunner.run(TestRunner.java:614)
	at org.testng.SuiteRunner.runTest(SuiteRunner.java:421)
	at org.testng.SuiteRunner.runSequentially(SuiteRunner.java:413)
	at org.testng.SuiteRunner.privateRun(SuiteRunner.java:373)
	at org.testng.SuiteRunner.run(SuiteRunner.java:312)
	at org.testng.SuiteRunnerWorker.runSuite(SuiteRunnerWorker.java:52)
	at org.testng.SuiteRunnerWorker.run(SuiteRunnerWorker.java:95)
	at org.testng.TestNG.runSuitesSequentially(TestNG.java:1274)
	at org.testng.TestNG.runSuitesLocally(TestNG.java:1208)
	at org.testng.TestNG.runSuites(TestNG.java:1112)
	at org.testng.TestNG.run(TestNG.java:1079)
	at com.intellij.rt.testng.IDEARemoteTestNG.run(IDEARemoteTestNG.java:65)
	at com.intellij.rt.testng.RemoteTestNGStarter.main(RemoteTestNGStarter.java:109)
2026-06-11 16:52:18.389 [main] INFO  org.testng.internal.Utils.info - [TestNG] Running:
  C:\Vaibhav\Automation\TDG_HybridFramework\testng-suites\NewTestCasesSuite.xml

2026-06-11 16:52:18.877 [main] INFO  testCases.DataProducts.DataProductsTest.setup - >>======>>======>> Automation Engineer (SDET)- Vaibhav Chavan <<======<<======<<
2026-06-11 16:52:18.880 [main] INFO  testCases.DataProducts.DataProductsTest.setup - --test execution started--
2026-06-11 16:52:25.808 [main] INFO  testCases.DataProducts.DataProductsTest.log - setup - browser opened
2026-06-11 16:52:25.953 [main] INFO  testCases.DataProducts.DataProductsTest.log - setup - cookies deleted
2026-06-11 16:52:26.094 [main] INFO  testCases.DataProducts.DataProductsTest.log - setup - browser maximized
2026-06-11 16:52:26.130 [main] INFO  testCases.DataProducts.DataProductsTest.log - setup - implicit wait applied for 10 seconds
2026-06-11 16:52:27.363 [main] INFO  testCases.DataProducts.DataProductsTest.log - setup - provided app URL in browser
2026-06-11 16:52:33.526 [main] INFO  testCases.DataProducts.DataProductsTest.log - setup - provided email
2026-06-11 16:52:33.784 [main] INFO  testCases.DataProducts.DataProductsTest.log - setup - clicked on log in button
2026-06-11 16:52:36.081 [main] INFO  testCases.DataProducts.DataProductsTest.log - verifyDataProductCreation - Clicked on Data Products menu item
2026-06-11 16:52:36.294 [main] INFO  testCases.DataProducts.DataProductsTest.log - verifyDataProductCreation - Clicked on Create Data Product button
2026-06-11 16:52:38.990 [main] INFO  testCases.DataProducts.DataProductsTest.log - verifyDataProductCreation - Provided name for the new data product
2026-06-11 16:52:41.530 [main] INFO  testCases.DataProducts.DataProductsTest.log - verifyDataProductCreation - Selected Business Product Manager for the new data product
2026-06-11 16:52:43.871 [main] INFO  testCases.DataProducts.DataProductsTest.log - verifyDataProductCreation - Selected Region for the new data product
2026-06-11 16:52:46.904 [main] INFO  testCases.DataProducts.DataProductsTest.log - verifyDataProductCreation - Selected Data Type for the new data product
2026-06-11 16:52:49.378 [main] INFO  testCases.DataProducts.DataProductsTest.log - verifyDataProductCreation - Provided Business Value Statement for the new data product
2026-06-11 16:52:49.485 [main] INFO  testCases.DataProducts.DataProductsTest.log - verifyDataProductCreation - Clicked on Save and Next button to create the data product
2026-06-11 16:52:52.030 [main] INFO  testCases.DataProducts.DataProductsTest.log - verifyDataProductCreation - Clicked on Save and Next button to save Enabling Data Storage details
2026-06-11 16:52:54.935 [main] INFO  testCases.DataProducts.DataProductsTest.log - verifyDataProductCreation - Selected Green Lane for the new data product
2026-06-11 16:52:57.137 [main] INFO  testCases.DataProducts.DataProductsTest.log - verifyDataProductCreation - Selected Access for the new data product
2026-06-11 16:52:59.354 [main] INFO  testCases.DataProducts.DataProductsTest.log - verifyDataProductCreation - Selected Restricted to Super Region for the new data product
2026-06-11 16:53:01.483 [main] INFO  testCases.DataProducts.DataProductsTest.log - verifyDataProductCreation - Selected Restricted to Service Line for the new data product
2026-06-11 16:53:03.700 [main] INFO  testCases.DataProducts.DataProductsTest.log - verifyDataProductCreation - Selected Restricted to Domain for the new data product
2026-06-11 16:53:05.902 [main] INFO  testCases.DataProducts.DataProductsTest.log - verifyDataProductCreation - Selected Content Jurisdiction for the new data product
2026-06-11 16:53:08.121 [main] INFO  testCases.DataProducts.DataProductsTest.log - verifyDataProductCreation - Selected Storage Jurisdiction for the new data product
2026-06-11 16:53:10.397 [main] INFO  testCases.DataProducts.DataProductsTest.log - verifyDataProductCreation - Selected Permitted Use Cases for the new data product
2026-06-11 16:53:33.964 [main] INFO  testCases.DataProducts.DataProductsTest.log - verifyDataProductCreation - Clicked on Save and Next button to save Enabling Data Product and Governance details
2026-06-11 17:14:08.371 [main] INFO  testCases.DataProducts.DataProductsTest.log - verifyDataProductCreation - Selected Source Type per System for the new data product
2026-06-11 17:14:53.181 [main] INFO  org.testng.internal.Utils.info - [TestNG] Running:
  C:\Vaibhav\Automation\TDG_HybridFramework\testng-suites\NewTestCasesSuite.xml

2026-06-11 17:14:53.545 [main] INFO  testCases.DataProducts.DataProductsTest.setup - >>======>>======>> Automation Engineer (SDET)- Vaibhav Chavan <<======<<======<<
2026-06-11 17:14:53.546 [main] INFO  testCases.DataProducts.DataProductsTest.setup - --test execution started--
2026-06-11 17:15:00.703 [main] INFO  testCases.DataProducts.DataProductsTest.log - setup - browser opened
2026-06-11 17:15:00.721 [main] INFO  testCases.DataProducts.DataProductsTest.log - setup - cookies deleted
2026-06-11 17:15:00.785 [main] INFO  testCases.DataProducts.DataProductsTest.log - setup - browser maximized
2026-06-11 17:15:00.810 [main] INFO  testCases.DataProducts.DataProductsTest.log - setup - implicit wait applied for 10 seconds
2026-06-11 17:15:06.154 [main] INFO  testCases.DataProducts.DataProductsTest.log - setup - provided app URL in browser
2026-06-11 17:15:08.565 [main] INFO  testCases.DataProducts.DataProductsTest.log - setup - provided email
2026-06-11 17:15:09.042 [main] INFO  testCases.DataProducts.DataProductsTest.log - setup - clicked on log in button
2026-06-11 17:15:11.319 [main] INFO  testCases.DataProducts.DataProductsTest.log - verifyDataProductCreation - Clicked on Data Products menu item
2026-06-11 17:15:11.517 [main] INFO  testCases.DataProducts.DataProductsTest.log - verifyDataProductCreation - Clicked on Create Data Product button
2026-06-11 17:15:14.816 [main] INFO  testCases.DataProducts.DataProductsTest.log - verifyDataProductCreation - Provided name for the new data product
2026-06-11 17:15:19.077 [main] INFO  testCases.DataProducts.DataProductsTest.log - verifyDataProductCreation - Selected Business Product Manager for the new data product
2026-06-11 17:15:21.562 [main] INFO  testCases.DataProducts.DataProductsTest.log - verifyDataProductCreation - Selected Region for the new data product
2026-06-11 17:15:24.320 [main] INFO  testCases.DataProducts.DataProductsTest.log - verifyDataProductCreation - Selected Data Type for the new data product
2026-06-11 17:15:26.633 [main] INFO  testCases.DataProducts.DataProductsTest.log - verifyDataProductCreation - Provided Business Value Statement for the new data product
2026-06-11 17:15:26.782 [main] INFO  testCases.DataProducts.DataProductsTest.log - verifyDataProductCreation - Clicked on Save and Next button to create the data product
2026-06-11 17:15:29.353 [main] INFO  testCases.DataProducts.DataProductsTest.log - verifyDataProductCreation - Clicked on Save and Next button to save Enabling Data Storage details
2026-06-11 17:15:32.470 [main] INFO  testCases.DataProducts.DataProductsTest.log - verifyDataProductCreation - Selected Green Lane for the new data product
2026-06-11 17:15:34.678 [main] INFO  testCases.DataProducts.DataProductsTest.log - verifyDataProductCreation - Selected Access for the new data product
2026-06-11 17:15:36.871 [main] INFO  testCases.DataProducts.DataProductsTest.log - verifyDataProductCreation - Selected Restricted to Super Region for the new data product
2026-06-11 17:15:39.051 [main] INFO  testCases.DataProducts.DataProductsTest.log - verifyDataProductCreation - Selected Restricted to Service Line for the new data product
2026-06-11 17:15:41.195 [main] INFO  testCases.DataProducts.DataProductsTest.log - verifyDataProductCreation - Selected Restricted to Domain for the new data product
2026-06-11 17:15:43.411 [main] INFO  testCases.DataProducts.DataProductsTest.log - verifyDataProductCreation - Selected Content Jurisdiction for the new data product
2026-06-11 17:15:45.624 [main] INFO  testCases.DataProducts.DataProductsTest.log - verifyDataProductCreation - Selected Storage Jurisdiction for the new data product
2026-06-11 17:15:47.874 [main] INFO  testCases.DataProducts.DataProductsTest.log - verifyDataProductCreation - Selected Permitted Use Cases for the new data product
2026-06-11 17:15:47.957 [main] INFO  testCases.DataProducts.DataProductsTest.log - verifyDataProductCreation - Clicked on Save and Next button to save Enabling Data Product and Governance details
2026-06-11 18:29:14.445 [main] ERROR testCases.DataProducts.DataProductsTest.verifyDataProductCreation - Test failed due to exception: 
org.openqa.selenium.NoSuchElementException: no such element: Unable to locate element: {"method":"css selector","selector":"motif-select[class='hydrated'][label='Source System']"}
  (Session info: chrome=149.0.7827.103)
For documentation on this error, please visit: https://www.selenium.dev/documentation/webdriver/troubleshooting/errors#nosuchelementexception
Build info: version: '4.44.0', revision: 'da2039b'
System info: os.name: 'Windows 11', os.arch: 'amd64', os.version: '10.0', java.version: '22.0.2'
Driver info: org.openqa.selenium.chrome.ChromeDriver
Command: [941159ccf70ac2da8c784d55ee0cef91, findElement {using=css selector, value=motif-select[class='hydrated'][label='Source System']}]
Capabilities {acceptInsecureCerts: false, browserName: chrome, browserVersion: 149.0.7827.103, chrome: {chromedriverVersion: 149.0.7827.55 (3188f8a607ae..., userDataDir: C:\Users\LZ172CV\AppData\Lo...}, fedcm:accounts: true, goog:chromeOptions: {debuggerAddress: localhost:49633}, goog:processID: 19104, networkConnectionEnabled: false, pageLoadStrategy: normal, platformName: windows, proxy: Proxy(), se:cdp: ws://localhost:49633/devtoo..., se:cdpVersion: 149.0.7827.103, setWindowRect: true, strictFileInteractability: false, timeouts: {implicit: 0, pageLoad: 300000, script: 30000}, unhandledPromptBehavior: dismiss and notify, webauthn:extension:credBlob: true, webauthn:extension:largeBlob: true, webauthn:extension:minPinLength: true, webauthn:extension:prf: true, webauthn:virtualAuthenticators: true}
Session ID: 941159ccf70ac2da8c784d55ee0cef91
	at org.openqa.selenium.remote.ErrorCodec.decode(ErrorCodec.java:169)
	at org.openqa.selenium.remote.codec.w3c.W3CHttpResponseCodec.decode(W3CHttpResponseCodec.java:143)
	at org.openqa.selenium.remote.codec.w3c.W3CHttpResponseCodec.decode(W3CHttpResponseCodec.java:50)
	at org.openqa.selenium.remote.HttpCommandExecutor.execute(HttpCommandExecutor.java:224)
	at org.openqa.selenium.remote.service.DriverCommandExecutor.invokeExecute(DriverCommandExecutor.java:217)
	at org.openqa.selenium.remote.service.DriverCommandExecutor.execute(DriverCommandExecutor.java:175)
	at org.openqa.selenium.remote.RemoteWebDriver.execute(RemoteWebDriver.java:600)
	at org.openqa.selenium.remote.ElementLocation$ElementFinder$2.findElement(ElementLocation.java:173)
	at org.openqa.selenium.remote.ElementLocation.findElement(ElementLocation.java:60)
	at org.openqa.selenium.remote.RemoteWebDriver.findElement(RemoteWebDriver.java:421)
	at org.openqa.selenium.remote.RemoteWebDriver.findElement(RemoteWebDriver.java:415)
	at utilities.ShadowDomUtils.getShadowRoot(ShadowDomUtils.java:20)
	at base.BasePage.selectOption2(BasePage.java:569)
	at pageObjects.DataProducts.DataProductsPage.selectSourceSystem(DataProductsPage.java:218)
	at testCases.DataProducts.DataProductsTest.verifyDataProductCreation(DataProductsTest.java:119)
	at java.base/jdk.internal.reflect.DirectMethodHandleAccessor.invoke(DirectMethodHandleAccessor.java:103)
	at java.base/java.lang.reflect.Method.invoke(Method.java:580)
	at org.testng.internal.invokers.MethodInvocationHelper.invokeMethod(MethodInvocationHelper.java:141)
	at org.testng.internal.invokers.TestInvoker.invokeMethod(TestInvoker.java:686)
	at org.testng.internal.invokers.TestInvoker.invokeTestMethod(TestInvoker.java:230)
	at org.testng.internal.invokers.MethodRunner.runInSequence(MethodRunner.java:63)
	at org.testng.internal.invokers.TestInvoker$MethodInvocationAgent.invoke(TestInvoker.java:992)
	at org.testng.internal.invokers.TestInvoker.invokeTestMethods(TestInvoker.java:203)
	at org.testng.internal.invokers.TestMethodWorker.invokeTestMethods(TestMethodWorker.java:154)
	at org.testng.internal.invokers.TestMethodWorker.run(TestMethodWorker.java:134)
	at java.base/java.util.ArrayList.forEach(ArrayList.java:1597)
	at org.testng.TestRunner.privateRun(TestRunner.java:739)
	at org.testng.TestRunner.run(TestRunner.java:614)
	at org.testng.SuiteRunner.runTest(SuiteRunner.java:421)
	at org.testng.SuiteRunner.runSequentially(SuiteRunner.java:413)
	at org.testng.SuiteRunner.privateRun(SuiteRunner.java:373)
	at org.testng.SuiteRunner.run(SuiteRunner.java:312)
	at org.testng.SuiteRunnerWorker.runSuite(SuiteRunnerWorker.java:52)
	at org.testng.SuiteRunnerWorker.run(SuiteRunnerWorker.java:95)
	at org.testng.TestNG.runSuitesSequentially(TestNG.java:1274)
	at org.testng.TestNG.runSuitesLocally(TestNG.java:1208)
	at org.testng.TestNG.runSuites(TestNG.java:1112)
	at org.testng.TestNG.run(TestNG.java:1079)
	at com.intellij.rt.testng.IDEARemoteTestNG.run(IDEARemoteTestNG.java:65)
	at com.intellij.rt.testng.RemoteTestNGStarter.main(RemoteTestNGStarter.java:109)
2026-06-11 18:29:31.817 [main] INFO  org.testng.internal.Utils.info - [TestNG] Running:
  C:\Vaibhav\Automation\TDG_HybridFramework\testng-suites\NewTestCasesSuite.xml

2026-06-11 18:29:32.295 [main] INFO  testCases.DataProducts.DataProductsTest.setup - >>======>>======>> Automation Engineer (SDET)- Vaibhav Chavan <<======<<======<<
2026-06-11 18:29:32.296 [main] INFO  testCases.DataProducts.DataProductsTest.setup - --test execution started--
2026-06-11 18:29:39.289 [main] INFO  testCases.DataProducts.DataProductsTest.log - setup - browser opened
2026-06-11 18:29:39.829 [main] INFO  testCases.DataProducts.DataProductsTest.log - setup - cookies deleted
2026-06-11 18:29:39.908 [main] INFO  testCases.DataProducts.DataProductsTest.log - setup - browser maximized
2026-06-11 18:29:39.922 [main] INFO  testCases.DataProducts.DataProductsTest.log - setup - implicit wait applied for 10 seconds
2026-06-11 18:29:41.568 [main] INFO  testCases.DataProducts.DataProductsTest.log - setup - provided app URL in browser
2026-06-11 18:29:49.218 [main] INFO  testCases.DataProducts.DataProductsTest.log - setup - provided email
2026-06-11 18:29:49.511 [main] INFO  testCases.DataProducts.DataProductsTest.log - setup - clicked on log in button
2026-06-11 18:29:51.975 [main] INFO  testCases.DataProducts.DataProductsTest.log - verifyDataProductCreation - Clicked on Data Products menu item
2026-06-11 18:29:52.317 [main] INFO  testCases.DataProducts.DataProductsTest.log - verifyDataProductCreation - Clicked on Create Data Product button
2026-06-11 18:29:55.243 [main] INFO  testCases.DataProducts.DataProductsTest.log - verifyDataProductCreation - Provided name for the new data product
2026-06-11 18:29:57.504 [main] INFO  testCases.DataProducts.DataProductsTest.log - verifyDataProductCreation - Selected Business Product Manager for the new data product
2026-06-11 18:29:59.896 [main] INFO  testCases.DataProducts.DataProductsTest.log - verifyDataProductCreation - Selected Region for the new data product
2026-06-11 18:30:02.662 [main] INFO  testCases.DataProducts.DataProductsTest.log - verifyDataProductCreation - Selected Data Type for the new data product
2026-06-11 18:30:05.020 [main] INFO  testCases.DataProducts.DataProductsTest.log - verifyDataProductCreation - Provided Business Value Statement for the new data product
2026-06-11 18:30:05.115 [main] INFO  testCases.DataProducts.DataProductsTest.log - verifyDataProductCreation - Clicked on Save and Next button to create the data product
2026-06-11 18:30:07.708 [main] INFO  testCases.DataProducts.DataProductsTest.log - verifyDataProductCreation - Clicked on Save and Next button to save Enabling Data Storage details
2026-06-11 18:30:10.650 [main] INFO  testCases.DataProducts.DataProductsTest.log - verifyDataProductCreation - Selected Green Lane for the new data product
2026-06-11 18:30:12.923 [main] INFO  testCases.DataProducts.DataProductsTest.log - verifyDataProductCreation - Selected Access for the new data product
2026-06-11 18:30:15.132 [main] INFO  testCases.DataProducts.DataProductsTest.log - verifyDataProductCreation - Selected Restricted to Super Region for the new data product
2026-06-11 18:30:17.322 [main] INFO  testCases.DataProducts.DataProductsTest.log - verifyDataProductCreation - Selected Restricted to Service Line for the new data product
2026-06-11 18:30:19.478 [main] INFO  testCases.DataProducts.DataProductsTest.log - verifyDataProductCreation - Selected Restricted to Domain for the new data product
2026-06-11 18:30:21.653 [main] INFO  testCases.DataProducts.DataProductsTest.log - verifyDataProductCreation - Selected Content Jurisdiction for the new data product
2026-06-11 18:30:23.850 [main] INFO  testCases.DataProducts.DataProductsTest.log - verifyDataProductCreation - Selected Storage Jurisdiction for the new data product
2026-06-11 18:30:26.539 [main] INFO  testCases.DataProducts.DataProductsTest.log - verifyDataProductCreation - Selected Permitted Use Cases for the new data product
2026-06-11 18:30:26.620 [main] INFO  testCases.DataProducts.DataProductsTest.log - verifyDataProductCreation - Clicked on Save and Next button to save Enabling Data Product and Governance details
2026-06-11 18:30:53.940 [main] INFO  testCases.DataProducts.DataProductsTest.log - verifyDataProductCreation - Selected Source System for the new data product
2026-06-11 18:31:01.712 [main] INFO  testCases.DataProducts.DataProductsTest.log - verifyDataProductCreation - Selected Source Type per System for the new data product
2026-06-11 18:31:21.559 [main] INFO  testCases.DataProducts.DataProductsTest.log - verifyDataProductCreation - Clicked on Save and Next button to save Data Product Usage details
2026-06-15 17:46:24.624 [main] INFO  org.testng.internal.Utils.info - [TestNG] Running:
  C:\Vaibhav\Automation\TDG_HybridFramework\testng-suites\NewTestCasesSuite.xml

2026-06-15 17:46:25.199 [main] INFO  testCases.DataProducts.DataProductsTest.setup - >>======>>======>> Automation Engineer (SDET)- Vaibhav Chavan <<======<<======<<
2026-06-15 17:46:25.199 [main] INFO  testCases.DataProducts.DataProductsTest.setup - --test execution started--
2026-06-15 17:46:44.025 [main] INFO  testCases.DataProducts.DataProductsTest.log - setup - browser opened
2026-06-15 17:46:44.052 [main] INFO  testCases.DataProducts.DataProductsTest.log - setup - cookies deleted
2026-06-15 17:46:44.079 [main] INFO  testCases.DataProducts.DataProductsTest.log - setup - browser maximized
2026-06-15 17:46:44.096 [main] INFO  testCases.DataProducts.DataProductsTest.log - setup - implicit wait applied for 10 seconds
2026-06-15 17:46:49.246 [main] INFO  testCases.DataProducts.DataProductsTest.log - setup - provided app URL in browser
2026-06-15 17:46:51.817 [main] INFO  testCases.DataProducts.DataProductsTest.log - setup - provided email
2026-06-15 17:46:52.163 [main] INFO  testCases.DataProducts.DataProductsTest.log - setup - clicked on log in button
2026-06-15 17:46:55.057 [main] INFO  testCases.DataProducts.DataProductsTest.log - verifyDataProductCreation - Clicked on Data Products menu item
2026-06-15 17:46:55.758 [main] INFO  testCases.DataProducts.DataProductsTest.log - verifyDataProductCreation - Clicked on Create Data Product button
2026-06-15 17:46:58.628 [main] INFO  testCases.DataProducts.DataProductsTest.log - verifyDataProductCreation - Provided name for the new data product
2026-06-15 17:47:01.031 [main] INFO  testCases.DataProducts.DataProductsTest.log - verifyDataProductCreation - Selected Business Product Manager for the new data product
2026-06-15 17:47:03.606 [main] INFO  testCases.DataProducts.DataProductsTest.log - verifyDataProductCreation - Selected Region for the new data product
2026-06-15 17:47:06.022 [main] INFO  testCases.DataProducts.DataProductsTest.log - verifyDataProductCreation - Selected Data Type for the new data product
2026-06-15 17:47:08.490 [main] INFO  testCases.DataProducts.DataProductsTest.log - verifyDataProductCreation - Provided Business Value Statement for the new data product
2026-06-15 17:47:08.587 [main] INFO  testCases.DataProducts.DataProductsTest.log - verifyDataProductCreation - Clicked on Save and Next button to create the data product
2026-06-15 17:47:13.392 [main] INFO  testCases.DataProducts.DataProductsTest.log - verifyDataProductCreation - Clicked on Save and Next button to save Enabling Data Storage details
2026-06-15 17:47:16.739 [main] INFO  testCases.DataProducts.DataProductsTest.log - verifyDataProductCreation - Selected Green Lane for the new data product
2026-06-15 17:47:18.998 [main] INFO  testCases.DataProducts.DataProductsTest.log - verifyDataProductCreation - Selected Access for the new data product
2026-06-15 17:47:21.277 [main] INFO  testCases.DataProducts.DataProductsTest.log - verifyDataProductCreation - Selected Restricted to Super Region for the new data product
2026-06-15 17:47:23.455 [main] INFO  testCases.DataProducts.DataProductsTest.log - verifyDataProductCreation - Selected Restricted to Service Line for the new data product
2026-06-15 17:47:25.640 [main] INFO  testCases.DataProducts.DataProductsTest.log - verifyDataProductCreation - Selected Restricted to Domain for the new data product
2026-06-15 17:47:27.882 [main] INFO  testCases.DataProducts.DataProductsTest.log - verifyDataProductCreation - Selected Content Jurisdiction for the new data product
2026-06-15 17:47:30.134 [main] INFO  testCases.DataProducts.DataProductsTest.log - verifyDataProductCreation - Selected Storage Jurisdiction for the new data product
2026-06-15 17:47:32.440 [main] INFO  testCases.DataProducts.DataProductsTest.log - verifyDataProductCreation - Selected Permitted Use Cases for the new data product
2026-06-15 17:47:32.614 [main] INFO  testCases.DataProducts.DataProductsTest.log - verifyDataProductCreation - Clicked on Save and Next button to save Enabling Data Product and Governance details
2026-06-15 17:47:39.101 [main] INFO  testCases.DataProducts.DataProductsTest.log - verifyDataProductCreation - Selected Source System for the new data product
2026-06-15 17:47:41.296 [main] INFO  testCases.DataProducts.DataProductsTest.log - verifyDataProductCreation - Selected Source Type per System for the new data product
2026-06-15 17:47:41.393 [main] INFO  testCases.DataProducts.DataProductsTest.log - verifyDataProductCreation - Clicked on Save and Next button to save Data Product Usage details
2026-06-15 17:47:41.855 [main] INFO  testCases.DataProducts.DataProductsTest.log - verifyDataProductCreation - Clicked on Send for Approval button to send the new data product for approval
2026-06-15 17:47:43.772 [main] INFO  testCases.DataProducts.DataProductsTest.log - verifyDataProductCreation - Clicked on Data Products menu item
2026-06-15 17:47:43.918 [main] INFO  testCases.DataProducts.DataProductsTest.log - verifyDataProductCreation - Clicked on Create Data Product button
2026-06-15 17:47:46.405 [main] INFO  testCases.DataProducts.DataProductsTest.log - verifyDataProductCreation - Provided name for the new data product
2026-06-15 17:47:48.619 [main] INFO  testCases.DataProducts.DataProductsTest.log - verifyDataProductCreation - Selected Business Product Manager for the new data product
2026-06-15 17:47:50.838 [main] INFO  testCases.DataProducts.DataProductsTest.log - verifyDataProductCreation - Selected Region for the new data product
2026-06-15 17:47:53.000 [main] INFO  testCases.DataProducts.DataProductsTest.log - verifyDataProductCreation - Selected Data Type for the new data product
2026-06-15 17:47:55.320 [main] INFO  testCases.DataProducts.DataProductsTest.log - verifyDataProductCreation - Provided Business Value Statement for the new data product
2026-06-15 17:47:55.446 [main] INFO  testCases.DataProducts.DataProductsTest.log - verifyDataProductCreation - Clicked on Save and Next button to create the data product
2026-06-15 17:47:57.928 [main] INFO  testCases.DataProducts.DataProductsTest.log - verifyDataProductCreation - Clicked on Save and Next button to save Enabling Data Storage details
2026-06-15 17:48:10.615 [main] ERROR testCases.DataProducts.DataProductsTest.verifyDataProductCreation - Test failed due to exception: 
org.openqa.selenium.NoSuchElementException: no such element: Unable to locate element: {"method":"xpath","selector":"//input[contains(@aria-label,'Green lane (Not mandatory)')]"}
  (Session info: chrome=149.0.7827.115)
For documentation on this error, please visit: https://www.selenium.dev/documentation/webdriver/troubleshooting/errors#nosuchelementexception
Build info: version: '4.44.0', revision: 'da2039b'
System info: os.name: 'Windows 11', os.arch: 'amd64', os.version: '10.0', java.version: '22.0.2'
Driver info: org.openqa.selenium.chrome.ChromeDriver
Command: [82ae151d86d7d6f02c7425be054126d6, findElement {value=//input[contains(@aria-label,'Green lane (Not mandatory)')], using=xpath}]
Capabilities {acceptInsecureCerts: false, browserName: chrome, browserVersion: 149.0.7827.115, chrome: {chromedriverVersion: 149.0.7827.115 (daf70f9ddee..., userDataDir: C:\Users\LZ172CV\AppData\Lo...}, fedcm:accounts: true, goog:chromeOptions: {debuggerAddress: localhost:58088}, goog:processID: 19356, networkConnectionEnabled: false, pageLoadStrategy: normal, platformName: windows, proxy: Proxy(), se:cdp: ws://localhost:58088/devtoo..., se:cdpVersion: 149.0.7827.115, setWindowRect: true, strictFileInteractability: false, timeouts: {implicit: 0, pageLoad: 300000, script: 30000}, unhandledPromptBehavior: dismiss and notify, webauthn:extension:credBlob: true, webauthn:extension:largeBlob: true, webauthn:extension:minPinLength: true, webauthn:extension:prf: true, webauthn:virtualAuthenticators: true}
Session ID: 82ae151d86d7d6f02c7425be054126d6
	at org.openqa.selenium.remote.ErrorCodec.decode(ErrorCodec.java:169)
	at org.openqa.selenium.remote.codec.w3c.W3CHttpResponseCodec.decode(W3CHttpResponseCodec.java:143)
	at org.openqa.selenium.remote.codec.w3c.W3CHttpResponseCodec.decode(W3CHttpResponseCodec.java:50)
	at org.openqa.selenium.remote.HttpCommandExecutor.execute(HttpCommandExecutor.java:224)
	at org.openqa.selenium.remote.service.DriverCommandExecutor.invokeExecute(DriverCommandExecutor.java:217)
	at org.openqa.selenium.remote.service.DriverCommandExecutor.execute(DriverCommandExecutor.java:175)
	at org.openqa.selenium.remote.RemoteWebDriver.execute(RemoteWebDriver.java:600)
	at org.openqa.selenium.remote.ElementLocation$ElementFinder$2.findElement(ElementLocation.java:173)
	at org.openqa.selenium.remote.ElementLocation.findElement(ElementLocation.java:60)
	at org.openqa.selenium.remote.RemoteWebDriver.findElement(RemoteWebDriver.java:421)
	at org.openqa.selenium.remote.RemoteWebDriver.findElement(RemoteWebDriver.java:415)
	at org.openqa.selenium.support.pagefactory.DefaultElementLocator.findElement(DefaultElementLocator.java:69)
	at org.openqa.selenium.support.pagefactory.internal.LocatingElementHandler.invoke(LocatingElementHandler.java:38)
	at jdk.proxy2/jdk.proxy2.$Proxy30.sendKeys(Unknown Source)
	at base.BasePage.clearAndProvide1(BasePage.java:649)
	at pageObjects.DataProducts.DataProductsPage.selectGreenLane(DataProductsPage.java:147)
	at testCases.DataProducts.DataProductsTest.verifyDataProductCreation(DataProductsTest.java:85)
	at java.base/jdk.internal.reflect.DirectMethodHandleAccessor.invoke(DirectMethodHandleAccessor.java:103)
	at java.base/java.lang.reflect.Method.invoke(Method.java:580)
	at org.testng.internal.invokers.MethodInvocationHelper.invokeMethod(MethodInvocationHelper.java:141)
	at org.testng.internal.invokers.TestInvoker.invokeMethod(TestInvoker.java:686)
	at org.testng.internal.invokers.TestInvoker.retryFailed(TestInvoker.java:269)
	at org.testng.internal.invokers.MethodRunner.runInSequence(MethodRunner.java:76)
	at org.testng.internal.invokers.TestInvoker$MethodInvocationAgent.invoke(TestInvoker.java:992)
	at org.testng.internal.invokers.TestInvoker.invokeTestMethods(TestInvoker.java:203)
	at org.testng.internal.invokers.TestMethodWorker.invokeTestMethods(TestMethodWorker.java:154)
	at org.testng.internal.invokers.TestMethodWorker.run(TestMethodWorker.java:134)
	at java.base/java.util.ArrayList.forEach(ArrayList.java:1597)
	at org.testng.TestRunner.privateRun(TestRunner.java:739)
	at org.testng.TestRunner.run(TestRunner.java:614)
	at org.testng.SuiteRunner.runTest(SuiteRunner.java:421)
	at org.testng.SuiteRunner.runSequentially(SuiteRunner.java:413)
	at org.testng.SuiteRunner.privateRun(SuiteRunner.java:373)
	at org.testng.SuiteRunner.run(SuiteRunner.java:312)
	at org.testng.SuiteRunnerWorker.runSuite(SuiteRunnerWorker.java:52)
	at org.testng.SuiteRunnerWorker.run(SuiteRunnerWorker.java:95)
	at org.testng.TestNG.runSuitesSequentially(TestNG.java:1274)
	at org.testng.TestNG.runSuitesLocally(TestNG.java:1208)
	at org.testng.TestNG.runSuites(TestNG.java:1112)
	at org.testng.TestNG.run(TestNG.java:1079)
	at com.intellij.rt.testng.IDEARemoteTestNG.run(IDEARemoteTestNG.java:65)
	at com.intellij.rt.testng.RemoteTestNGStarter.main(RemoteTestNGStarter.java:109)
2026-06-15 17:50:48.644 [main] INFO  org.testng.internal.Utils.info - [TestNG] Running:
  C:\Vaibhav\Automation\TDG_HybridFramework\testng-suites\NewTestCasesSuite.xml

2026-06-15 17:50:48.963 [main] INFO  testCases.DataProducts.DataProductsTest.setup - >>======>>======>> Automation Engineer (SDET)- Vaibhav Chavan <<======<<======<<
2026-06-15 17:50:48.963 [main] INFO  testCases.DataProducts.DataProductsTest.setup - --test execution started--
2026-06-15 17:50:55.094 [main] INFO  testCases.DataProducts.DataProductsTest.log - setup - browser opened
2026-06-15 17:50:55.119 [main] INFO  testCases.DataProducts.DataProductsTest.log - setup - cookies deleted
2026-06-15 17:50:55.173 [main] INFO  testCases.DataProducts.DataProductsTest.log - setup - browser maximized
2026-06-15 17:50:55.184 [main] INFO  testCases.DataProducts.DataProductsTest.log - setup - implicit wait applied for 10 seconds
2026-06-15 17:51:00.325 [main] INFO  testCases.DataProducts.DataProductsTest.log - setup - provided app URL in browser
2026-06-15 17:51:02.959 [main] INFO  testCases.DataProducts.DataProductsTest.log - setup - provided email
2026-06-15 17:51:03.175 [main] INFO  testCases.DataProducts.DataProductsTest.log - setup - clicked on log in button
2026-06-15 17:51:05.479 [main] INFO  testCases.DataProducts.DataProductsTest.log - verifyDataProductCreation - Clicked on Data Products menu item
2026-06-15 17:51:05.717 [main] INFO  testCases.DataProducts.DataProductsTest.log - verifyDataProductCreation - Clicked on Create Data Product button
2026-06-15 17:51:08.135 [main] INFO  testCases.DataProducts.DataProductsTest.log - verifyDataProductCreation - Provided name for the new data product
2026-06-15 17:51:10.592 [main] INFO  testCases.DataProducts.DataProductsTest.log - verifyDataProductCreation - Selected Business Product Manager for the new data product
2026-06-15 17:51:12.846 [main] INFO  testCases.DataProducts.DataProductsTest.log - verifyDataProductCreation - Selected Region for the new data product
2026-06-15 17:51:15.132 [main] INFO  testCases.DataProducts.DataProductsTest.log - verifyDataProductCreation - Selected Data Type for the new data product
2026-06-15 17:51:17.754 [main] INFO  testCases.DataProducts.DataProductsTest.log - verifyDataProductCreation - Provided Business Value Statement for the new data product
2026-06-15 17:51:17.900 [main] INFO  testCases.DataProducts.DataProductsTest.log - verifyDataProductCreation - Clicked on Save and Next button to create the data product
2026-06-15 17:51:20.536 [main] INFO  testCases.DataProducts.DataProductsTest.log - verifyDataProductCreation - Clicked on Save and Next button to save Enabling Data Storage details
2026-06-15 17:51:23.442 [main] INFO  testCases.DataProducts.DataProductsTest.log - verifyDataProductCreation - Selected Green Lane for the new data product
2026-06-15 17:51:25.647 [main] INFO  testCases.DataProducts.DataProductsTest.log - verifyDataProductCreation - Selected Access for the new data product
2026-06-15 17:51:27.868 [main] INFO  testCases.DataProducts.DataProductsTest.log - verifyDataProductCreation - Selected Restricted to Super Region for the new data product
2026-06-15 17:51:30.017 [main] INFO  testCases.DataProducts.DataProductsTest.log - verifyDataProductCreation - Selected Restricted to Service Line for the new data product
2026-06-15 17:51:32.207 [main] INFO  testCases.DataProducts.DataProductsTest.log - verifyDataProductCreation - Selected Restricted to Domain for the new data product
2026-06-15 17:51:34.376 [main] INFO  testCases.DataProducts.DataProductsTest.log - verifyDataProductCreation - Selected Content Jurisdiction for the new data product
2026-06-15 17:51:36.552 [main] INFO  testCases.DataProducts.DataProductsTest.log - verifyDataProductCreation - Selected Storage Jurisdiction for the new data product
2026-06-15 17:51:38.866 [main] INFO  testCases.DataProducts.DataProductsTest.log - verifyDataProductCreation - Selected Permitted Use Cases for the new data product
2026-06-15 17:51:39.031 [main] INFO  testCases.DataProducts.DataProductsTest.log - verifyDataProductCreation - Clicked on Save and Next button to save Enabling Data Product and Governance details
2026-06-15 17:51:43.582 [main] INFO  testCases.DataProducts.DataProductsTest.log - verifyDataProductCreation - Selected Source System for the new data product
2026-06-15 17:51:45.739 [main] INFO  testCases.DataProducts.DataProductsTest.log - verifyDataProductCreation - Selected Source Type per System for the new data product
2026-06-15 17:51:45.831 [main] INFO  testCases.DataProducts.DataProductsTest.log - verifyDataProductCreation - Clicked on Save and Next button to save Data Product Usage details
2026-06-15 17:51:46.290 [main] INFO  testCases.DataProducts.DataProductsTest.log - verifyDataProductCreation - Clicked on Send for Approval button to send the new data product for approval
2026-06-15 17:58:41.229 [main] INFO  org.testng.internal.Utils.info - [TestNG] Running:
  C:\Vaibhav\Automation\TDG_HybridFramework\testng-suites\NewTestCasesSuite.xml

2026-06-15 17:58:41.681 [main] INFO  testCases.DataProducts.DataProductsTest.setup - >>======>>======>> Automation Engineer (SDET)- Vaibhav Chavan <<======<<======<<
2026-06-15 17:58:41.682 [main] INFO  testCases.DataProducts.DataProductsTest.setup - --test execution started--
2026-06-15 17:58:48.751 [main] INFO  testCases.DataProducts.DataProductsTest.log - setup - browser opened
2026-06-15 17:58:48.776 [main] INFO  testCases.DataProducts.DataProductsTest.log - setup - cookies deleted
2026-06-15 17:58:48.807 [main] INFO  testCases.DataProducts.DataProductsTest.log - setup - browser maximized
2026-06-15 17:58:48.815 [main] INFO  testCases.DataProducts.DataProductsTest.log - setup - implicit wait applied for 10 seconds
2026-06-15 17:58:50.319 [main] INFO  testCases.DataProducts.DataProductsTest.log - setup - provided app URL in browser
2026-06-15 17:58:56.484 [main] INFO  testCases.DataProducts.DataProductsTest.log - setup - provided email
2026-06-15 17:58:57.135 [main] INFO  testCases.DataProducts.DataProductsTest.log - setup - clicked on log in button
2026-06-15 17:58:59.453 [main] INFO  testCases.DataProducts.DataProductsTest.log - verifyDataProductCreation - Clicked on Data Products menu item
2026-06-15 17:58:59.715 [main] INFO  testCases.DataProducts.DataProductsTest.log - verifyDataProductCreation - Clicked on Create Data Product button
2026-06-15 18:00:12.605 [main] INFO  org.testng.internal.Utils.info - [TestNG] Running:
  C:\Vaibhav\Automation\TDG_HybridFramework\testng-suites\NewTestCasesSuite.xml

2026-06-15 18:00:12.959 [main] INFO  testCases.DataProducts.DataProductsTest.setup - >>======>>======>> Automation Engineer (SDET)- Vaibhav Chavan <<======<<======<<
2026-06-15 18:00:12.960 [main] INFO  testCases.DataProducts.DataProductsTest.setup - --test execution started--
2026-06-15 18:00:27.032 [main] INFO  testCases.DataProducts.DataProductsTest.log - setup - browser opened
2026-06-15 18:00:27.085 [main] INFO  testCases.DataProducts.DataProductsTest.log - setup - cookies deleted
2026-06-15 18:00:27.137 [main] INFO  testCases.DataProducts.DataProductsTest.log - setup - browser maximized
2026-06-15 18:00:27.151 [main] INFO  testCases.DataProducts.DataProductsTest.log - setup - implicit wait applied for 10 seconds
2026-06-15 18:00:32.345 [main] INFO  testCases.DataProducts.DataProductsTest.log - setup - provided app URL in browser
2026-06-15 18:00:34.911 [main] INFO  testCases.DataProducts.DataProductsTest.log - setup - provided email
2026-06-15 18:00:35.074 [main] INFO  testCases.DataProducts.DataProductsTest.log - setup - clicked on log in button
2026-06-15 18:00:37.340 [main] INFO  testCases.DataProducts.DataProductsTest.log - verifyDataProductCreation - Clicked on Data Products menu item
2026-06-15 18:00:37.670 [main] INFO  testCases.DataProducts.DataProductsTest.log - verifyDataProductCreation - Clicked on Create Data Product button
2026-06-15 18:00:40.252 [main] INFO  testCases.DataProducts.DataProductsTest.log - verifyDataProductCreation - Provided name for the new data product: Vaibhav_15-06-26_AMX068
2026-06-15 18:00:42.598 [main] INFO  testCases.DataProducts.DataProductsTest.log - verifyDataProductCreation - Selected Business Product Manager for the new data product
2026-06-15 18:00:45.645 [main] INFO  testCases.DataProducts.DataProductsTest.log - verifyDataProductCreation - Selected Region for the new data product
2026-06-15 18:00:48.636 [main] INFO  testCases.DataProducts.DataProductsTest.log - verifyDataProductCreation - Selected Data Type for the new data product
2026-06-15 18:00:51.161 [main] INFO  testCases.DataProducts.DataProductsTest.log - verifyDataProductCreation - Provided Business Value Statement for the new data product
2026-06-15 18:00:51.314 [main] INFO  testCases.DataProducts.DataProductsTest.log - verifyDataProductCreation - Clicked on Save and Next button to create the data product
2026-06-15 18:00:53.918 [main] INFO  testCases.DataProducts.DataProductsTest.log - verifyDataProductCreation - Clicked on Save and Next button to save Enabling Data Storage details
2026-06-15 18:00:56.921 [main] INFO  testCases.DataProducts.DataProductsTest.log - verifyDataProductCreation - Selected Green Lane for the new data product
2026-06-15 18:00:59.230 [main] INFO  testCases.DataProducts.DataProductsTest.log - verifyDataProductCreation - Selected Access for the new data product
2026-06-15 18:01:01.565 [main] INFO  testCases.DataProducts.DataProductsTest.log - verifyDataProductCreation - Selected Restricted to Super Region for the new data product
2026-06-15 18:01:03.738 [main] INFO  testCases.DataProducts.DataProductsTest.log - verifyDataProductCreation - Selected Restricted to Service Line for the new data product
2026-06-15 18:01:05.906 [main] INFO  testCases.DataProducts.DataProductsTest.log - verifyDataProductCreation - Selected Restricted to Domain for the new data product
2026-06-15 18:01:08.167 [main] INFO  testCases.DataProducts.DataProductsTest.log - verifyDataProductCreation - Selected Content Jurisdiction for the new data product
2026-06-15 18:01:10.506 [main] INFO  testCases.DataProducts.DataProductsTest.log - verifyDataProductCreation - Selected Storage Jurisdiction for the new data product
2026-06-15 18:01:12.894 [main] INFO  testCases.DataProducts.DataProductsTest.log - verifyDataProductCreation - Selected Permitted Use Cases for the new data product
2026-06-15 18:01:13.024 [main] INFO  testCases.DataProducts.DataProductsTest.log - verifyDataProductCreation - Clicked on Save and Next button to save Enabling Data Product and Governance details
2026-06-15 18:01:17.620 [main] INFO  testCases.DataProducts.DataProductsTest.log - verifyDataProductCreation - Selected Source System for the new data product
2026-06-15 18:01:19.784 [main] INFO  testCases.DataProducts.DataProductsTest.log - verifyDataProductCreation - Selected Source Type per System for the new data product
2026-06-15 18:01:19.929 [main] INFO  testCases.DataProducts.DataProductsTest.log - verifyDataProductCreation - Clicked on Save and Next button to save Data Product Usage details
2026-06-15 18:01:20.493 [main] INFO  testCases.DataProducts.DataProductsTest.log - verifyDataProductCreation - Clicked on Send for Approval button to send the new data product for approval
2026-06-15 18:52:52.463 [main] INFO  org.testng.internal.Utils.info - [TestNG] Running:
  C:\Vaibhav\Automation\TDG_HybridFramework\testng-suites\NewTestCasesSuite.xml

2026-06-15 18:52:53.002 [main] INFO  testCases.greenLanes.GreenLanesTest.setup - >>======>>======>> Automation Engineer (SDET)- Vaibhav Chavan <<======<<======<<
2026-06-15 18:52:53.003 [main] INFO  testCases.greenLanes.GreenLanesTest.setup - --test execution started--
2026-06-15 18:53:01.101 [main] INFO  testCases.greenLanes.GreenLanesTest.log - setup - browser opened
2026-06-15 18:53:02.579 [main] INFO  testCases.greenLanes.GreenLanesTest.log - setup - cookies deleted
2026-06-15 18:53:02.676 [main] INFO  testCases.greenLanes.GreenLanesTest.log - setup - browser maximized
2026-06-15 18:53:02.712 [main] INFO  testCases.greenLanes.GreenLanesTest.log - setup - implicit wait applied for 10 seconds
2026-06-15 18:53:08.540 [main] INFO  testCases.greenLanes.GreenLanesTest.log - setup - provided app URL in browser
2026-06-15 18:53:11.273 [main] INFO  testCases.greenLanes.GreenLanesTest.log - setup - provided email
2026-06-15 18:53:11.537 [main] INFO  testCases.greenLanes.GreenLanesTest.log - setup - clicked on log in button
2026-06-15 18:53:23.820 [main] ERROR testCases.greenLanes.GreenLanesTest.verifyGreenLaneCreation - Test failed due to exception: 
org.openqa.selenium.NoSuchElementException: no such element: Unable to locate element: {"method":"css selector","selector":"motif-panel-menu-item[label='Green Lanes']"}
  (Session info: chrome=149.0.7827.115)
For documentation on this error, please visit: https://www.selenium.dev/documentation/webdriver/troubleshooting/errors#nosuchelementexception
Build info: version: '4.44.0', revision: 'da2039b'
System info: os.name: 'Windows 11', os.arch: 'amd64', os.version: '10.0', java.version: '22.0.2'
Driver info: org.openqa.selenium.chrome.ChromeDriver
Command: [bf1593eb4cbb71b1e24ca11b0717b33b, findElement {value=motif-panel-menu-item[label='Green Lanes'], using=css selector}]
Capabilities {acceptInsecureCerts: false, browserName: chrome, browserVersion: 149.0.7827.115, chrome: {chromedriverVersion: 149.0.7827.115 (daf70f9ddee..., userDataDir: C:\Users\LZ172CV\AppData\Lo...}, fedcm:accounts: true, goog:chromeOptions: {debuggerAddress: localhost:60492}, goog:processID: 10072, networkConnectionEnabled: false, pageLoadStrategy: normal, platformName: windows, proxy: Proxy(), se:cdp: ws://localhost:60492/devtoo..., se:cdpVersion: 149.0.7827.115, setWindowRect: true, strictFileInteractability: false, timeouts: {implicit: 0, pageLoad: 300000, script: 30000}, unhandledPromptBehavior: dismiss and notify, webauthn:extension:credBlob: true, webauthn:extension:largeBlob: true, webauthn:extension:minPinLength: true, webauthn:extension:prf: true, webauthn:virtualAuthenticators: true}
Session ID: bf1593eb4cbb71b1e24ca11b0717b33b
	at org.openqa.selenium.remote.ErrorCodec.decode(ErrorCodec.java:169)
	at org.openqa.selenium.remote.codec.w3c.W3CHttpResponseCodec.decode(W3CHttpResponseCodec.java:143)
	at org.openqa.selenium.remote.codec.w3c.W3CHttpResponseCodec.decode(W3CHttpResponseCodec.java:50)
	at org.openqa.selenium.remote.HttpCommandExecutor.execute(HttpCommandExecutor.java:224)
	at org.openqa.selenium.remote.service.DriverCommandExecutor.invokeExecute(DriverCommandExecutor.java:217)
	at org.openqa.selenium.remote.service.DriverCommandExecutor.execute(DriverCommandExecutor.java:175)
	at org.openqa.selenium.remote.RemoteWebDriver.execute(RemoteWebDriver.java:600)
	at org.openqa.selenium.remote.ElementLocation$ElementFinder$2.findElement(ElementLocation.java:173)
	at org.openqa.selenium.remote.ElementLocation.findElement(ElementLocation.java:60)
	at org.openqa.selenium.remote.RemoteWebDriver.findElement(RemoteWebDriver.java:421)
	at org.openqa.selenium.remote.RemoteWebDriver.findElement(RemoteWebDriver.java:415)
	at utilities.ShadowDomUtils.getShadowRoot(ShadowDomUtils.java:20)
	at utilities.ShadowDomUtils.clickShadowElement(ShadowDomUtils.java:27)
	at pageObjects.greenLanes.GreenLanesPage.clickGreenLanes(GreenLanesPage.java:42)
	at testCases.greenLanes.GreenLanesTest.verifyGreenLaneCreation(GreenLanesTest.java:24)
	at java.base/jdk.internal.reflect.DirectMethodHandleAccessor.invoke(DirectMethodHandleAccessor.java:103)
	at java.base/java.lang.reflect.Method.invoke(Method.java:580)
	at org.testng.internal.invokers.MethodInvocationHelper.invokeMethod(MethodInvocationHelper.java:141)
	at org.testng.internal.invokers.TestInvoker.invokeMethod(TestInvoker.java:686)
	at org.testng.internal.invokers.TestInvoker.invokeTestMethod(TestInvoker.java:230)
	at org.testng.internal.invokers.MethodRunner.runInSequence(MethodRunner.java:63)
	at org.testng.internal.invokers.TestInvoker$MethodInvocationAgent.invoke(TestInvoker.java:992)
	at org.testng.internal.invokers.TestInvoker.invokeTestMethods(TestInvoker.java:203)
	at org.testng.internal.invokers.TestMethodWorker.invokeTestMethods(TestMethodWorker.java:154)
	at org.testng.internal.invokers.TestMethodWorker.run(TestMethodWorker.java:134)
	at java.base/java.util.ArrayList.forEach(ArrayList.java:1597)
	at org.testng.TestRunner.privateRun(TestRunner.java:739)
	at org.testng.TestRunner.run(TestRunner.java:614)
	at org.testng.SuiteRunner.runTest(SuiteRunner.java:421)
	at org.testng.SuiteRunner.runSequentially(SuiteRunner.java:413)
	at org.testng.SuiteRunner.privateRun(SuiteRunner.java:373)
	at org.testng.SuiteRunner.run(SuiteRunner.java:312)
	at org.testng.SuiteRunnerWorker.runSuite(SuiteRunnerWorker.java:52)
	at org.testng.SuiteRunnerWorker.run(SuiteRunnerWorker.java:95)
	at org.testng.TestNG.runSuitesSequentially(TestNG.java:1274)
	at org.testng.TestNG.runSuitesLocally(TestNG.java:1208)
	at org.testng.TestNG.runSuites(TestNG.java:1112)
	at org.testng.TestNG.run(TestNG.java:1079)
	at com.intellij.rt.testng.IDEARemoteTestNG.run(IDEARemoteTestNG.java:65)
	at com.intellij.rt.testng.RemoteTestNGStarter.main(RemoteTestNGStarter.java:109)
2026-06-15 18:53:33.972 [main] ERROR testCases.greenLanes.GreenLanesTest.verifyGreenLaneCreation - Test failed due to exception: 
org.openqa.selenium.NoSuchElementException: no such element: Unable to locate element: {"method":"css selector","selector":"motif-panel-menu-item[label='Green Lanes']"}
  (Session info: chrome=149.0.7827.115)
For documentation on this error, please visit: https://www.selenium.dev/documentation/webdriver/troubleshooting/errors#nosuchelementexception
Build info: version: '4.44.0', revision: 'da2039b'
System info: os.name: 'Windows 11', os.arch: 'amd64', os.version: '10.0', java.version: '22.0.2'
Driver info: org.openqa.selenium.chrome.ChromeDriver
Command: [bf1593eb4cbb71b1e24ca11b0717b33b, findElement {value=motif-panel-menu-item[label='Green Lanes'], using=css selector}]
Capabilities {acceptInsecureCerts: false, browserName: chrome, browserVersion: 149.0.7827.115, chrome: {chromedriverVersion: 149.0.7827.115 (daf70f9ddee..., userDataDir: C:\Users\LZ172CV\AppData\Lo...}, fedcm:accounts: true, goog:chromeOptions: {debuggerAddress: localhost:60492}, goog:processID: 10072, networkConnectionEnabled: false, pageLoadStrategy: normal, platformName: windows, proxy: Proxy(), se:cdp: ws://localhost:60492/devtoo..., se:cdpVersion: 149.0.7827.115, setWindowRect: true, strictFileInteractability: false, timeouts: {implicit: 0, pageLoad: 300000, script: 30000}, unhandledPromptBehavior: dismiss and notify, webauthn:extension:credBlob: true, webauthn:extension:largeBlob: true, webauthn:extension:minPinLength: true, webauthn:extension:prf: true, webauthn:virtualAuthenticators: true}
Session ID: bf1593eb4cbb71b1e24ca11b0717b33b
	at org.openqa.selenium.remote.ErrorCodec.decode(ErrorCodec.java:169)
	at org.openqa.selenium.remote.codec.w3c.W3CHttpResponseCodec.decode(W3CHttpResponseCodec.java:143)
	at org.openqa.selenium.remote.codec.w3c.W3CHttpResponseCodec.decode(W3CHttpResponseCodec.java:50)
	at org.openqa.selenium.remote.HttpCommandExecutor.execute(HttpCommandExecutor.java:224)
	at org.openqa.selenium.remote.service.DriverCommandExecutor.invokeExecute(DriverCommandExecutor.java:217)
	at org.openqa.selenium.remote.service.DriverCommandExecutor.execute(DriverCommandExecutor.java:175)
	at org.openqa.selenium.remote.RemoteWebDriver.execute(RemoteWebDriver.java:600)
	at org.openqa.selenium.remote.ElementLocation$ElementFinder$2.findElement(ElementLocation.java:173)
	at org.openqa.selenium.remote.ElementLocation.findElement(ElementLocation.java:60)
	at org.openqa.selenium.remote.RemoteWebDriver.findElement(RemoteWebDriver.java:421)
	at org.openqa.selenium.remote.RemoteWebDriver.findElement(RemoteWebDriver.java:415)
	at utilities.ShadowDomUtils.getShadowRoot(ShadowDomUtils.java:20)
	at utilities.ShadowDomUtils.clickShadowElement(ShadowDomUtils.java:27)
	at pageObjects.greenLanes.GreenLanesPage.clickGreenLanes(GreenLanesPage.java:42)
	at testCases.greenLanes.GreenLanesTest.verifyGreenLaneCreation(GreenLanesTest.java:24)
	at java.base/jdk.internal.reflect.DirectMethodHandleAccessor.invoke(DirectMethodHandleAccessor.java:103)
	at java.base/java.lang.reflect.Method.invoke(Method.java:580)
	at org.testng.internal.invokers.MethodInvocationHelper.invokeMethod(MethodInvocationHelper.java:141)
	at org.testng.internal.invokers.TestInvoker.invokeMethod(TestInvoker.java:686)
	at org.testng.internal.invokers.TestInvoker.retryFailed(TestInvoker.java:269)
	at org.testng.internal.invokers.MethodRunner.runInSequence(MethodRunner.java:76)
	at org.testng.internal.invokers.TestInvoker$MethodInvocationAgent.invoke(TestInvoker.java:992)
	at org.testng.internal.invokers.TestInvoker.invokeTestMethods(TestInvoker.java:203)
	at org.testng.internal.invokers.TestMethodWorker.invokeTestMethods(TestMethodWorker.java:154)
	at org.testng.internal.invokers.TestMethodWorker.run(TestMethodWorker.java:134)
	at java.base/java.util.ArrayList.forEach(ArrayList.java:1597)
	at org.testng.TestRunner.privateRun(TestRunner.java:739)
	at org.testng.TestRunner.run(TestRunner.java:614)
	at org.testng.SuiteRunner.runTest(SuiteRunner.java:421)
	at org.testng.SuiteRunner.runSequentially(SuiteRunner.java:413)
	at org.testng.SuiteRunner.privateRun(SuiteRunner.java:373)
	at org.testng.SuiteRunner.run(SuiteRunner.java:312)
	at org.testng.SuiteRunnerWorker.runSuite(SuiteRunnerWorker.java:52)
	at org.testng.SuiteRunnerWorker.run(SuiteRunnerWorker.java:95)
	at org.testng.TestNG.runSuitesSequentially(TestNG.java:1274)
	at org.testng.TestNG.runSuitesLocally(TestNG.java:1208)
	at org.testng.TestNG.runSuites(TestNG.java:1112)
	at org.testng.TestNG.run(TestNG.java:1079)
	at com.intellij.rt.testng.IDEARemoteTestNG.run(IDEARemoteTestNG.java:65)
	at com.intellij.rt.testng.RemoteTestNGStarter.main(RemoteTestNGStarter.java:109)
2026-06-16 18:22:49.311 [main] INFO  org.testng.internal.Utils.info - [TestNG] Running:
  C:\Vaibhav\Automation\TDG_HybridFramework\testng-suites\NewTestCasesSuite.xml

2026-06-16 18:22:49.984 [main] INFO  testCases.greenLanes.GreenLanesTest.setup - >>======>>======>> Automation Engineer (SDET)- Vaibhav Chavan <<======<<======<<
2026-06-16 18:22:49.985 [main] INFO  testCases.greenLanes.GreenLanesTest.setup - --test execution started--
2026-06-16 18:22:59.000 [main] INFO  testCases.greenLanes.GreenLanesTest.log - setup - browser opened
2026-06-16 18:22:59.038 [main] INFO  testCases.greenLanes.GreenLanesTest.log - setup - cookies deleted
2026-06-16 18:22:59.093 [main] INFO  testCases.greenLanes.GreenLanesTest.log - setup - browser maximized
2026-06-16 18:22:59.116 [main] INFO  testCases.greenLanes.GreenLanesTest.log - setup - implicit wait applied for 10 seconds
2026-06-16 18:23:05.668 [main] INFO  testCases.greenLanes.GreenLanesTest.log - setup - provided app URL in browser
2026-06-16 18:23:08.238 [main] INFO  testCases.greenLanes.GreenLanesTest.log - setup - provided email
2026-06-16 18:23:08.426 [main] INFO  testCases.greenLanes.GreenLanesTest.log - setup - clicked on log in button
2026-06-16 18:23:20.632 [main] ERROR testCases.greenLanes.GreenLanesTest.verifyGreenLaneCreation - Test failed due to exception: 
org.openqa.selenium.NoSuchElementException: no such element: Unable to locate element: {"method":"css selector","selector":"motif-panel-menu-item[label='Green Lanes']"}
  (Session info: chrome=149.0.7827.115)
For documentation on this error, please visit: https://www.selenium.dev/documentation/webdriver/troubleshooting/errors#nosuchelementexception
Build info: version: '4.44.0', revision: 'da2039b'
System info: os.name: 'Windows 11', os.arch: 'amd64', os.version: '10.0', java.version: '22.0.2'
Driver info: org.openqa.selenium.chrome.ChromeDriver
Command: [bf8ba609fac34a9233bb3bcabfdf0a74, findElement {value=motif-panel-menu-item[label='Green Lanes'], using=css selector}]
Capabilities {acceptInsecureCerts: false, browserName: chrome, browserVersion: 149.0.7827.115, chrome: {chromedriverVersion: 149.0.7827.115 (daf70f9ddee..., userDataDir: C:\Users\LZ172CV\AppData\Lo...}, fedcm:accounts: true, goog:chromeOptions: {debuggerAddress: localhost:56992}, goog:processID: 26540, networkConnectionEnabled: false, pageLoadStrategy: normal, platformName: windows, proxy: Proxy(), se:cdp: ws://localhost:56992/devtoo..., se:cdpVersion: 149.0.7827.115, setWindowRect: true, strictFileInteractability: false, timeouts: {implicit: 0, pageLoad: 300000, script: 30000}, unhandledPromptBehavior: dismiss and notify, webauthn:extension:credBlob: true, webauthn:extension:largeBlob: true, webauthn:extension:minPinLength: true, webauthn:extension:prf: true, webauthn:virtualAuthenticators: true}
Session ID: bf8ba609fac34a9233bb3bcabfdf0a74
	at org.openqa.selenium.remote.ErrorCodec.decode(ErrorCodec.java:169)
	at org.openqa.selenium.remote.codec.w3c.W3CHttpResponseCodec.decode(W3CHttpResponseCodec.java:143)
	at org.openqa.selenium.remote.codec.w3c.W3CHttpResponseCodec.decode(W3CHttpResponseCodec.java:50)
	at org.openqa.selenium.remote.HttpCommandExecutor.execute(HttpCommandExecutor.java:224)
	at org.openqa.selenium.remote.service.DriverCommandExecutor.invokeExecute(DriverCommandExecutor.java:217)
	at org.openqa.selenium.remote.service.DriverCommandExecutor.execute(DriverCommandExecutor.java:175)
	at org.openqa.selenium.remote.RemoteWebDriver.execute(RemoteWebDriver.java:600)
	at org.openqa.selenium.remote.ElementLocation$ElementFinder$2.findElement(ElementLocation.java:173)
	at org.openqa.selenium.remote.ElementLocation.findElement(ElementLocation.java:60)
	at org.openqa.selenium.remote.RemoteWebDriver.findElement(RemoteWebDriver.java:421)
	at org.openqa.selenium.remote.RemoteWebDriver.findElement(RemoteWebDriver.java:415)
	at utilities.ShadowDomUtils.getShadowRoot(ShadowDomUtils.java:20)
	at utilities.ShadowDomUtils.clickShadowElement(ShadowDomUtils.java:27)
	at pageObjects.greenLanes.GreenLanesPage.clickGreenLanes(GreenLanesPage.java:42)
	at testCases.greenLanes.GreenLanesTest.verifyGreenLaneCreation(GreenLanesTest.java:24)
	at java.base/jdk.internal.reflect.DirectMethodHandleAccessor.invoke(DirectMethodHandleAccessor.java:103)
	at java.base/java.lang.reflect.Method.invoke(Method.java:580)
	at org.testng.internal.invokers.MethodInvocationHelper.invokeMethod(MethodInvocationHelper.java:141)
	at org.testng.internal.invokers.TestInvoker.invokeMethod(TestInvoker.java:686)
	at org.testng.internal.invokers.TestInvoker.invokeTestMethod(TestInvoker.java:230)
	at org.testng.internal.invokers.MethodRunner.runInSequence(MethodRunner.java:63)
	at org.testng.internal.invokers.TestInvoker$MethodInvocationAgent.invoke(TestInvoker.java:992)
	at org.testng.internal.invokers.TestInvoker.invokeTestMethods(TestInvoker.java:203)
	at org.testng.internal.invokers.TestMethodWorker.invokeTestMethods(TestMethodWorker.java:154)
	at org.testng.internal.invokers.TestMethodWorker.run(TestMethodWorker.java:134)
	at java.base/java.util.ArrayList.forEach(ArrayList.java:1597)
	at org.testng.TestRunner.privateRun(TestRunner.java:739)
	at org.testng.TestRunner.run(TestRunner.java:614)
	at org.testng.SuiteRunner.runTest(SuiteRunner.java:421)
	at org.testng.SuiteRunner.runSequentially(SuiteRunner.java:413)
	at org.testng.SuiteRunner.privateRun(SuiteRunner.java:373)
	at org.testng.SuiteRunner.run(SuiteRunner.java:312)
	at org.testng.SuiteRunnerWorker.runSuite(SuiteRunnerWorker.java:52)
	at org.testng.SuiteRunnerWorker.run(SuiteRunnerWorker.java:95)
	at org.testng.TestNG.runSuitesSequentially(TestNG.java:1274)
	at org.testng.TestNG.runSuitesLocally(TestNG.java:1208)
	at org.testng.TestNG.runSuites(TestNG.java:1112)
	at org.testng.TestNG.run(TestNG.java:1079)
	at com.intellij.rt.testng.IDEARemoteTestNG.run(IDEARemoteTestNG.java:65)
	at com.intellij.rt.testng.RemoteTestNGStarter.main(RemoteTestNGStarter.java:109)
2026-06-16 18:23:30.720 [main] ERROR testCases.greenLanes.GreenLanesTest.verifyGreenLaneCreation - Test failed due to exception: 
org.openqa.selenium.NoSuchElementException: no such element: Unable to locate element: {"method":"css selector","selector":"motif-panel-menu-item[label='Green Lanes']"}
  (Session info: chrome=149.0.7827.115)
For documentation on this error, please visit: https://www.selenium.dev/documentation/webdriver/troubleshooting/errors#nosuchelementexception
Build info: version: '4.44.0', revision: 'da2039b'
System info: os.name: 'Windows 11', os.arch: 'amd64', os.version: '10.0', java.version: '22.0.2'
Driver info: org.openqa.selenium.chrome.ChromeDriver
Command: [bf8ba609fac34a9233bb3bcabfdf0a74, findElement {value=motif-panel-menu-item[label='Green Lanes'], using=css selector}]
Capabilities {acceptInsecureCerts: false, browserName: chrome, browserVersion: 149.0.7827.115, chrome: {chromedriverVersion: 149.0.7827.115 (daf70f9ddee..., userDataDir: C:\Users\LZ172CV\AppData\Lo...}, fedcm:accounts: true, goog:chromeOptions: {debuggerAddress: localhost:56992}, goog:processID: 26540, networkConnectionEnabled: false, pageLoadStrategy: normal, platformName: windows, proxy: Proxy(), se:cdp: ws://localhost:56992/devtoo..., se:cdpVersion: 149.0.7827.115, setWindowRect: true, strictFileInteractability: false, timeouts: {implicit: 0, pageLoad: 300000, script: 30000}, unhandledPromptBehavior: dismiss and notify, webauthn:extension:credBlob: true, webauthn:extension:largeBlob: true, webauthn:extension:minPinLength: true, webauthn:extension:prf: true, webauthn:virtualAuthenticators: true}
Session ID: bf8ba609fac34a9233bb3bcabfdf0a74
	at org.openqa.selenium.remote.ErrorCodec.decode(ErrorCodec.java:169)
	at org.openqa.selenium.remote.codec.w3c.W3CHttpResponseCodec.decode(W3CHttpResponseCodec.java:143)
	at org.openqa.selenium.remote.codec.w3c.W3CHttpResponseCodec.decode(W3CHttpResponseCodec.java:50)
	at org.openqa.selenium.remote.HttpCommandExecutor.execute(HttpCommandExecutor.java:224)
	at org.openqa.selenium.remote.service.DriverCommandExecutor.invokeExecute(DriverCommandExecutor.java:217)
	at org.openqa.selenium.remote.service.DriverCommandExecutor.execute(DriverCommandExecutor.java:175)
	at org.openqa.selenium.remote.RemoteWebDriver.execute(RemoteWebDriver.java:600)
	at org.openqa.selenium.remote.ElementLocation$ElementFinder$2.findElement(ElementLocation.java:173)
	at org.openqa.selenium.remote.ElementLocation.findElement(ElementLocation.java:60)
	at org.openqa.selenium.remote.RemoteWebDriver.findElement(RemoteWebDriver.java:421)
	at org.openqa.selenium.remote.RemoteWebDriver.findElement(RemoteWebDriver.java:415)
	at utilities.ShadowDomUtils.getShadowRoot(ShadowDomUtils.java:20)
	at utilities.ShadowDomUtils.clickShadowElement(ShadowDomUtils.java:27)
	at pageObjects.greenLanes.GreenLanesPage.clickGreenLanes(GreenLanesPage.java:42)
	at testCases.greenLanes.GreenLanesTest.verifyGreenLaneCreation(GreenLanesTest.java:24)
	at java.base/jdk.internal.reflect.DirectMethodHandleAccessor.invoke(DirectMethodHandleAccessor.java:103)
	at java.base/java.lang.reflect.Method.invoke(Method.java:580)
	at org.testng.internal.invokers.MethodInvocationHelper.invokeMethod(MethodInvocationHelper.java:141)
	at org.testng.internal.invokers.TestInvoker.invokeMethod(TestInvoker.java:686)
	at org.testng.internal.invokers.TestInvoker.retryFailed(TestInvoker.java:269)
	at org.testng.internal.invokers.MethodRunner.runInSequence(MethodRunner.java:76)
	at org.testng.internal.invokers.TestInvoker$MethodInvocationAgent.invoke(TestInvoker.java:992)
	at org.testng.internal.invokers.TestInvoker.invokeTestMethods(TestInvoker.java:203)
	at org.testng.internal.invokers.TestMethodWorker.invokeTestMethods(TestMethodWorker.java:154)
	at org.testng.internal.invokers.TestMethodWorker.run(TestMethodWorker.java:134)
	at java.base/java.util.ArrayList.forEach(ArrayList.java:1597)
	at org.testng.TestRunner.privateRun(TestRunner.java:739)
	at org.testng.TestRunner.run(TestRunner.java:614)
	at org.testng.SuiteRunner.runTest(SuiteRunner.java:421)
	at org.testng.SuiteRunner.runSequentially(SuiteRunner.java:413)
	at org.testng.SuiteRunner.privateRun(SuiteRunner.java:373)
	at org.testng.SuiteRunner.run(SuiteRunner.java:312)
	at org.testng.SuiteRunnerWorker.runSuite(SuiteRunnerWorker.java:52)
	at org.testng.SuiteRunnerWorker.run(SuiteRunnerWorker.java:95)
	at org.testng.TestNG.runSuitesSequentially(TestNG.java:1274)
	at org.testng.TestNG.runSuitesLocally(TestNG.java:1208)
	at org.testng.TestNG.runSuites(TestNG.java:1112)
	at org.testng.TestNG.run(TestNG.java:1079)
	at com.intellij.rt.testng.IDEARemoteTestNG.run(IDEARemoteTestNG.java:65)
	at com.intellij.rt.testng.RemoteTestNGStarter.main(RemoteTestNGStarter.java:109)
2026-06-16 18:46:31.355 [main] INFO  org.testng.internal.Utils.info - [TestNG] Running:
  C:\Vaibhav\Automation\TDG_HybridFramework\testng-suites\NewTestCasesSuite.xml

2026-06-16 18:46:31.925 [main] INFO  testCases.greenLanes.GreenLanesTest.setup - >>======>>======>> Automation Engineer (SDET)- Vaibhav Chavan <<======<<======<<
2026-06-16 18:46:31.926 [main] INFO  testCases.greenLanes.GreenLanesTest.setup - --test execution started--
2026-06-16 18:46:36.701 [main] INFO  testCases.greenLanes.GreenLanesTest.log - setup - browser opened
2026-06-16 18:46:36.830 [main] INFO  testCases.greenLanes.GreenLanesTest.log - setup - cookies deleted
2026-06-16 18:46:36.952 [main] INFO  testCases.greenLanes.GreenLanesTest.log - setup - browser maximized
2026-06-16 18:46:36.990 [main] INFO  testCases.greenLanes.GreenLanesTest.log - setup - implicit wait applied for 10 seconds
2026-06-16 18:46:41.795 [main] INFO  testCases.greenLanes.GreenLanesTest.log - setup - provided app URL in browser
2026-06-16 18:46:44.345 [main] INFO  testCases.greenLanes.GreenLanesTest.log - setup - provided email
2026-06-16 18:46:44.547 [main] INFO  testCases.greenLanes.GreenLanesTest.log - setup - clicked on log in button
2026-06-16 18:46:46.879 [main] INFO  testCases.greenLanes.GreenLanesTest.log - verifyGreenLaneCreation - Clicked on Green Lanes menu item
2026-06-16 18:46:47.244 [main] INFO  testCases.greenLanes.GreenLanesTest.log - verifyGreenLaneCreation - Clicked on Create Green Lane button
2026-06-16 18:46:47.872 [main] INFO  testCases.greenLanes.GreenLanesTest.log - verifyGreenLaneCreation - Provided name for the new green lane
2026-06-16 18:46:48.308 [main] INFO  testCases.greenLanes.GreenLanesTest.log - verifyGreenLaneCreation - Provided date for the new green lane
2026-06-16 18:46:54.076 [main] INFO  testCases.greenLanes.GreenLanesTest.log - verifyGreenLaneCreation - Selected ownership for the new green lane
2026-06-16 18:46:56.763 [main] INFO  testCases.greenLanes.GreenLanesTest.log - verifyGreenLaneCreation - Selected service line for the new green lane
2026-06-16 18:46:59.119 [main] INFO  testCases.greenLanes.GreenLanesTest.log - verifyGreenLaneCreation - Selected super region for the new green lane
2026-06-16 18:47:01.462 [main] INFO  testCases.greenLanes.GreenLanesTest.log - verifyGreenLaneCreation - Provided description for the new green lane
2026-06-16 18:47:01.608 [main] INFO  testCases.greenLanes.GreenLanesTest.log - verifyGreenLaneCreation - Clicked on Save and Next button to create the green lane
2026-06-16 18:47:22.113 [main] ERROR testCases.greenLanes.GreenLanesTest.verifyGreenLaneCreation - Test failed due to exception: 
org.openqa.selenium.TimeoutException: Expected condition failed: Element NOT found: Proxy element for: DefaultElementLocator 'By.xpath: //input[contains(@id,'motif-input')]'
(tried for 10 seconds with 500 milliseconds interval)
	at org.openqa.selenium.support.ui.FluentWait.timeoutException(FluentWait.java:279)
	at org.openqa.selenium.support.ui.FluentWait.until(FluentWait.java:234)
	at base.BasePage.waitForElement(BasePage.java:1314)
	at base.BasePage.clearAndProvide1(BasePage.java:643)
	at pageObjects.greenLanes.GreenLanesPage.provideServiceCode(GreenLanesPage.java:221)
	at testCases.greenLanes.GreenLanesTest.verifyGreenLaneCreation(GreenLanesTest.java:57)
	at java.base/jdk.internal.reflect.DirectMethodHandleAccessor.invoke(DirectMethodHandleAccessor.java:103)
	at java.base/java.lang.reflect.Method.invoke(Method.java:580)
	at org.testng.internal.invokers.MethodInvocationHelper.invokeMethod(MethodInvocationHelper.java:141)
	at org.testng.internal.invokers.TestInvoker.invokeMethod(TestInvoker.java:686)
	at org.testng.internal.invokers.TestInvoker.invokeTestMethod(TestInvoker.java:230)
	at org.testng.internal.invokers.MethodRunner.runInSequence(MethodRunner.java:63)
	at org.testng.internal.invokers.TestInvoker$MethodInvocationAgent.invoke(TestInvoker.java:992)
	at org.testng.internal.invokers.TestInvoker.invokeTestMethods(TestInvoker.java:203)
	at org.testng.internal.invokers.TestMethodWorker.invokeTestMethods(TestMethodWorker.java:154)
	at org.testng.internal.invokers.TestMethodWorker.run(TestMethodWorker.java:134)
	at java.base/java.util.ArrayList.forEach(ArrayList.java:1597)
	at org.testng.TestRunner.privateRun(TestRunner.java:739)
	at org.testng.TestRunner.run(TestRunner.java:614)
	at org.testng.SuiteRunner.runTest(SuiteRunner.java:421)
	at org.testng.SuiteRunner.runSequentially(SuiteRunner.java:413)
	at org.testng.SuiteRunner.privateRun(SuiteRunner.java:373)
	at org.testng.SuiteRunner.run(SuiteRunner.java:312)
	at org.testng.SuiteRunnerWorker.runSuite(SuiteRunnerWorker.java:52)
	at org.testng.SuiteRunnerWorker.run(SuiteRunnerWorker.java:95)
	at org.testng.TestNG.runSuitesSequentially(TestNG.java:1274)
	at org.testng.TestNG.runSuitesLocally(TestNG.java:1208)
	at org.testng.TestNG.runSuites(TestNG.java:1112)
	at org.testng.TestNG.run(TestNG.java:1079)
	at com.intellij.rt.testng.IDEARemoteTestNG.run(IDEARemoteTestNG.java:65)
	at com.intellij.rt.testng.RemoteTestNGStarter.main(RemoteTestNGStarter.java:109)
Caused by: org.openqa.selenium.NoSuchElementException: no such element: Unable to locate element: {"method":"xpath","selector":"//input[contains(@id,'motif-input')]"}
  (Session info: chrome=149.0.7827.115)
For documentation on this error, please visit: https://www.selenium.dev/documentation/webdriver/troubleshooting/errors#nosuchelementexception
Build info: version: '4.44.0', revision: 'da2039b'
System info: os.name: 'Windows 11', os.arch: 'amd64', os.version: '10.0', java.version: '22.0.2'
Driver info: org.openqa.selenium.chrome.ChromeDriver
Command: [3b4f4cc67a3f80a17322cbaf60cda745, findElement {value=//input[contains(@id,'motif-input')], using=xpath}]
Capabilities {acceptInsecureCerts: false, browserName: chrome, browserVersion: 149.0.7827.115, chrome: {chromedriverVersion: 149.0.7827.115 (daf70f9ddee..., userDataDir: C:\Users\LZ172CV\AppData\Lo...}, fedcm:accounts: true, goog:chromeOptions: {debuggerAddress: localhost:64364}, goog:processID: 17180, networkConnectionEnabled: false, pageLoadStrategy: normal, platformName: windows, proxy: Proxy(), se:cdp: ws://localhost:64364/devtoo..., se:cdpVersion: 149.0.7827.115, setWindowRect: true, strictFileInteractability: false, timeouts: {implicit: 0, pageLoad: 300000, script: 30000}, unhandledPromptBehavior: dismiss and notify, webauthn:extension:credBlob: true, webauthn:extension:largeBlob: true, webauthn:extension:minPinLength: true, webauthn:extension:prf: true, webauthn:virtualAuthenticators: true}
Session ID: 3b4f4cc67a3f80a17322cbaf60cda745
	at org.openqa.selenium.remote.ErrorCodec.decode(ErrorCodec.java:169)
	at org.openqa.selenium.remote.codec.w3c.W3CHttpResponseCodec.decode(W3CHttpResponseCodec.java:143)
	at org.openqa.selenium.remote.codec.w3c.W3CHttpResponseCodec.decode(W3CHttpResponseCodec.java:50)
	at org.openqa.selenium.remote.HttpCommandExecutor.execute(HttpCommandExecutor.java:224)
	at org.openqa.selenium.remote.service.DriverCommandExecutor.invokeExecute(DriverCommandExecutor.java:217)
	at org.openqa.selenium.remote.service.DriverCommandExecutor.execute(DriverCommandExecutor.java:175)
	at org.openqa.selenium.remote.RemoteWebDriver.execute(RemoteWebDriver.java:600)
	at org.openqa.selenium.remote.ElementLocation$ElementFinder$2.findElement(ElementLocation.java:173)
	at org.openqa.selenium.remote.ElementLocation.findElement(ElementLocation.java:60)
	at org.openqa.selenium.remote.RemoteWebDriver.findElement(RemoteWebDriver.java:421)
	at org.openqa.selenium.remote.RemoteWebDriver.findElement(RemoteWebDriver.java:415)
	at org.openqa.selenium.support.pagefactory.DefaultElementLocator.findElement(DefaultElementLocator.java:69)
	at org.openqa.selenium.support.pagefactory.internal.LocatingElementHandler.invoke(LocatingElementHandler.java:38)
	at jdk.proxy2/jdk.proxy2.$Proxy30.isDisplayed(Unknown Source)
	at base.BasePage.lambda$waitForElement$1(BasePage.java:1317)
	at org.openqa.selenium.support.ui.FluentWait.until(FluentWait.java:210)
	... 29 more
2026-06-16 18:47:22.403 [main] INFO  testCases.greenLanes.GreenLanesTest.log - verifyGreenLaneCreation - Clicked on Green Lanes menu item
2026-06-16 18:47:22.647 [main] INFO  testCases.greenLanes.GreenLanesTest.log - verifyGreenLaneCreation - Clicked on Create Green Lane button
2026-06-16 18:47:22.979 [main] INFO  testCases.greenLanes.GreenLanesTest.log - verifyGreenLaneCreation - Provided name for the new green lane
2026-06-16 18:47:23.177 [main] INFO  testCases.greenLanes.GreenLanesTest.log - verifyGreenLaneCreation - Provided date for the new green lane
2026-06-16 18:47:28.504 [main] INFO  testCases.greenLanes.GreenLanesTest.log - verifyGreenLaneCreation - Selected ownership for the new green lane
2026-06-16 18:47:30.663 [main] INFO  testCases.greenLanes.GreenLanesTest.log - verifyGreenLaneCreation - Selected service line for the new green lane
2026-06-16 18:47:32.819 [main] INFO  testCases.greenLanes.GreenLanesTest.log - verifyGreenLaneCreation - Selected super region for the new green lane
2026-06-16 18:47:35.074 [main] INFO  testCases.greenLanes.GreenLanesTest.log - verifyGreenLaneCreation - Provided description for the new green lane
2026-06-16 18:47:35.191 [main] INFO  testCases.greenLanes.GreenLanesTest.log - verifyGreenLaneCreation - Clicked on Save and Next button to create the green lane
2026-06-16 18:47:55.668 [main] ERROR testCases.greenLanes.GreenLanesTest.verifyGreenLaneCreation - Test failed due to exception: 
org.openqa.selenium.TimeoutException: Expected condition failed: Element NOT found: Proxy element for: DefaultElementLocator 'By.xpath: //input[contains(@id,'motif-input')]'
(tried for 10 seconds with 500 milliseconds interval)
	at org.openqa.selenium.support.ui.FluentWait.timeoutException(FluentWait.java:279)
	at org.openqa.selenium.support.ui.FluentWait.until(FluentWait.java:234)
	at base.BasePage.waitForElement(BasePage.java:1314)
	at base.BasePage.clearAndProvide1(BasePage.java:643)
	at pageObjects.greenLanes.GreenLanesPage.provideServiceCode(GreenLanesPage.java:221)
	at testCases.greenLanes.GreenLanesTest.verifyGreenLaneCreation(GreenLanesTest.java:57)
	at java.base/jdk.internal.reflect.DirectMethodHandleAccessor.invoke(DirectMethodHandleAccessor.java:103)
	at java.base/java.lang.reflect.Method.invoke(Method.java:580)
	at org.testng.internal.invokers.MethodInvocationHelper.invokeMethod(MethodInvocationHelper.java:141)
	at org.testng.internal.invokers.TestInvoker.invokeMethod(TestInvoker.java:686)
	at org.testng.internal.invokers.TestInvoker.retryFailed(TestInvoker.java:269)
	at org.testng.internal.invokers.MethodRunner.runInSequence(MethodRunner.java:76)
	at org.testng.internal.invokers.TestInvoker$MethodInvocationAgent.invoke(TestInvoker.java:992)
	at org.testng.internal.invokers.TestInvoker.invokeTestMethods(TestInvoker.java:203)
	at org.testng.internal.invokers.TestMethodWorker.invokeTestMethods(TestMethodWorker.java:154)
	at org.testng.internal.invokers.TestMethodWorker.run(TestMethodWorker.java:134)
	at java.base/java.util.ArrayList.forEach(ArrayList.java:1597)
	at org.testng.TestRunner.privateRun(TestRunner.java:739)
	at org.testng.TestRunner.run(TestRunner.java:614)
	at org.testng.SuiteRunner.runTest(SuiteRunner.java:421)
	at org.testng.SuiteRunner.runSequentially(SuiteRunner.java:413)
	at org.testng.SuiteRunner.privateRun(SuiteRunner.java:373)
	at org.testng.SuiteRunner.run(SuiteRunner.java:312)
	at org.testng.SuiteRunnerWorker.runSuite(SuiteRunnerWorker.java:52)
	at org.testng.SuiteRunnerWorker.run(SuiteRunnerWorker.java:95)
	at org.testng.TestNG.runSuitesSequentially(TestNG.java:1274)
	at org.testng.TestNG.runSuitesLocally(TestNG.java:1208)
	at org.testng.TestNG.runSuites(TestNG.java:1112)
	at org.testng.TestNG.run(TestNG.java:1079)
	at com.intellij.rt.testng.IDEARemoteTestNG.run(IDEARemoteTestNG.java:65)
	at com.intellij.rt.testng.RemoteTestNGStarter.main(RemoteTestNGStarter.java:109)
Caused by: org.openqa.selenium.NoSuchElementException: no such element: Unable to locate element: {"method":"xpath","selector":"//input[contains(@id,'motif-input')]"}
  (Session info: chrome=149.0.7827.115)
For documentation on this error, please visit: https://www.selenium.dev/documentation/webdriver/troubleshooting/errors#nosuchelementexception
Build info: version: '4.44.0', revision: 'da2039b'
System info: os.name: 'Windows 11', os.arch: 'amd64', os.version: '10.0', java.version: '22.0.2'
Driver info: org.openqa.selenium.chrome.ChromeDriver
Command: [3b4f4cc67a3f80a17322cbaf60cda745, findElement {value=//input[contains(@id,'motif-input')], using=xpath}]
Capabilities {acceptInsecureCerts: false, browserName: chrome, browserVersion: 149.0.7827.115, chrome: {chromedriverVersion: 149.0.7827.115 (daf70f9ddee..., userDataDir: C:\Users\LZ172CV\AppData\Lo...}, fedcm:accounts: true, goog:chromeOptions: {debuggerAddress: localhost:64364}, goog:processID: 17180, networkConnectionEnabled: false, pageLoadStrategy: normal, platformName: windows, proxy: Proxy(), se:cdp: ws://localhost:64364/devtoo..., se:cdpVersion: 149.0.7827.115, setWindowRect: true, strictFileInteractability: false, timeouts: {implicit: 0, pageLoad: 300000, script: 30000}, unhandledPromptBehavior: dismiss and notify, webauthn:extension:credBlob: true, webauthn:extension:largeBlob: true, webauthn:extension:minPinLength: true, webauthn:extension:prf: true, webauthn:virtualAuthenticators: true}
Session ID: 3b4f4cc67a3f80a17322cbaf60cda745
	at org.openqa.selenium.remote.ErrorCodec.decode(ErrorCodec.java:169)
	at org.openqa.selenium.remote.codec.w3c.W3CHttpResponseCodec.decode(W3CHttpResponseCodec.java:143)
	at org.openqa.selenium.remote.codec.w3c.W3CHttpResponseCodec.decode(W3CHttpResponseCodec.java:50)
	at org.openqa.selenium.remote.HttpCommandExecutor.execute(HttpCommandExecutor.java:224)
	at org.openqa.selenium.remote.service.DriverCommandExecutor.invokeExecute(DriverCommandExecutor.java:217)
	at org.openqa.selenium.remote.service.DriverCommandExecutor.execute(DriverCommandExecutor.java:175)
	at org.openqa.selenium.remote.RemoteWebDriver.execute(RemoteWebDriver.java:600)
	at org.openqa.selenium.remote.ElementLocation$ElementFinder$2.findElement(ElementLocation.java:173)
	at org.openqa.selenium.remote.ElementLocation.findElement(ElementLocation.java:60)
	at org.openqa.selenium.remote.RemoteWebDriver.findElement(RemoteWebDriver.java:421)
	at org.openqa.selenium.remote.RemoteWebDriver.findElement(RemoteWebDriver.java:415)
	at org.openqa.selenium.support.pagefactory.DefaultElementLocator.findElement(DefaultElementLocator.java:69)
	at org.openqa.selenium.support.pagefactory.internal.LocatingElementHandler.invoke(LocatingElementHandler.java:38)
	at jdk.proxy2/jdk.proxy2.$Proxy30.isDisplayed(Unknown Source)
	at base.BasePage.lambda$waitForElement$1(BasePage.java:1317)
	at org.openqa.selenium.support.ui.FluentWait.until(FluentWait.java:210)
	... 29 more
2026-06-16 18:58:40.996 [main] INFO  org.testng.internal.Utils.info - [TestNG] Running:
  C:\Vaibhav\Automation\TDG_HybridFramework\testng-suites\NewTestCasesSuite.xml

2026-06-16 18:58:41.416 [main] INFO  testCases.greenLanes.GreenLanesTest.setup - >>======>>======>> Automation Engineer (SDET)- Vaibhav Chavan <<======<<======<<
2026-06-16 18:58:41.417 [main] INFO  testCases.greenLanes.GreenLanesTest.setup - --test execution started--
2026-06-16 18:58:45.632 [main] INFO  testCases.greenLanes.GreenLanesTest.log - setup - browser opened
2026-06-16 18:58:45.846 [main] INFO  testCases.greenLanes.GreenLanesTest.log - setup - cookies deleted
2026-06-16 18:58:45.989 [main] INFO  testCases.greenLanes.GreenLanesTest.log - setup - browser maximized
2026-06-16 18:58:46.014 [main] INFO  testCases.greenLanes.GreenLanesTest.log - setup - implicit wait applied for 10 seconds
2026-06-16 18:58:50.842 [main] INFO  testCases.greenLanes.GreenLanesTest.log - setup - provided app URL in browser
2026-06-16 18:58:53.708 [main] INFO  testCases.greenLanes.GreenLanesTest.log - setup - provided email
2026-06-16 18:58:53.958 [main] INFO  testCases.greenLanes.GreenLanesTest.log - setup - clicked on log in button
2026-06-16 18:58:56.394 [main] INFO  testCases.greenLanes.GreenLanesTest.log - verifyGreenLaneCreation - Clicked on Green Lanes menu item
2026-06-16 18:58:56.784 [main] INFO  testCases.greenLanes.GreenLanesTest.log - verifyGreenLaneCreation - Clicked on Create Green Lane button
2026-06-16 18:58:57.589 [main] INFO  testCases.greenLanes.GreenLanesTest.log - verifyGreenLaneCreation - Provided name for the new green lane
2026-06-16 18:58:57.965 [main] INFO  testCases.greenLanes.GreenLanesTest.log - verifyGreenLaneCreation - Provided date for the new green lane
2026-06-16 18:59:03.913 [main] INFO  testCases.greenLanes.GreenLanesTest.log - verifyGreenLaneCreation - Selected ownership for the new green lane
2026-06-16 18:59:06.750 [main] INFO  testCases.greenLanes.GreenLanesTest.log - verifyGreenLaneCreation - Selected service line for the new green lane
2026-06-16 18:59:09.538 [main] INFO  testCases.greenLanes.GreenLanesTest.log - verifyGreenLaneCreation - Selected super region for the new green lane
2026-06-16 18:59:11.914 [main] INFO  testCases.greenLanes.GreenLanesTest.log - verifyGreenLaneCreation - Provided description for the new green lane
2026-06-16 18:59:12.031 [main] INFO  testCases.greenLanes.GreenLanesTest.log - verifyGreenLaneCreation - Clicked on Save and Next button to create the green lane
2026-06-16 18:59:43.263 [main] INFO  testCases.greenLanes.GreenLanesTest.log - verifyGreenLaneCreation - Page scrolled up
2026-06-16 19:03:27.504 [main] ERROR testCases.greenLanes.GreenLanesTest.verifyGreenLaneCreation - Test failed due to exception: 
org.openqa.selenium.ElementClickInterceptedException: element click intercepted: Element <svg xmlns="http://www.w3.org/2000/svg" width="20" height="20" viewBox="0 0 24 24" fill="var(--select-input-icon-color,var(--input-leading-icon-color))" stroke="none" class="motif-icon" role="graphics-document" aria-label="icon" part="icon">...</svg> is not clickable at point (913, 57). Other element would receive the click: <motif-header _ngcontent-ng-c1337062894="" appheadername="Control Tower Portal" appheadertitle="Control Tower Portal" class="ct-header hydrated" app-header-name="Control Tower Portal" app-header-title="Control Tower Portal" search-container-max-width="400" search-max-width-on-overlap="300" search-variant="expansible" search-placeholder="Search">...</motif-header>
  (Session info: chrome=149.0.7827.115)
Build info: version: '4.44.0', revision: 'da2039b'
System info: os.name: 'Windows 11', os.arch: 'amd64', os.version: '10.0', java.version: '22.0.2'
Driver info: org.openqa.selenium.chrome.ChromeDriver
Command: [5e5c8b15ad99476e4a12cee68a25b242, clickElement {id=f.6F98025F89311FA952F6A3A9896CF3DE.d.0D8A6B3DA13EE2187FA6D8CC514B5D9D.e.506}]
Capabilities {acceptInsecureCerts: false, browserName: chrome, browserVersion: 149.0.7827.115, chrome: {chromedriverVersion: 149.0.7827.115 (daf70f9ddee..., userDataDir: C:\Users\LZ172CV\AppData\Lo...}, fedcm:accounts: true, goog:chromeOptions: {debuggerAddress: localhost:55021}, goog:processID: 19860, networkConnectionEnabled: false, pageLoadStrategy: normal, platformName: windows, proxy: Proxy(), se:cdp: ws://localhost:55021/devtoo..., se:cdpVersion: 149.0.7827.115, setWindowRect: true, strictFileInteractability: false, timeouts: {implicit: 0, pageLoad: 300000, script: 30000}, unhandledPromptBehavior: dismiss and notify, webauthn:extension:credBlob: true, webauthn:extension:largeBlob: true, webauthn:extension:minPinLength: true, webauthn:extension:prf: true, webauthn:virtualAuthenticators: true}
Element: [[org.openqa.selenium.remote.ShadowRoot@7f37551d] -> css selector: svg[aria-label='icon']]
Session ID: 5e5c8b15ad99476e4a12cee68a25b242
	at org.openqa.selenium.remote.ErrorCodec.decode(ErrorCodec.java:169)
	at org.openqa.selenium.remote.codec.w3c.W3CHttpResponseCodec.decode(W3CHttpResponseCodec.java:143)
	at org.openqa.selenium.remote.codec.w3c.W3CHttpResponseCodec.decode(W3CHttpResponseCodec.java:50)
	at org.openqa.selenium.remote.HttpCommandExecutor.execute(HttpCommandExecutor.java:224)
	at org.openqa.selenium.remote.service.DriverCommandExecutor.invokeExecute(DriverCommandExecutor.java:217)
	at org.openqa.selenium.remote.service.DriverCommandExecutor.execute(DriverCommandExecutor.java:175)
	at org.openqa.selenium.remote.RemoteWebDriver.execute(RemoteWebDriver.java:600)
	at org.openqa.selenium.remote.RemoteWebElement.execute(RemoteWebElement.java:225)
	at org.openqa.selenium.remote.RemoteWebElement.click(RemoteWebElement.java:79)
	at pageObjects.greenLanes.GreenLanesPage.selectDataType(GreenLanesPage.java:233)
	at testCases.greenLanes.GreenLanesTest.verifyGreenLaneCreation(GreenLanesTest.java:64)
	at java.base/jdk.internal.reflect.DirectMethodHandleAccessor.invoke(DirectMethodHandleAccessor.java:103)
	at java.base/java.lang.reflect.Method.invoke(Method.java:580)
	at org.testng.internal.invokers.MethodInvocationHelper.invokeMethod(MethodInvocationHelper.java:141)
	at org.testng.internal.invokers.TestInvoker.invokeMethod(TestInvoker.java:686)
	at org.testng.internal.invokers.TestInvoker.invokeTestMethod(TestInvoker.java:230)
	at org.testng.internal.invokers.MethodRunner.runInSequence(MethodRunner.java:63)
	at org.testng.internal.invokers.TestInvoker$MethodInvocationAgent.invoke(TestInvoker.java:992)
	at org.testng.internal.invokers.TestInvoker.invokeTestMethods(TestInvoker.java:203)
	at org.testng.internal.invokers.TestMethodWorker.invokeTestMethods(TestMethodWorker.java:154)
	at org.testng.internal.invokers.TestMethodWorker.run(TestMethodWorker.java:134)
	at java.base/java.util.ArrayList.forEach(ArrayList.java:1597)
	at org.testng.TestRunner.privateRun(TestRunner.java:739)
	at org.testng.TestRunner.run(TestRunner.java:614)
	at org.testng.SuiteRunner.runTest(SuiteRunner.java:421)
	at org.testng.SuiteRunner.runSequentially(SuiteRunner.java:413)
	at org.testng.SuiteRunner.privateRun(SuiteRunner.java:373)
	at org.testng.SuiteRunner.run(SuiteRunner.java:312)
	at org.testng.SuiteRunnerWorker.runSuite(SuiteRunnerWorker.java:52)
	at org.testng.SuiteRunnerWorker.run(SuiteRunnerWorker.java:95)
	at org.testng.TestNG.runSuitesSequentially(TestNG.java:1274)
	at org.testng.TestNG.runSuitesLocally(TestNG.java:1208)
	at org.testng.TestNG.runSuites(TestNG.java:1112)
	at org.testng.TestNG.run(TestNG.java:1079)
	at com.intellij.rt.testng.IDEARemoteTestNG.run(IDEARemoteTestNG.java:65)
	at com.intellij.rt.testng.RemoteTestNGStarter.main(RemoteTestNGStarter.java:109)
2026-06-16 19:03:36.854 [main] INFO  org.testng.internal.Utils.info - [TestNG] Running:
  C:\Vaibhav\Automation\TDG_HybridFramework\testng-suites\NewTestCasesSuite.xml

2026-06-16 19:03:37.316 [main] INFO  testCases.greenLanes.GreenLanesTest.setup - >>======>>======>> Automation Engineer (SDET)- Vaibhav Chavan <<======<<======<<
2026-06-16 19:03:37.316 [main] INFO  testCases.greenLanes.GreenLanesTest.setup - --test execution started--
2026-06-16 19:03:42.726 [main] INFO  testCases.greenLanes.GreenLanesTest.log - setup - browser opened
2026-06-16 19:03:43.196 [main] INFO  testCases.greenLanes.GreenLanesTest.log - setup - cookies deleted
2026-06-16 19:03:43.364 [main] INFO  testCases.greenLanes.GreenLanesTest.log - setup - browser maximized
2026-06-16 19:03:43.391 [main] INFO  testCases.greenLanes.GreenLanesTest.log - setup - implicit wait applied for 10 seconds
2026-06-16 19:03:48.574 [main] INFO  testCases.greenLanes.GreenLanesTest.log - setup - provided app URL in browser
2026-06-16 19:03:51.229 [main] INFO  testCases.greenLanes.GreenLanesTest.log - setup - provided email
2026-06-16 19:03:51.499 [main] INFO  testCases.greenLanes.GreenLanesTest.log - setup - clicked on log in button
2026-06-16 19:03:53.851 [main] INFO  testCases.greenLanes.GreenLanesTest.log - verifyGreenLaneCreation - Clicked on Green Lanes menu item
2026-06-16 19:03:54.241 [main] INFO  testCases.greenLanes.GreenLanesTest.log - verifyGreenLaneCreation - Clicked on Create Green Lane button
2026-06-16 19:03:54.906 [main] INFO  testCases.greenLanes.GreenLanesTest.log - verifyGreenLaneCreation - Provided name for the new green lane
2026-06-16 19:03:55.166 [main] INFO  testCases.greenLanes.GreenLanesTest.log - verifyGreenLaneCreation - Provided date for the new green lane
2026-06-16 19:04:01.217 [main] INFO  testCases.greenLanes.GreenLanesTest.log - verifyGreenLaneCreation - Selected ownership for the new green lane
2026-06-16 19:04:03.656 [main] INFO  testCases.greenLanes.GreenLanesTest.log - verifyGreenLaneCreation - Selected service line for the new green lane
2026-06-16 19:04:05.901 [main] INFO  testCases.greenLanes.GreenLanesTest.log - verifyGreenLaneCreation - Selected super region for the new green lane
2026-06-16 19:04:08.265 [main] INFO  testCases.greenLanes.GreenLanesTest.log - verifyGreenLaneCreation - Provided description for the new green lane
2026-06-16 19:04:08.558 [main] INFO  testCases.greenLanes.GreenLanesTest.log - verifyGreenLaneCreation - Clicked on Save and Next button to create the green lane
2026-06-16 19:04:35.289 [main] INFO  testCases.greenLanes.GreenLanesTest.log - verifyGreenLaneCreation - Page scrolled up
2026-06-16 19:17:02.994 [main] INFO  testCases.greenLanes.GreenLanesTest.log - verifyGreenLaneCreation - Data type selected
2026-06-16 19:18:30.727 [main] INFO  org.testng.internal.Utils.info - [TestNG] Running:
  C:\Vaibhav\Automation\TDG_HybridFramework\testng-suites\NewTestCasesSuite.xml

2026-06-16 19:18:31.163 [main] INFO  testCases.greenLanes.GreenLanesTest.setup - >>======>>======>> Automation Engineer (SDET)- Vaibhav Chavan <<======<<======<<
2026-06-16 19:18:31.164 [main] INFO  testCases.greenLanes.GreenLanesTest.setup - --test execution started--
2026-06-16 19:18:35.100 [main] INFO  testCases.greenLanes.GreenLanesTest.log - setup - browser opened
2026-06-16 19:18:36.272 [main] INFO  testCases.greenLanes.GreenLanesTest.log - setup - cookies deleted
2026-06-16 19:18:36.340 [main] INFO  testCases.greenLanes.GreenLanesTest.log - setup - browser maximized
2026-06-16 19:18:36.354 [main] INFO  testCases.greenLanes.GreenLanesTest.log - setup - implicit wait applied for 10 seconds
2026-06-16 19:18:37.503 [main] INFO  testCases.greenLanes.GreenLanesTest.log - setup - provided app URL in browser
2026-06-16 19:18:43.193 [main] INFO  testCases.greenLanes.GreenLanesTest.log - setup - provided email
2026-06-16 19:18:43.358 [main] INFO  testCases.greenLanes.GreenLanesTest.log - setup - clicked on log in button
2026-06-16 19:18:45.730 [main] INFO  testCases.greenLanes.GreenLanesTest.log - verifyGreenLaneCreation - Clicked on Green Lanes menu item
2026-06-16 19:18:46.046 [main] INFO  testCases.greenLanes.GreenLanesTest.log - verifyGreenLaneCreation - Clicked on Create Green Lane button
2026-06-16 19:18:47.225 [main] INFO  testCases.greenLanes.GreenLanesTest.log - verifyGreenLaneCreation - Provided name for the new green lane
2026-06-16 19:18:47.427 [main] INFO  testCases.greenLanes.GreenLanesTest.log - verifyGreenLaneCreation - Provided date for the new green lane
2026-06-16 19:18:53.843 [main] INFO  testCases.greenLanes.GreenLanesTest.log - verifyGreenLaneCreation - Selected ownership for the new green lane
2026-06-16 19:18:56.702 [main] INFO  testCases.greenLanes.GreenLanesTest.log - verifyGreenLaneCreation - Selected service line for the new green lane
2026-06-16 19:18:58.964 [main] INFO  testCases.greenLanes.GreenLanesTest.log - verifyGreenLaneCreation - Selected super region for the new green lane
2026-06-16 19:19:01.285 [main] INFO  testCases.greenLanes.GreenLanesTest.log - verifyGreenLaneCreation - Provided description for the new green lane
2026-06-16 19:19:01.391 [main] INFO  testCases.greenLanes.GreenLanesTest.log - verifyGreenLaneCreation - Clicked on Save and Next button to create the green lane
2026-06-16 19:19:01.785 [main] INFO  testCases.greenLanes.GreenLanesTest.log - verifyGreenLaneCreation - Page scrolled up
2026-06-16 19:19:03.981 [main] INFO  testCases.greenLanes.GreenLanesTest.log - verifyGreenLaneCreation - Data type selected
2026-06-16 19:19:06.137 [main] INFO  testCases.greenLanes.GreenLanesTest.log - verifyGreenLaneCreation - Business purpose selected
2026-06-16 19:19:11.380 [main] INFO  testCases.greenLanes.GreenLanesTest.log - verifyGreenLaneCreation - Origin country selected
2026-06-16 19:19:11.391 [main] INFO  testCases.greenLanes.GreenLanesTest.log - verifyGreenLaneCreation - Page scrolled down
2026-06-16 19:19:11.484 [main] INFO  testCases.greenLanes.GreenLanesTest.log - verifyGreenLaneCreation - Clicked on Save and Next button to save Scope and Purpose details
2026-06-16 19:19:24.022 [main] ERROR testCases.greenLanes.GreenLanesTest.verifyGreenLaneCreation - Test failed due to exception: 
org.openqa.selenium.NoSuchElementException: no such element: Unable to locate element: {"method":"css selector","selector":"body > app:nth-child(1) > app-layout:nth-child(2) > div:nth-child(2) > div:nth-child(2) > app-new-greenlane:nth-child(2) > div:nth-child(2) > div:nth-child(2) > motif-card:nth-child(2) > app-step-control-domain-controls:nth-child(1) > div:nth-child(1) > motif-card:nth-child(1) > div:nth-child(3) > div:nth-child(2) > motif-accordion:nth-child(2) > motif-accordion-item:nth-child(1) > motif-accordion-content:nth-child(2) > div:nth-child(1) > div:nth-child(1) > motif-truncate:nth-child(2)"}
  (Session info: chrome=149.0.7827.115)
For documentation on this error, please visit: https://www.selenium.dev/documentation/webdriver/troubleshooting/errors#nosuchelementexception
Build info: version: '4.44.0', revision: 'da2039b'
System info: os.name: 'Windows 11', os.arch: 'amd64', os.version: '10.0', java.version: '22.0.2'
Driver info: org.openqa.selenium.chrome.ChromeDriver
Command: [1988682dbd031cbbb9b2003fdaa6cbf8, findElement {value=body > app:nth-child(1) > app-layout:nth-child(2) > div:nth-child(2) > div:nth-child(2) > app-new-greenlane:nth-child(2) > div:nth-child(2) > div:nth-child(2) > motif-card:nth-child(2) > app-step-control-domain-controls:nth-child(1) > div:nth-child(1) > motif-card:nth-child(1) > div:nth-child(3) > div:nth-child(2) > motif-accordion:nth-child(2) > motif-accordion-item:nth-child(1) > motif-accordion-content:nth-child(2) > div:nth-child(1) > div:nth-child(1) > motif-truncate:nth-child(2), using=css selector}]
Capabilities {acceptInsecureCerts: false, browserName: chrome, browserVersion: 149.0.7827.115, chrome: {chromedriverVersion: 149.0.7827.115 (daf70f9ddee..., userDataDir: C:\Users\LZ172CV\AppData\Lo...}, fedcm:accounts: true, goog:chromeOptions: {debuggerAddress: localhost:55668}, goog:processID: 27048, networkConnectionEnabled: false, pageLoadStrategy: normal, platformName: windows, proxy: Proxy(), se:cdp: ws://localhost:55668/devtoo..., se:cdpVersion: 149.0.7827.115, setWindowRect: true, strictFileInteractability: false, timeouts: {implicit: 0, pageLoad: 300000, script: 30000}, unhandledPromptBehavior: dismiss and notify, webauthn:extension:credBlob: true, webauthn:extension:largeBlob: true, webauthn:extension:minPinLength: true, webauthn:extension:prf: true, webauthn:virtualAuthenticators: true}
Session ID: 1988682dbd031cbbb9b2003fdaa6cbf8
	at org.openqa.selenium.remote.ErrorCodec.decode(ErrorCodec.java:169)
	at org.openqa.selenium.remote.codec.w3c.W3CHttpResponseCodec.decode(W3CHttpResponseCodec.java:143)
	at org.openqa.selenium.remote.codec.w3c.W3CHttpResponseCodec.decode(W3CHttpResponseCodec.java:50)
	at org.openqa.selenium.remote.HttpCommandExecutor.execute(HttpCommandExecutor.java:224)
	at org.openqa.selenium.remote.service.DriverCommandExecutor.invokeExecute(DriverCommandExecutor.java:217)
	at org.openqa.selenium.remote.service.DriverCommandExecutor.execute(DriverCommandExecutor.java:175)
	at org.openqa.selenium.remote.RemoteWebDriver.execute(RemoteWebDriver.java:600)
	at org.openqa.selenium.remote.ElementLocation$ElementFinder$2.findElement(ElementLocation.java:173)
	at org.openqa.selenium.remote.ElementLocation.findElement(ElementLocation.java:60)
	at org.openqa.selenium.remote.RemoteWebDriver.findElement(RemoteWebDriver.java:421)
	at org.openqa.selenium.remote.RemoteWebDriver.findElement(RemoteWebDriver.java:415)
	at pageObjects.greenLanes.GreenLanesPage.chooseAdditionalControl(GreenLanesPage.java:280)
	at testCases.greenLanes.GreenLanesTest.verifyGreenLaneCreation(GreenLanesTest.java:86)
	at java.base/jdk.internal.reflect.DirectMethodHandleAccessor.invoke(DirectMethodHandleAccessor.java:103)
	at java.base/java.lang.reflect.Method.invoke(Method.java:580)
	at org.testng.internal.invokers.MethodInvocationHelper.invokeMethod(MethodInvocationHelper.java:141)
	at org.testng.internal.invokers.TestInvoker.invokeMethod(TestInvoker.java:686)
	at org.testng.internal.invokers.TestInvoker.invokeTestMethod(TestInvoker.java:230)
	at org.testng.internal.invokers.MethodRunner.runInSequence(MethodRunner.java:63)
	at org.testng.internal.invokers.TestInvoker$MethodInvocationAgent.invoke(TestInvoker.java:992)
	at org.testng.internal.invokers.TestInvoker.invokeTestMethods(TestInvoker.java:203)
	at org.testng.internal.invokers.TestMethodWorker.invokeTestMethods(TestMethodWorker.java:154)
	at org.testng.internal.invokers.TestMethodWorker.run(TestMethodWorker.java:134)
	at java.base/java.util.ArrayList.forEach(ArrayList.java:1597)
	at org.testng.TestRunner.privateRun(TestRunner.java:739)
	at org.testng.TestRunner.run(TestRunner.java:614)
	at org.testng.SuiteRunner.runTest(SuiteRunner.java:421)
	at org.testng.SuiteRunner.runSequentially(SuiteRunner.java:413)
	at org.testng.SuiteRunner.privateRun(SuiteRunner.java:373)
	at org.testng.SuiteRunner.run(SuiteRunner.java:312)
	at org.testng.SuiteRunnerWorker.runSuite(SuiteRunnerWorker.java:52)
	at org.testng.SuiteRunnerWorker.run(SuiteRunnerWorker.java:95)
	at org.testng.TestNG.runSuitesSequentially(TestNG.java:1274)
	at org.testng.TestNG.runSuitesLocally(TestNG.java:1208)
	at org.testng.TestNG.runSuites(TestNG.java:1112)
	at org.testng.TestNG.run(TestNG.java:1079)
	at com.intellij.rt.testng.IDEARemoteTestNG.run(IDEARemoteTestNG.java:65)
	at com.intellij.rt.testng.RemoteTestNGStarter.main(RemoteTestNGStarter.java:109)
2026-06-16 19:19:24.324 [main] INFO  testCases.greenLanes.GreenLanesTest.log - verifyGreenLaneCreation - Clicked on Green Lanes menu item
2026-06-16 19:19:24.601 [main] INFO  testCases.greenLanes.GreenLanesTest.log - verifyGreenLaneCreation - Clicked on Create Green Lane button
2026-06-16 19:19:24.914 [main] INFO  testCases.greenLanes.GreenLanesTest.log - verifyGreenLaneCreation - Provided name for the new green lane
2026-06-16 19:19:25.085 [main] INFO  testCases.greenLanes.GreenLanesTest.log - verifyGreenLaneCreation - Provided date for the new green lane
2026-06-16 19:21:46.954 [main] INFO  org.testng.internal.Utils.info - [TestNG] Running:
  C:\Vaibhav\Automation\TDG_HybridFramework\testng-suites\NewTestCasesSuite.xml

2026-06-16 19:21:47.434 [main] INFO  testCases.greenLanes.GreenLanesTest.setup - >>======>>======>> Automation Engineer (SDET)- Vaibhav Chavan <<======<<======<<
2026-06-16 19:21:47.435 [main] INFO  testCases.greenLanes.GreenLanesTest.setup - --test execution started--
2026-06-16 19:21:51.296 [main] INFO  testCases.greenLanes.GreenLanesTest.log - setup - browser opened
2026-06-16 19:21:52.591 [main] INFO  testCases.greenLanes.GreenLanesTest.log - setup - cookies deleted
2026-06-16 19:21:52.660 [main] INFO  testCases.greenLanes.GreenLanesTest.log - setup - browser maximized
2026-06-16 19:21:52.682 [main] INFO  testCases.greenLanes.GreenLanesTest.log - setup - implicit wait applied for 10 seconds
2026-06-16 19:21:57.266 [main] INFO  testCases.greenLanes.GreenLanesTest.log - setup - provided app URL in browser
2026-06-16 19:21:59.694 [main] INFO  testCases.greenLanes.GreenLanesTest.log - setup - provided email
2026-06-16 19:21:59.865 [main] INFO  testCases.greenLanes.GreenLanesTest.log - setup - clicked on log in button
2026-06-16 19:22:02.199 [main] INFO  testCases.greenLanes.GreenLanesTest.log - verifyGreenLaneCreation - Clicked on Green Lanes menu item
2026-06-16 19:22:02.545 [main] INFO  testCases.greenLanes.GreenLanesTest.log - verifyGreenLaneCreation - Clicked on Create Green Lane button
2026-06-16 19:22:03.518 [main] INFO  testCases.greenLanes.GreenLanesTest.log - verifyGreenLaneCreation - Provided name for the new green lane
2026-06-16 19:22:03.743 [main] INFO  testCases.greenLanes.GreenLanesTest.log - verifyGreenLaneCreation - Provided date for the new green lane
2026-06-16 19:22:09.876 [main] INFO  testCases.greenLanes.GreenLanesTest.log - verifyGreenLaneCreation - Selected ownership for the new green lane
2026-06-16 19:22:12.256 [main] INFO  testCases.greenLanes.GreenLanesTest.log - verifyGreenLaneCreation - Selected service line for the new green lane
2026-06-16 19:22:14.466 [main] INFO  testCases.greenLanes.GreenLanesTest.log - verifyGreenLaneCreation - Selected super region for the new green lane
2026-06-16 19:22:16.709 [main] INFO  testCases.greenLanes.GreenLanesTest.log - verifyGreenLaneCreation - Provided description for the new green lane
2026-06-16 19:22:16.837 [main] INFO  testCases.greenLanes.GreenLanesTest.log - verifyGreenLaneCreation - Clicked on Save and Next button to create the green lane
2026-06-16 19:22:17.231 [main] INFO  testCases.greenLanes.GreenLanesTest.log - verifyGreenLaneCreation - Page scrolled up
2026-06-16 19:22:19.412 [main] INFO  testCases.greenLanes.GreenLanesTest.log - verifyGreenLaneCreation - Data type selected
2026-06-16 19:22:21.574 [main] INFO  testCases.greenLanes.GreenLanesTest.log - verifyGreenLaneCreation - Business purpose selected
2026-06-16 19:22:26.811 [main] INFO  testCases.greenLanes.GreenLanesTest.log - verifyGreenLaneCreation - Origin country selected
2026-06-16 19:22:26.819 [main] INFO  testCases.greenLanes.GreenLanesTest.log - verifyGreenLaneCreation - Page scrolled down
2026-06-16 19:22:26.923 [main] INFO  testCases.greenLanes.GreenLanesTest.log - verifyGreenLaneCreation - Clicked on Save and Next button to save Scope and Purpose details
2026-06-16 19:29:39.408 [main] INFO  org.testng.internal.Utils.info - [TestNG] Running:
  C:\Vaibhav\Automation\TDG_HybridFramework\testng-suites\NewTestCasesSuite.xml

2026-06-16 19:29:39.774 [main] INFO  testCases.greenLanes.GreenLanesTest.setup - >>======>>======>> Automation Engineer (SDET)- Vaibhav Chavan <<======<<======<<
2026-06-16 19:29:39.775 [main] INFO  testCases.greenLanes.GreenLanesTest.setup - --test execution started--
2026-06-16 19:29:44.406 [main] INFO  testCases.greenLanes.GreenLanesTest.log - setup - browser opened
2026-06-16 19:29:44.476 [main] INFO  testCases.greenLanes.GreenLanesTest.log - setup - cookies deleted
2026-06-16 19:29:44.546 [main] INFO  testCases.greenLanes.GreenLanesTest.log - setup - browser maximized
2026-06-16 19:29:44.558 [main] INFO  testCases.greenLanes.GreenLanesTest.log - setup - implicit wait applied for 10 seconds
2026-06-16 19:29:49.837 [main] INFO  testCases.greenLanes.GreenLanesTest.log - setup - provided app URL in browser
2026-06-16 19:29:52.229 [main] INFO  testCases.greenLanes.GreenLanesTest.log - setup - provided email
2026-06-16 19:29:52.390 [main] INFO  testCases.greenLanes.GreenLanesTest.log - setup - clicked on log in button
2026-06-16 19:29:54.725 [main] INFO  testCases.greenLanes.GreenLanesTest.log - verifyGreenLaneCreation - Clicked on Green Lanes menu item
2026-06-16 19:29:55.060 [main] INFO  testCases.greenLanes.GreenLanesTest.log - verifyGreenLaneCreation - Clicked on Create Green Lane button
2026-06-16 19:29:55.656 [main] INFO  testCases.greenLanes.GreenLanesTest.log - verifyGreenLaneCreation - Provided name for the new green lane
2026-06-16 19:29:56.095 [main] INFO  testCases.greenLanes.GreenLanesTest.log - verifyGreenLaneCreation - Provided date for the new green lane
2026-06-16 19:30:02.394 [main] INFO  testCases.greenLanes.GreenLanesTest.log - verifyGreenLaneCreation - Selected ownership for the new green lane
2026-06-16 19:30:05.061 [main] INFO  testCases.greenLanes.GreenLanesTest.log - verifyGreenLaneCreation - Selected service line for the new green lane
2026-06-16 19:30:07.245 [main] INFO  testCases.greenLanes.GreenLanesTest.log - verifyGreenLaneCreation - Selected super region for the new green lane
2026-06-16 19:30:09.565 [main] INFO  testCases.greenLanes.GreenLanesTest.log - verifyGreenLaneCreation - Provided description for the new green lane
2026-06-16 19:30:09.699 [main] INFO  testCases.greenLanes.GreenLanesTest.log - verifyGreenLaneCreation - Clicked on Save and Next button to create the green lane
2026-06-16 19:30:10.086 [main] INFO  testCases.greenLanes.GreenLanesTest.log - verifyGreenLaneCreation - Page scrolled up
2026-06-16 19:30:12.305 [main] INFO  testCases.greenLanes.GreenLanesTest.log - verifyGreenLaneCreation - Data type selected
2026-06-16 19:30:14.459 [main] INFO  testCases.greenLanes.GreenLanesTest.log - verifyGreenLaneCreation - Business purpose selected
2026-06-16 19:30:19.711 [main] INFO  testCases.greenLanes.GreenLanesTest.log - verifyGreenLaneCreation - Origin country selected
2026-06-16 19:30:19.719 [main] INFO  testCases.greenLanes.GreenLanesTest.log - verifyGreenLaneCreation - Page scrolled down
2026-06-16 19:30:19.822 [main] INFO  testCases.greenLanes.GreenLanesTest.log - verifyGreenLaneCreation - Clicked on Save and Next button to save Scope and Purpose details
2026-06-16 19:39:23.502 [main] ERROR testCases.greenLanes.GreenLanesTest.verifyGreenLaneCreation - Test failed due to exception: 
org.openqa.selenium.NoSuchElementException: no such element: Unable to locate element: {"method":"css selector","selector":"body > app:nth-child(1) > app-layout:nth-child(2) > div:nth-child(2) > div:nth-child(2) > app-new-greenlane:nth-child(2) > div:nth-child(2) > div:nth-child(2) > motif-card:nth-child(2) > app-step-control-domain-controls:nth-child(1) > div:nth-child(1) > motif-card:nth-child(1) > div:nth-child(3) > div:nth-child(2) > motif-accordion:nth-child(2) > motif-accordion-item:nth-child(1) > motif-accordion-content:nth-child(2) > div:nth-child(1) > div:nth-child(1) > motif-truncate:nth-child(2)"}
  (Session info: chrome=149.0.7827.115)
For documentation on this error, please visit: https://www.selenium.dev/documentation/webdriver/troubleshooting/errors#nosuchelementexception
Build info: version: '4.44.0', revision: 'da2039b'
System info: os.name: 'Windows 11', os.arch: 'amd64', os.version: '10.0', java.version: '22.0.2'
Driver info: org.openqa.selenium.chrome.ChromeDriver
Command: [52fc20d1d656fb35290ac960d0532dea, findElement {using=css selector, value=body > app:nth-child(1) > app-layout:nth-child(2) > div:nth-child(2) > div:nth-child(2) > app-new-greenlane:nth-child(2) > div:nth-child(2) > div:nth-child(2) > motif-card:nth-child(2) > app-step-control-domain-controls:nth-child(1) > div:nth-child(1) > motif-card:nth-child(1) > div:nth-child(3) > div:nth-child(2) > motif-accordion:nth-child(2) > motif-accordion-item:nth-child(1) > motif-accordion-content:nth-child(2) > div:nth-child(1) > div:nth-child(1) > motif-truncate:nth-child(2)}]
Capabilities {acceptInsecureCerts: false, browserName: chrome, browserVersion: 149.0.7827.115, chrome: {chromedriverVersion: 149.0.7827.115 (daf70f9ddee..., userDataDir: C:\Users\LZ172CV\AppData\Lo...}, fedcm:accounts: true, goog:chromeOptions: {debuggerAddress: localhost:58771}, goog:processID: 26976, networkConnectionEnabled: false, pageLoadStrategy: normal, platformName: windows, proxy: Proxy(), se:cdp: ws://localhost:58771/devtoo..., se:cdpVersion: 149.0.7827.115, setWindowRect: true, strictFileInteractability: false, timeouts: {implicit: 0, pageLoad: 300000, script: 30000}, unhandledPromptBehavior: dismiss and notify, webauthn:extension:credBlob: true, webauthn:extension:largeBlob: true, webauthn:extension:minPinLength: true, webauthn:extension:prf: true, webauthn:virtualAuthenticators: true}
Session ID: 52fc20d1d656fb35290ac960d0532dea
	at org.openqa.selenium.remote.ErrorCodec.decode(ErrorCodec.java:169)
	at org.openqa.selenium.remote.codec.w3c.W3CHttpResponseCodec.decode(W3CHttpResponseCodec.java:143)
	at org.openqa.selenium.remote.codec.w3c.W3CHttpResponseCodec.decode(W3CHttpResponseCodec.java:50)
	at org.openqa.selenium.remote.HttpCommandExecutor.execute(HttpCommandExecutor.java:224)
	at org.openqa.selenium.remote.service.DriverCommandExecutor.invokeExecute(DriverCommandExecutor.java:217)
	at org.openqa.selenium.remote.service.DriverCommandExecutor.execute(DriverCommandExecutor.java:175)
	at org.openqa.selenium.remote.RemoteWebDriver.execute(RemoteWebDriver.java:600)
	at org.openqa.selenium.remote.ElementLocation$ElementFinder$2.findElement(ElementLocation.java:173)
	at org.openqa.selenium.remote.ElementLocation.findElement(ElementLocation.java:60)
	at org.openqa.selenium.remote.RemoteWebDriver.findElement(RemoteWebDriver.java:421)
	at org.openqa.selenium.remote.RemoteWebDriver.findElement(RemoteWebDriver.java:415)
	at pageObjects.greenLanes.GreenLanesPage.chooseAdditionalControl(GreenLanesPage.java:281)
	at testCases.greenLanes.GreenLanesTest.verifyGreenLaneCreation(GreenLanesTest.java:86)
	at java.base/jdk.internal.reflect.DirectMethodHandleAccessor.invoke(DirectMethodHandleAccessor.java:103)
	at java.base/java.lang.reflect.Method.invoke(Method.java:580)
	at org.testng.internal.invokers.MethodInvocationHelper.invokeMethod(MethodInvocationHelper.java:141)
	at org.testng.internal.invokers.TestInvoker.invokeMethod(TestInvoker.java:686)
	at org.testng.internal.invokers.TestInvoker.invokeTestMethod(TestInvoker.java:230)
	at org.testng.internal.invokers.MethodRunner.runInSequence(MethodRunner.java:63)
	at org.testng.internal.invokers.TestInvoker$MethodInvocationAgent.invoke(TestInvoker.java:992)
	at org.testng.internal.invokers.TestInvoker.invokeTestMethods(TestInvoker.java:203)
	at org.testng.internal.invokers.TestMethodWorker.invokeTestMethods(TestMethodWorker.java:154)
	at org.testng.internal.invokers.TestMethodWorker.run(TestMethodWorker.java:134)
	at java.base/java.util.ArrayList.forEach(ArrayList.java:1597)
	at org.testng.TestRunner.privateRun(TestRunner.java:739)
	at org.testng.TestRunner.run(TestRunner.java:614)
	at org.testng.SuiteRunner.runTest(SuiteRunner.java:421)
	at org.testng.SuiteRunner.runSequentially(SuiteRunner.java:413)
	at org.testng.SuiteRunner.privateRun(SuiteRunner.java:373)
	at org.testng.SuiteRunner.run(SuiteRunner.java:312)
	at org.testng.SuiteRunnerWorker.runSuite(SuiteRunnerWorker.java:52)
	at org.testng.SuiteRunnerWorker.run(SuiteRunnerWorker.java:95)
	at org.testng.TestNG.runSuitesSequentially(TestNG.java:1274)
	at org.testng.TestNG.runSuitesLocally(TestNG.java:1208)
	at org.testng.TestNG.runSuites(TestNG.java:1112)
	at org.testng.TestNG.run(TestNG.java:1079)
	at com.intellij.rt.testng.IDEARemoteTestNG.run(IDEARemoteTestNG.java:65)
	at com.intellij.rt.testng.RemoteTestNGStarter.main(RemoteTestNGStarter.java:109)
2026-06-16 19:43:43.696 [main] INFO  org.testng.internal.Utils.info - [TestNG] Running:
  C:\Vaibhav\Automation\TDG_HybridFramework\testng-suites\NewTestCasesSuite.xml

2026-06-16 19:43:44.107 [main] INFO  testCases.greenLanes.GreenLanesTest.setup - >>======>>======>> Automation Engineer (SDET)- Vaibhav Chavan <<======<<======<<
2026-06-16 19:43:44.107 [main] INFO  testCases.greenLanes.GreenLanesTest.setup - --test execution started--
2026-06-16 19:43:47.912 [main] INFO  testCases.greenLanes.GreenLanesTest.log - setup - browser opened
2026-06-16 19:43:48.306 [main] INFO  testCases.greenLanes.GreenLanesTest.log - setup - cookies deleted
2026-06-16 19:43:48.415 [main] INFO  testCases.greenLanes.GreenLanesTest.log - setup - browser maximized
2026-06-16 19:43:48.426 [main] INFO  testCases.greenLanes.GreenLanesTest.log - setup - implicit wait applied for 10 seconds
2026-06-16 19:43:53.378 [main] INFO  testCases.greenLanes.GreenLanesTest.log - setup - provided app URL in browser
2026-06-16 19:43:55.971 [main] INFO  testCases.greenLanes.GreenLanesTest.log - setup - provided email
2026-06-16 19:43:56.227 [main] INFO  testCases.greenLanes.GreenLanesTest.log - setup - clicked on log in button
2026-06-16 19:43:58.656 [main] INFO  testCases.greenLanes.GreenLanesTest.log - verifyGreenLaneCreation - Clicked on Green Lanes menu item
2026-06-16 19:43:59.028 [main] INFO  testCases.greenLanes.GreenLanesTest.log - verifyGreenLaneCreation - Clicked on Create Green Lane button
2026-06-16 19:43:59.787 [main] INFO  testCases.greenLanes.GreenLanesTest.log - verifyGreenLaneCreation - Provided name for the new green lane
2026-06-16 19:44:00.168 [main] INFO  testCases.greenLanes.GreenLanesTest.log - verifyGreenLaneCreation - Provided date for the new green lane
2026-06-16 19:44:06.094 [main] INFO  testCases.greenLanes.GreenLanesTest.log - verifyGreenLaneCreation - Selected ownership for the new green lane
2026-06-16 19:44:09.428 [main] INFO  testCases.greenLanes.GreenLanesTest.log - verifyGreenLaneCreation - Selected service line for the new green lane
2026-06-16 19:44:11.625 [main] INFO  testCases.greenLanes.GreenLanesTest.log - verifyGreenLaneCreation - Selected super region for the new green lane
2026-06-16 19:44:13.929 [main] INFO  testCases.greenLanes.GreenLanesTest.log - verifyGreenLaneCreation - Provided description for the new green lane
2026-06-16 19:44:14.032 [main] INFO  testCases.greenLanes.GreenLanesTest.log - verifyGreenLaneCreation - Clicked on Save and Next button to create the green lane
2026-06-16 19:44:14.384 [main] INFO  testCases.greenLanes.GreenLanesTest.log - verifyGreenLaneCreation - Page scrolled up
2026-06-16 19:44:16.598 [main] INFO  testCases.greenLanes.GreenLanesTest.log - verifyGreenLaneCreation - Data type selected
2026-06-16 19:44:18.755 [main] INFO  testCases.greenLanes.GreenLanesTest.log - verifyGreenLaneCreation - Business purpose selected
2026-06-16 19:44:23.979 [main] INFO  testCases.greenLanes.GreenLanesTest.log - verifyGreenLaneCreation - Origin country selected
2026-06-16 19:44:23.994 [main] INFO  testCases.greenLanes.GreenLanesTest.log - verifyGreenLaneCreation - Page scrolled down
2026-06-16 19:44:24.114 [main] INFO  testCases.greenLanes.GreenLanesTest.log - verifyGreenLaneCreation - Clicked on Save and Next button to save Scope and Purpose details
2026-06-16 19:45:05.309 [main] INFO  testCases.greenLanes.GreenLanesTest.log - verifyGreenLaneCreation - Clicked on Save and Next button to save Control Categories and Controls details
2026-06-16 19:46:19.797 [main] INFO  org.testng.internal.Utils.info - [TestNG] Running:
  C:\Vaibhav\Automation\TDG_HybridFramework\testng-suites\NewTestCasesSuite.xml

2026-06-16 19:46:20.280 [main] INFO  testCases.greenLanes.GreenLanesTest.setup - >>======>>======>> Automation Engineer (SDET)- Vaibhav Chavan <<======<<======<<
2026-06-16 19:46:20.282 [main] INFO  testCases.greenLanes.GreenLanesTest.setup - --test execution started--
2026-06-16 19:46:27.392 [main] INFO  testCases.greenLanes.GreenLanesTest.log - setup - browser opened
2026-06-16 19:46:27.412 [main] INFO  testCases.greenLanes.GreenLanesTest.log - setup - cookies deleted
2026-06-16 19:46:27.467 [main] INFO  testCases.greenLanes.GreenLanesTest.log - setup - browser maximized
2026-06-16 19:46:27.477 [main] INFO  testCases.greenLanes.GreenLanesTest.log - setup - implicit wait applied for 10 seconds
2026-06-16 19:46:28.772 [main] INFO  testCases.greenLanes.GreenLanesTest.log - setup - provided app URL in browser
2026-06-16 19:46:34.689 [main] INFO  testCases.greenLanes.GreenLanesTest.log - setup - provided email
2026-06-16 19:46:34.892 [main] INFO  testCases.greenLanes.GreenLanesTest.log - setup - clicked on log in button
2026-06-16 19:46:37.334 [main] INFO  testCases.greenLanes.GreenLanesTest.log - verifyGreenLaneCreation - Clicked on Green Lanes menu item
2026-06-16 19:46:38.103 [main] INFO  testCases.greenLanes.GreenLanesTest.log - verifyGreenLaneCreation - Clicked on Create Green Lane button
2026-06-16 19:46:39.378 [main] INFO  testCases.greenLanes.GreenLanesTest.log - verifyGreenLaneCreation - Provided name for the new green lane
2026-06-16 19:46:39.892 [main] INFO  testCases.greenLanes.GreenLanesTest.log - verifyGreenLaneCreation - Provided date for the new green lane
2026-06-16 19:46:46.082 [main] INFO  testCases.greenLanes.GreenLanesTest.log - verifyGreenLaneCreation - Selected ownership for the new green lane
2026-06-16 19:46:48.687 [main] INFO  testCases.greenLanes.GreenLanesTest.log - verifyGreenLaneCreation - Selected service line for the new green lane
2026-06-16 19:46:50.970 [main] INFO  testCases.greenLanes.GreenLanesTest.log - verifyGreenLaneCreation - Selected super region for the new green lane
2026-06-16 19:46:53.330 [main] INFO  testCases.greenLanes.GreenLanesTest.log - verifyGreenLaneCreation - Provided description for the new green lane
2026-06-16 19:46:53.481 [main] INFO  testCases.greenLanes.GreenLanesTest.log - verifyGreenLaneCreation - Clicked on Save and Next button to create the green lane
2026-06-16 19:46:53.878 [main] INFO  testCases.greenLanes.GreenLanesTest.log - verifyGreenLaneCreation - Page scrolled up
2026-06-16 19:46:56.159 [main] INFO  testCases.greenLanes.GreenLanesTest.log - verifyGreenLaneCreation - Data type selected
2026-06-16 19:46:58.341 [main] INFO  testCases.greenLanes.GreenLanesTest.log - verifyGreenLaneCreation - Business purpose selected
2026-06-16 19:47:03.597 [main] INFO  testCases.greenLanes.GreenLanesTest.log - verifyGreenLaneCreation - Origin country selected
2026-06-16 19:47:03.606 [main] INFO  testCases.greenLanes.GreenLanesTest.log - verifyGreenLaneCreation - Page scrolled down
2026-06-16 19:47:03.726 [main] INFO  testCases.greenLanes.GreenLanesTest.log - verifyGreenLaneCreation - Clicked on Save and Next button to save Scope and Purpose details
2026-06-16 19:47:51.144 [main] ERROR testCases.greenLanes.GreenLanesTest.verifyGreenLaneCreation - Test failed due to exception: 
org.openqa.selenium.TimeoutException: Expected condition failed: waiting for visibility of element found by By.cssSelector: motif-button[type='button'][class='hydrated'][variant='primary']
(tried for 10 seconds with 500 milliseconds interval)
Build info: version: '4.44.0', revision: 'da2039b'
System info: os.name: 'Windows 11', os.arch: 'amd64', os.version: '10.0', java.version: '22.0.2'
Driver info: org.openqa.selenium.chrome.ChromeDriver
Capabilities {acceptInsecureCerts: false, browserName: chrome, browserVersion: 149.0.7827.115, chrome: {chromedriverVersion: 149.0.7827.115 (daf70f9ddee..., userDataDir: C:\Users\LZ172CV\AppData\Lo...}, fedcm:accounts: true, goog:chromeOptions: {debuggerAddress: localhost:55032}, goog:processID: 14216, networkConnectionEnabled: false, pageLoadStrategy: normal, platformName: windows, proxy: Proxy(), se:cdp: ws://localhost:55032/devtoo..., se:cdpVersion: 149.0.7827.115, setWindowRect: true, strictFileInteractability: false, timeouts: {implicit: 0, pageLoad: 300000, script: 30000}, unhandledPromptBehavior: dismiss and notify, webauthn:extension:credBlob: true, webauthn:extension:largeBlob: true, webauthn:extension:minPinLength: true, webauthn:extension:prf: true, webauthn:virtualAuthenticators: true}
Session ID: ef8667010a1fb29775eb2c73cd5e79b1
	at org.openqa.selenium.support.ui.WebDriverWait.timeoutException(WebDriverWait.java:85)
	at org.openqa.selenium.support.ui.FluentWait.until(FluentWait.java:234)
	at utilities.ShadowDomUtils.clickShadowElementJS(ShadowDomUtils.java:41)
	at base.BasePage.clickSaveAndNext(BasePage.java:422)
	at testCases.greenLanes.GreenLanesTest.verifyGreenLaneCreation(GreenLanesTest.java:89)
	at java.base/jdk.internal.reflect.DirectMethodHandleAccessor.invoke(DirectMethodHandleAccessor.java:103)
	at java.base/java.lang.reflect.Method.invoke(Method.java:580)
	at org.testng.internal.invokers.MethodInvocationHelper.invokeMethod(MethodInvocationHelper.java:141)
	at org.testng.internal.invokers.TestInvoker.invokeMethod(TestInvoker.java:686)
	at org.testng.internal.invokers.TestInvoker.invokeTestMethod(TestInvoker.java:230)
	at org.testng.internal.invokers.MethodRunner.runInSequence(MethodRunner.java:63)
	at org.testng.internal.invokers.TestInvoker$MethodInvocationAgent.invoke(TestInvoker.java:992)
	at org.testng.internal.invokers.TestInvoker.invokeTestMethods(TestInvoker.java:203)
	at org.testng.internal.invokers.TestMethodWorker.invokeTestMethods(TestMethodWorker.java:154)
	at org.testng.internal.invokers.TestMethodWorker.run(TestMethodWorker.java:134)
	at java.base/java.util.ArrayList.forEach(ArrayList.java:1597)
	at org.testng.TestRunner.privateRun(TestRunner.java:739)
	at org.testng.TestRunner.run(TestRunner.java:614)
	at org.testng.SuiteRunner.runTest(SuiteRunner.java:421)
	at org.testng.SuiteRunner.runSequentially(SuiteRunner.java:413)
	at org.testng.SuiteRunner.privateRun(SuiteRunner.java:373)
	at org.testng.SuiteRunner.run(SuiteRunner.java:312)
	at org.testng.SuiteRunnerWorker.runSuite(SuiteRunnerWorker.java:52)
	at org.testng.SuiteRunnerWorker.run(SuiteRunnerWorker.java:95)
	at org.testng.TestNG.runSuitesSequentially(TestNG.java:1274)
	at org.testng.TestNG.runSuitesLocally(TestNG.java:1208)
	at org.testng.TestNG.runSuites(TestNG.java:1112)
	at org.testng.TestNG.run(TestNG.java:1079)
	at com.intellij.rt.testng.IDEARemoteTestNG.run(IDEARemoteTestNG.java:65)
	at com.intellij.rt.testng.RemoteTestNGStarter.main(RemoteTestNGStarter.java:109)
2026-06-16 19:48:02.799 [main] INFO  org.testng.internal.Utils.info - [TestNG] Running:
  C:\Vaibhav\Automation\TDG_HybridFramework\testng-suites\NewTestCasesSuite.xml

2026-06-16 19:48:03.182 [main] INFO  testCases.greenLanes.GreenLanesTest.setup - >>======>>======>> Automation Engineer (SDET)- Vaibhav Chavan <<======<<======<<
2026-06-16 19:48:03.183 [main] INFO  testCases.greenLanes.GreenLanesTest.setup - --test execution started--
2026-06-16 19:48:07.102 [main] INFO  testCases.greenLanes.GreenLanesTest.log - setup - browser opened
2026-06-16 19:48:07.163 [main] INFO  testCases.greenLanes.GreenLanesTest.log - setup - cookies deleted
2026-06-16 19:48:07.280 [main] INFO  testCases.greenLanes.GreenLanesTest.log - setup - browser maximized
2026-06-16 19:48:07.334 [main] INFO  testCases.greenLanes.GreenLanesTest.log - setup - implicit wait applied for 10 seconds
2026-06-16 19:48:12.539 [main] INFO  testCases.greenLanes.GreenLanesTest.log - setup - provided app URL in browser
2026-06-16 19:48:15.073 [main] INFO  testCases.greenLanes.GreenLanesTest.log - setup - provided email
2026-06-16 19:48:15.325 [main] INFO  testCases.greenLanes.GreenLanesTest.log - setup - clicked on log in button
2026-06-16 19:48:17.666 [main] INFO  testCases.greenLanes.GreenLanesTest.log - verifyGreenLaneCreation - Clicked on Green Lanes menu item
2026-06-16 19:48:17.973 [main] INFO  testCases.greenLanes.GreenLanesTest.log - verifyGreenLaneCreation - Clicked on Create Green Lane button
2026-06-16 19:48:18.441 [main] INFO  testCases.greenLanes.GreenLanesTest.log - verifyGreenLaneCreation - Provided name for the new green lane
2026-06-16 19:48:18.601 [main] INFO  testCases.greenLanes.GreenLanesTest.log - verifyGreenLaneCreation - Provided date for the new green lane
2026-06-16 19:48:24.112 [main] INFO  testCases.greenLanes.GreenLanesTest.log - verifyGreenLaneCreation - Selected ownership for the new green lane
2026-06-16 19:48:27.789 [main] INFO  testCases.greenLanes.GreenLanesTest.log - verifyGreenLaneCreation - Selected service line for the new green lane
2026-06-16 19:48:30.004 [main] INFO  testCases.greenLanes.GreenLanesTest.log - verifyGreenLaneCreation - Selected super region for the new green lane
2026-06-16 19:48:32.257 [main] INFO  testCases.greenLanes.GreenLanesTest.log - verifyGreenLaneCreation - Provided description for the new green lane
2026-06-16 19:48:32.353 [main] INFO  testCases.greenLanes.GreenLanesTest.log - verifyGreenLaneCreation - Clicked on Save and Next button to create the green lane
2026-06-16 19:48:32.792 [main] INFO  testCases.greenLanes.GreenLanesTest.log - verifyGreenLaneCreation - Page scrolled up
2026-06-16 19:48:34.999 [main] INFO  testCases.greenLanes.GreenLanesTest.log - verifyGreenLaneCreation - Data type selected
2026-06-16 19:48:37.156 [main] INFO  testCases.greenLanes.GreenLanesTest.log - verifyGreenLaneCreation - Business purpose selected
2026-06-16 19:48:42.400 [main] INFO  testCases.greenLanes.GreenLanesTest.log - verifyGreenLaneCreation - Origin country selected
2026-06-16 19:48:42.408 [main] INFO  testCases.greenLanes.GreenLanesTest.log - verifyGreenLaneCreation - Page scrolled down
2026-06-16 19:48:42.505 [main] INFO  testCases.greenLanes.GreenLanesTest.log - verifyGreenLaneCreation - Clicked on Save and Next button to save Scope and Purpose details
2026-06-18 11:04:22.782 [main] INFO  org.testng.internal.Utils.info - [TestNG] Running:
  D:\1. Projects\_Testing\AutomationTesting\CompanyProjects\Infosys\TDG_HybridFramework\testng-suites\NewTestCasesSuite.xml

2026-06-18 11:04:23.200 [main] INFO  testCases.DataProducts.DataProductsTest.setup - >>======>>======>> Automation Engineer (SDET)- Vaibhav Chavan <<======<<======<<
2026-06-18 11:04:23.201 [main] INFO  testCases.DataProducts.DataProductsTest.setup - --test execution started--
2026-06-18 11:04:32.974 [main] INFO  testCases.DataProducts.DataProductsTest.log - setup - browser opened
2026-06-18 11:04:32.996 [main] INFO  testCases.DataProducts.DataProductsTest.log - setup - cookies deleted
2026-06-18 11:04:33.042 [main] INFO  testCases.DataProducts.DataProductsTest.log - setup - browser maximized
2026-06-18 11:04:33.058 [main] INFO  testCases.DataProducts.DataProductsTest.log - setup - implicit wait applied for 10 seconds
2026-06-18 11:04:33.862 [main] INFO  testCases.DataProducts.DataProductsTest.log - setup - provided app URL in browser
2026-06-18 11:04:43.533 [main] INFO  testCases.DataProducts.DataProductsTest.log - setup - provided email
2026-06-18 11:04:43.743 [main] INFO  testCases.DataProducts.DataProductsTest.log - setup - clicked on log in button
2026-06-18 11:04:46.401 [main] INFO  testCases.DataProducts.DataProductsTest.log - verifyDataProductCreation - Clicked on Data Products menu item
2026-06-18 11:04:46.708 [main] INFO  testCases.DataProducts.DataProductsTest.log - verifyDataProductCreation - Clicked on Create Data Product button
2026-06-18 11:04:49.338 [main] INFO  testCases.DataProducts.DataProductsTest.log - verifyDataProductCreation - Provided name for the new data product: Vaibhav_18-06-26_EDJ259
2026-06-18 11:04:51.629 [main] INFO  testCases.DataProducts.DataProductsTest.log - verifyDataProductCreation - Selected Business Product Manager for the new data product
2026-06-18 11:04:53.888 [main] INFO  testCases.DataProducts.DataProductsTest.log - verifyDataProductCreation - Selected Region for the new data product
2026-06-18 11:04:56.205 [main] INFO  testCases.DataProducts.DataProductsTest.log - verifyDataProductCreation - Selected Data Type for the new data product
2026-06-18 11:04:59.993 [main] INFO  testCases.DataProducts.DataProductsTest.log - verifyDataProductCreation - Provided Business Value Statement for the new data product
2026-06-18 11:05:00.301 [main] INFO  testCases.DataProducts.DataProductsTest.log - verifyDataProductCreation - Clicked on Save and Next button to create the data product
2026-06-18 11:05:02.913 [main] INFO  testCases.DataProducts.DataProductsTest.log - verifyDataProductCreation - Clicked on Save and Next button to save Enabling Data Storage details
2026-06-18 11:05:06.058 [main] INFO  testCases.DataProducts.DataProductsTest.log - verifyDataProductCreation - Selected Green Lane for the new data product
2026-06-18 11:05:08.380 [main] INFO  testCases.DataProducts.DataProductsTest.log - verifyDataProductCreation - Selected Access for the new data product
2026-06-18 11:05:10.817 [main] INFO  testCases.DataProducts.DataProductsTest.log - verifyDataProductCreation - Selected Restricted to Super Region for the new data product
2026-06-18 11:05:13.091 [main] INFO  testCases.DataProducts.DataProductsTest.log - verifyDataProductCreation - Selected Restricted to Service Line for the new data product
2026-06-18 11:05:15.330 [main] INFO  testCases.DataProducts.DataProductsTest.log - verifyDataProductCreation - Selected Restricted to Domain for the new data product
2026-06-18 11:05:17.708 [main] INFO  testCases.DataProducts.DataProductsTest.log - verifyDataProductCreation - Selected Content Jurisdiction for the new data product
2026-06-18 11:05:20.077 [main] INFO  testCases.DataProducts.DataProductsTest.log - verifyDataProductCreation - Selected Storage Jurisdiction for the new data product
2026-06-18 11:05:22.776 [main] INFO  testCases.DataProducts.DataProductsTest.log - verifyDataProductCreation - Selected Permitted Use Cases for the new data product
2026-06-18 11:05:22.939 [main] INFO  testCases.DataProducts.DataProductsTest.log - verifyDataProductCreation - Clicked on Save and Next button to save Enabling Data Product and Governance details
2026-06-18 11:05:27.625 [main] INFO  testCases.DataProducts.DataProductsTest.log - verifyDataProductCreation - Selected Source System for the new data product
2026-06-18 11:05:29.869 [main] INFO  testCases.DataProducts.DataProductsTest.log - verifyDataProductCreation - Selected Source Type per System for the new data product
2026-06-18 11:05:30.024 [main] INFO  testCases.DataProducts.DataProductsTest.log - verifyDataProductCreation - Clicked on Save and Next button to save Data Product Usage details
2026-06-18 11:05:32.142 [main] INFO  testCases.DataProducts.DataProductsTest.log - verifyDataProductCreation - Clicked on Send for Approval button to send the new data product for approval
